transaction_id,user_id,amount,category,timestamp,location,device,is_fraud
a2aa1a11-eba4-4a5f-9251-163792c4ec4f,user_6,116.02,gaming,2025-12-05 23:10:55,DE,mobile,0
fc5b9ae8-c6b3-4051-9464-dcfab9e0b2f4,user_4,201.46,books,2025-12-05 23:10:55,CN,mobile,0
78e22ca7-21d9-4777-a479-4a72e1dcabf8,user_12,416.22,books,2025-12-05 23:10:55,US,mobile,0
5650a9c5-90a9-44aa-ab74-47f07d1d4a87,user_3,1594.67,clothing,2025-12-05 23:10:55,US,tablet,0
d6e44d67-706d-4fd3-bf38-4dbfdbe758ba,user_15,1691.85,books,2025-12-05 23:10:55,FR,mobile,0
265bb391-d431-4fe6-a928-91b1e008352c,user_17,403.72,electronics,2025-12-05 23:10:55,US,mobile,0
e618f045-dd11-4204-911b-0e7b3d93b4f5,user_18,1046.52,clothing,2025-12-05 23:10:55,DE,mobile,0
2ae680e8-8c56-482d-96b1-497ae9c8a6c4,user_16,1550.39,gaming,2025-12-05 23:10:55,US,tablet,0
32a26c46-272c-45b7-a28a-960d33e013ae,user_6,196.95,books,2025-12-05 23:10:55,DE,desktop,0
c8589a13-67af-4c58-a910-d0b9ef7ad58a,user_16,996.81,gaming,2025-12-05 23:10:55,FR,desktop,0
ef69297d-7ac1-493e-a4a2-0c872f92095a,user_18,595.67,clothing,2025-12-05 23:10:55,RU,desktop,0
a9dc826a-376a-4a0c-bb1b-f6d851248825,user_18,394.15,books,2025-12-05 23:10:55,US,desktop,0
49ef3d9e-df46-4018-8618-9bfe2dc8704b,user_4,1069.24,clothing,2025-12-05 23:10:55,US,tablet,0
72dfdf87-6721-4a1e-9b8b-b898dcb6ee66,user_14,1762.63,gaming,2025-12-05 23:10:55,FR,tablet,0
fe4a5c9f-761b-42b4-9a8f-dc2f5cb47cb4,user_2,428.1,electronics,2025-12-05 23:10:55,CN,mobile,0
b401dd22-7444-4bb7-bd26-edfd7ecf9e90,user_17,193.39,clothing,2025-12-05 23:10:55,CN,mobile,0
5f611673-dbc1-4a05-bf12-36b0365bcca2,user_20,1631.23,home,2025-12-05 23:10:55,DE,tablet,0
028f6e43-fc1b-4825-9452-d793fe6a7f94,user_5,585.43,gaming,2025-12-05 23:10:55,FR,tablet,0
64f3fce0-bb11-459b-aeef-6c989fb7e775,user_18,1751.04,home,2025-12-05 23:10:55,RU,mobile,0
7ae4247a-a85a-4060-92a4-760bbef0b9c5,user_13,281.85,gaming,2025-12-05 23:10:55,CN,desktop,0
1cd4c5d0-c9a6-4e28-b868-845c3c0b82e9,user_15,83.46,books,2025-12-05 23:10:55,FR,tablet,0
de165f19-9902-4362-8a35-a6d3a44f7e8a,user_4,1182.1,home,2025-12-05 23:10:55,FR,tablet,0
ce3d9f73-590c-4d33-bedf-f87585e07f0a,user_20,995.5,books,2025-12-05 23:10:55,DE,desktop,0
2450e8a3-c3fd-4728-ab45-b6166c24b70d,user_5,1408.0,books,2025-12-05 23:10:55,FR,desktop,0
72b73472-6a1e-48eb-b862-6ebc02ab352d,user_15,1363.65,gaming,2025-12-05 23:10:55,CN,mobile,0
86eda414-8d63-4aad-bfe9-8c971b4bb242,user_20,1861.96,clothing,2025-12-05 23:10:55,FR,desktop,0
d7ea7003-8d08-42e9-82c8-51c7b36ba1d0,user_16,865.07,clothing,2025-12-05 23:10:55,DE,mobile,0
41a96513-e763-4d71-b1f7-d3db298bb245,user_17,231.49,gaming,2025-12-05 23:10:55,US,mobile,0
176a7078-ebee-43ef-a429-3ce66e667263,user_11,1494.55,electronics,2025-12-05 23:10:55,RU,desktop,1
067904af-7c16-4478-84a7-592c07fe4552,user_9,776.51,electronics,2025-12-05 23:10:55,FR,mobile,0
e389e4ae-3d2a-413e-a1ff-bab03731c1d1,user_3,958.03,clothing,2025-12-05 23:10:55,RU,desktop,0
f07d3116-2b2e-4ca9-a225-5b1940aebce7,user_6,468.95,gaming,2025-12-05 23:10:55,FR,mobile,0
b217e122-3b68-42c8-94fc-9eb8291014a0,user_13,747.17,books,2025-12-05 23:10:55,DE,mobile,0
ec1286fc-d9f6-4810-9565-c8c370eb3f42,user_3,387.14,home,2025-12-05 23:10:55,RU,mobile,0
0f58c7f0-ed44-4a83-a201-b3b6d9eeec37,user_9,1315.77,books,2025-12-05 23:10:55,CN,mobile,0
9b22023a-1933-4579-8ad1-dae7dfe0bf61,user_10,1738.17,home,2025-12-05 23:10:55,FR,desktop,0
7caf73bd-8039-4c5d-aae8-762dea13b224,user_6,11.55,gaming,2025-12-05 23:10:55,RU,desktop,0
b5a07422-ab87-4504-b5df-63fe45d4f066,user_7,1374.9,books,2025-12-05 23:10:55,FR,mobile,0
6184a354-d5ca-4f3c-9d50-9aacac81d9e5,user_7,235.14,gaming,2025-12-05 23:10:55,FR,desktop,0
21881aff-1650-42cd-bf3a-453073c272ae,user_1,1175.99,electronics,2025-12-05 23:10:55,FR,desktop,1
355c9603-8864-4be2-a082-a91ee8c16e96,user_10,1931.59,books,2025-12-05 23:10:55,DE,desktop,0
d1baccae-0d78-4442-97f1-62b57488f493,user_10,1810.34,gaming,2025-12-05 23:10:55,RU,mobile,1
d138195b-81cb-4752-93ba-2366770afe5a,user_15,816.44,electronics,2025-12-05 23:10:55,FR,mobile,0
fd9dd371-83c0-4c23-b7b2-5d365550473c,user_1,1466.05,books,2025-12-05 23:10:55,CN,mobile,0
4b111577-a321-4767-889a-e52a34375027,user_16,1890.57,clothing,2025-12-05 23:10:55,CN,tablet,0
4efcde3d-180a-408b-9d1c-1e89a4972c05,user_11,266.43,books,2025-12-05 23:10:55,CN,mobile,0
6cf27b58-e9b2-4a58-97cb-55ba51367b7b,user_3,1598.11,home,2025-12-05 23:10:55,RU,tablet,0
3a536b33-1191-45a4-92fb-6ad540a35adb,user_2,983.62,electronics,2025-12-05 23:10:55,CN,desktop,0
686f3a39-a912-484f-bc03-90c5718a3db2,user_20,136.94,electronics,2025-12-05 23:10:55,DE,mobile,0
05ae89d0-587f-4add-9e24-354c957de656,user_9,1831.0,gaming,2025-12-05 23:10:55,RU,desktop,0
b8ae9c23-599f-48cb-ba70-bc6722c572da,user_14,1398.7,clothing,2025-12-05 23:10:55,CN,tablet,0
d792ed38-8015-4af2-957d-53585109d220,user_14,19.33,home,2025-12-05 23:10:55,RU,desktop,0
58d9f63e-3df0-4590-af07-3c97ca8256b6,user_7,567.09,books,2025-12-05 23:10:55,RU,mobile,0
9646884c-7d71-46a9-9c07-5c80eab91742,user_2,1132.87,books,2025-12-05 23:10:55,FR,tablet,0
f59fb580-2bf3-417f-b27a-45ed940b99d1,user_1,392.7,home,2025-12-05 23:10:55,DE,mobile,0
1d5fcc59-7143-427f-aaf7-2961e33fa466,user_14,1974.48,books,2025-12-05 23:10:55,DE,mobile,0
4ad32c7f-38d8-41c4-a2d4-f400b14ed128,user_5,1387.4,books,2025-12-05 23:10:55,FR,tablet,0
644db637-c204-4a08-a71c-6394857ae0de,user_20,602.23,books,2025-12-05 23:10:55,FR,tablet,0
7bf3310e-ff4e-44d8-9d49-f0a2944ecf41,user_9,1595.16,clothing,2025-12-05 23:10:55,CN,tablet,0
b4b4747d-4e72-41d4-9cef-ac820846dd11,user_7,1283.96,books,2025-12-05 23:10:55,RU,mobile,0
bddd1647-087b-42ff-8f1d-6e4bde56f44e,user_13,970.05,home,2025-12-05 23:10:55,DE,mobile,0
896392b9-1391-4c1a-93fe-6baa1bf4ee1f,user_15,869.41,electronics,2025-12-05 23:10:55,US,mobile,0
b0ddcd1e-088e-4c16-893c-e3a6fa88c270,user_13,534.42,clothing,2025-12-05 23:10:55,CN,desktop,0
42baa0a5-967c-4ee5-baf6-a1e9924b9091,user_20,862.91,electronics,2025-12-05 23:10:55,FR,mobile,0
7940b5a0-6894-4b51-a6d7-cd370c7cea08,user_12,1454.7,gaming,2025-12-05 23:10:55,RU,mobile,0
2896ab45-aedd-4787-914b-7b80b5e8a813,user_13,1709.23,electronics,2025-12-05 23:10:55,US,desktop,1
f718e6e9-5348-427d-b8ca-93400187d83c,user_4,205.48,books,2025-12-05 23:10:55,RU,mobile,0
d4811a14-71fc-4305-9748-584a37b1c293,user_15,8.3,home,2025-12-05 23:10:55,RU,desktop,0
2459259e-5b6b-42d0-b1ed-77557a4b3ec9,user_20,776.48,books,2025-12-05 23:10:55,RU,mobile,0
a0e18208-cd40-4e44-8615-2de4af521b54,user_13,1607.27,clothing,2025-12-05 23:10:55,RU,desktop,0
134d78fb-9782-4129-ae38-5b58c150034c,user_1,558.95,electronics,2025-12-05 23:10:55,CN,mobile,0
204ccff7-f9ca-4732-b94a-06e3b6ebf506,user_14,931.28,gaming,2025-12-05 23:10:55,FR,mobile,0
3c83d8ca-f409-49e0-a972-7fbb1fa61f88,user_14,1121.99,gaming,2025-12-05 23:10:55,RU,tablet,0
019d99f0-df49-4964-9f13-0c0cd79dbf4c,user_4,713.91,books,2025-12-05 23:10:55,US,tablet,0
1aa0e83a-e3ad-43bc-879e-dfe5565b85c4,user_4,1628.94,books,2025-12-05 23:10:55,FR,mobile,0
a685c54b-ad40-4292-b4c1-12c7e16f108d,user_12,490.79,gaming,2025-12-05 23:10:55,FR,mobile,0
02fc9647-dc38-4461-9f62-2d4551d244dc,user_20,883.41,electronics,2025-12-05 23:10:55,CN,mobile,0
bafdd619-1b39-4366-805a-5a905b348ada,user_3,1283.29,home,2025-12-05 23:10:55,US,tablet,0
66549116-4a8e-460c-afc6-4030a699381b,user_20,77.7,clothing,2025-12-05 23:10:55,CN,mobile,0
ab9330cf-bca6-4ae9-b2a4-c7518882a0f8,user_15,341.43,electronics,2025-12-05 23:10:55,RU,mobile,0
ba5b1fc3-67e3-4715-b437-8df41b49e7df,user_12,884.94,gaming,2025-12-05 23:10:55,RU,mobile,0
268e3b89-654e-46c3-8252-78ba96038a5d,user_12,989.69,electronics,2025-12-05 23:10:55,US,desktop,0
0b1d5fc3-e1ee-4570-b06f-92bfde7d3bfd,user_9,586.65,electronics,2025-12-05 23:10:55,US,mobile,0
f08ef0de-5858-4084-bd94-1fd7b5cd2690,user_12,133.31,home,2025-12-05 23:10:55,FR,tablet,0
2b2a73d1-85a4-43a5-814a-3a7da9ba1541,user_11,464.52,gaming,2025-12-05 23:10:55,CN,mobile,0
ae2c6a5e-9ae8-49d0-8917-4e5ba5defd45,user_17,402.35,electronics,2025-12-05 23:10:55,FR,desktop,0
6a0c8870-ec52-4fe4-aa1d-a6c4b8782a08,user_17,1488.03,electronics,2025-12-05 23:10:55,CN,mobile,1
a66e2f79-ed20-4ec2-b36f-30bd8fe97f73,user_4,1828.92,books,2025-12-05 23:10:55,US,tablet,0
7dbc3de5-eaa5-4cd5-9396-8fbfbe79cae8,user_18,112.98,electronics,2025-12-05 23:10:55,RU,mobile,0
760f5dc0-2987-43b9-84a7-927a494c505e,user_4,1648.7,electronics,2025-12-05 23:10:55,FR,tablet,1
32934bdc-5c6d-4f7e-bd0b-b799215a3b15,user_10,1305.55,electronics,2025-12-05 23:10:55,CN,tablet,1
dc90e719-14c5-4e9e-8436-5b351b9c91d6,user_17,397.7,home,2025-12-05 23:10:55,RU,desktop,0
c268639c-3fc6-4f8d-b884-908c759ffa79,user_16,1277.84,clothing,2025-12-05 23:10:55,DE,tablet,0
4ed826b9-bc82-41c8-9678-fe10cbd1f7e2,user_2,519.16,gaming,2025-12-05 23:10:55,RU,mobile,0
cb8d58bf-08c8-435a-a322-3a4a2aa51e82,user_8,659.15,clothing,2025-12-05 23:10:55,US,tablet,0
82323e36-b0fe-45b4-9070-54240414340e,user_18,398.56,electronics,2025-12-05 23:10:55,CN,mobile,0
dd4f4511-be67-4081-bb65-41de6159aec8,user_7,1064.94,clothing,2025-12-05 23:10:55,US,desktop,0
e0876aab-cacc-49e0-b4ca-d6b2f25444ba,user_10,1390.13,books,2025-12-05 23:10:55,FR,mobile,0
b3af7dfe-a327-4d55-a35e-93005c27d05c,user_20,399.88,electronics,2025-12-05 23:10:55,CN,desktop,0
c440affd-4abd-423b-9185-c8e7d3f1638f,user_10,1571.47,books,2025-12-05 23:10:55,FR,tablet,0
5fbcd544-bf03-4f85-8dc2-90b7fe79cb78,user_20,1088.47,books,2025-12-05 23:10:55,FR,tablet,0
9a877d20-6f9e-41ab-8fff-daa6a71c64ff,user_1,1172.61,electronics,2025-12-05 23:10:55,CN,desktop,1
018b0392-67dd-4132-a769-5cc58eec6ce2,user_7,386.19,home,2025-12-05 23:10:55,RU,tablet,0
ce20bda6-2871-4b35-86e7-2a91000ed9b0,user_11,505.54,home,2025-12-05 23:10:55,DE,desktop,0
24a2f336-49e4-4cee-93e0-a07ea8e370df,user_12,1745.25,books,2025-12-05 23:10:55,DE,tablet,0
a0b57f1d-1eb1-49f1-b033-ef5a9ee5671e,user_10,1404.94,electronics,2025-12-05 23:10:55,DE,mobile,1
378a82f1-2651-4744-9265-4674dcfd4547,user_1,1879.36,electronics,2025-12-05 23:10:55,CN,mobile,1
2cba3291-eb91-49a3-8880-ebe9f4476e26,user_5,1887.14,home,2025-12-05 23:10:55,DE,mobile,0
1538c102-5f07-4ee1-b6c8-151ed451e22a,user_5,1091.81,electronics,2025-12-05 23:10:55,FR,tablet,1
963a7982-a29f-4a88-b18c-f87a042bbc35,user_8,1035.44,electronics,2025-12-05 23:10:55,RU,desktop,1
39d24839-9262-44b6-bb86-ee14d4b340a7,user_4,307.7,gaming,2025-12-05 23:10:55,US,tablet,0
014ea170-4a53-4438-a6e3-a11642ee4c0f,user_15,147.77,electronics,2025-12-05 23:10:55,US,mobile,0
e63c7b47-8d38-4852-9f3f-1c5053c2804f,user_7,360.01,electronics,2025-12-05 23:10:55,FR,tablet,0
b75c17c2-14e8-4bc3-9451-3b99f659c18c,user_20,1664.2,electronics,2025-12-05 23:10:55,RU,tablet,1
8eca4a04-ab02-4eaa-9c11-03d14dc81c54,user_18,360.14,home,2025-12-05 23:10:55,DE,desktop,0
c23de7db-5461-4e49-95a6-d0a870a4145d,user_8,406.16,electronics,2025-12-05 23:10:55,CN,tablet,0
5145e384-ba60-433f-af97-d21993082b4e,user_13,1450.24,electronics,2025-12-05 23:10:55,RU,mobile,1
faccffe8-ed40-4cd8-9177-7c8424e45d09,user_18,564.6,electronics,2025-12-05 23:10:55,CN,mobile,0
7c79f278-c6fa-4254-aeee-61f248357457,user_16,53.92,clothing,2025-12-05 23:10:55,US,mobile,0
817add99-f7e9-4ed3-873d-84501f29cce5,user_16,1278.69,books,2025-12-05 23:10:55,DE,tablet,0
c5376886-947a-42fe-9cf6-c7661957685f,user_10,638.82,gaming,2025-12-05 23:10:55,US,mobile,0
c0759eb5-9b28-49ee-a3a8-dee08b368179,user_12,1995.41,books,2025-12-05 23:10:55,DE,desktop,0
31497173-5d2d-4d19-a855-f23b1d022a4d,user_3,1180.68,clothing,2025-12-05 23:10:55,FR,mobile,0
781ee917-4ed3-4198-a3bc-8119c1d7e98c,user_3,135.66,home,2025-12-05 23:10:55,FR,desktop,0
c1cf276b-640f-4b16-b616-0647caf368d2,user_17,379.26,gaming,2025-12-05 23:10:55,FR,desktop,0
bb5d1073-b4f6-4879-8cf2-5a1f36f3aa6d,user_9,1915.7,electronics,2025-12-05 23:10:55,FR,tablet,1
7e20a489-400b-4d7f-852f-52fddc2f765f,user_20,1666.08,home,2025-12-05 23:10:55,DE,tablet,0
c4ebb922-e3a9-4a7c-a755-f885bffc4ad5,user_3,1845.5,books,2025-12-05 23:10:55,RU,desktop,0
5af847a3-dc54-4b85-82f8-812647318a91,user_14,123.82,home,2025-12-05 23:10:55,DE,mobile,0
89c62e5a-f7f5-45c3-b477-85ea8cd554ef,user_11,5.06,electronics,2025-12-05 23:10:55,RU,tablet,0
53299b4d-1de0-422d-9b95-962e5fce13ee,user_6,1951.0,home,2025-12-05 23:10:55,US,desktop,0
87b451e9-a51a-46a1-a541-ee6ea942f2ce,user_8,1538.54,home,2025-12-05 23:10:55,RU,tablet,0
e29cd5e1-1c49-470f-8463-8e36eb7c9514,user_16,41.22,home,2025-12-05 23:10:55,DE,tablet,0
d38038ab-a42c-4d8a-bff3-256eb91cee8d,user_19,1826.02,books,2025-12-05 23:10:55,DE,tablet,0
693f0f82-ece5-4b98-9062-373fd47dc970,user_17,487.4,books,2025-12-05 23:10:55,FR,tablet,0
833e38c8-9fb1-44d4-ba52-ee573df0b303,user_19,1551.61,books,2025-12-05 23:10:55,CN,tablet,0
dc419619-7849-4cda-9458-adf2465104bf,user_16,389.44,clothing,2025-12-05 23:10:55,RU,tablet,0
26dd62b9-7b89-495c-bc47-2af56b571129,user_3,1280.51,electronics,2025-12-05 23:10:55,DE,tablet,1
3102f962-6969-41c3-935a-81047ab85714,user_10,364.93,electronics,2025-12-05 23:10:55,CN,mobile,0
b0a3c27e-7556-45ea-8e84-56a8e9e74684,user_14,458.23,gaming,2025-12-05 23:10:55,RU,desktop,0
1e09f771-4295-4e8f-8c56-6d7bf5d1ca61,user_16,277.19,books,2025-12-05 23:10:55,US,desktop,0
ca6a8e6e-dbc4-47e6-8490-52f7e7a8de19,user_7,1818.36,books,2025-12-05 23:10:55,RU,tablet,0
b80bbb30-0e8b-4ea6-85b5-61267f61a7b0,user_12,755.84,gaming,2025-12-05 23:10:55,CN,mobile,0
fb6b24d3-0aee-4f02-bf5e-de3bf1a8a9ee,user_14,1763.17,electronics,2025-12-05 23:10:55,US,tablet,1
7bf9a3ec-8cc8-444d-8fe9-5caeb58193d9,user_17,493.03,gaming,2025-12-05 23:10:55,CN,tablet,0
d692479c-721b-42ba-bebe-fd968785bdc6,user_15,1959.8,home,2025-12-05 23:10:55,CN,mobile,0
d5f62d0b-4779-4ef9-af6f-597856b8c1cc,user_18,543.13,books,2025-12-05 23:10:55,DE,tablet,0
e9d771f5-59f0-4ccf-8b89-7c5ce1cb35e5,user_7,1791.14,books,2025-12-05 23:10:55,DE,mobile,0
ddb36af3-e39f-45ae-82d3-e7cc7fbf9d64,user_9,749.42,home,2025-12-05 23:10:55,CN,mobile,0
8528379c-2e3d-4692-8688-e8d2925f3008,user_1,1339.61,clothing,2025-12-05 23:10:55,RU,desktop,0
8425c374-ab12-4a19-86b2-a23f6b823fb5,user_20,11.13,home,2025-12-05 23:10:55,FR,tablet,0
cb49f6e0-a7f3-419d-8784-61af8748baa6,user_19,48.71,books,2025-12-05 23:10:55,DE,mobile,0
dc153f81-a25d-4762-bb27-c774e6562915,user_15,1081.87,books,2025-12-05 23:10:55,FR,tablet,0
d516df59-2bb6-4054-9b37-ccdab760f21a,user_10,213.7,electronics,2025-12-05 23:10:55,US,mobile,0
09cfeade-2c97-4f90-8ca2-db804b321b05,user_6,797.9,books,2025-12-05 23:10:55,RU,tablet,0
8509f953-58ab-4120-ab21-766318f3feff,user_1,897.26,books,2025-12-05 23:10:55,US,mobile,0
a49b5537-6185-4f89-80f3-4183e7fee70f,user_17,1237.23,gaming,2025-12-05 23:10:55,FR,tablet,0
e23ae26e-e8d4-4ab4-bcea-18a13fbad2b5,user_20,469.75,clothing,2025-12-05 23:10:55,RU,mobile,0
e23425fc-a78e-4a31-847a-275752f4b14b,user_5,1734.7,clothing,2025-12-05 23:10:55,DE,mobile,0
60d744e8-3194-4aac-8135-0e3c2712d1f7,user_17,552.68,clothing,2025-12-05 23:10:55,US,tablet,0
01535b8f-eeb2-4061-891e-8b98a7d4a5b9,user_19,1952.26,gaming,2025-12-05 23:10:55,CN,desktop,0
1900af65-73c6-4eee-bc40-a2db70b45ed2,user_11,1972.67,electronics,2025-12-05 23:10:55,US,mobile,1
a16f860d-43bf-42cf-8b63-df7d9a274aeb,user_12,1993.69,clothing,2025-12-05 23:10:55,FR,mobile,0
95f9990c-856c-4148-b1a5-c8be99d3ab65,user_6,1252.46,clothing,2025-12-05 23:10:55,DE,mobile,0
581a1061-e8db-4786-a399-6cb9d7caff73,user_15,1605.46,gaming,2025-12-05 23:10:55,RU,desktop,0
2be071d4-2bec-4bda-975e-80941a45c639,user_15,1088.27,clothing,2025-12-05 23:10:55,DE,mobile,0
dba35eee-d49e-41da-afde-6f203fcf916f,user_7,1756.5,books,2025-12-05 23:10:55,CN,desktop,0
85be4cc9-2cf2-4a70-88a9-43f38a0e7e9d,user_14,804.01,clothing,2025-12-05 23:10:55,RU,tablet,0
81f21828-5858-4f6f-b123-505450467b67,user_14,305.26,books,2025-12-05 23:10:55,DE,tablet,0
59fb05d3-de9e-4b7e-8733-a25dc94c80d1,user_14,1726.85,clothing,2025-12-05 23:10:55,CN,desktop,0
d47cf0b4-6017-46e9-9542-75832358954d,user_5,885.94,gaming,2025-12-05 23:10:55,CN,desktop,0
5e584dd4-b50e-4de3-9bd4-be9d3a64a015,user_7,1447.04,gaming,2025-12-05 23:10:55,DE,tablet,0
86465c32-16c5-4fee-aab4-544cb3a68f06,user_17,689.57,home,2025-12-05 23:10:55,US,desktop,0
03b23d92-f013-4f5a-939a-99d79c7a9727,user_9,336.61,gaming,2025-12-05 23:10:55,FR,tablet,0
c97a094e-1e07-4133-93ea-8fee6a6cd154,user_18,817.03,gaming,2025-12-05 23:10:55,US,tablet,0
b0d2a69b-117a-49b9-8444-30d33bbd6af4,user_19,1034.56,gaming,2025-12-05 23:10:55,DE,desktop,0
829c2acd-f49e-4103-8133-cc05f7ee7631,user_9,999.88,gaming,2025-12-05 23:10:55,US,desktop,0
9fa3b6c8-a24a-4e29-8060-b98e2741557d,user_9,1020.86,clothing,2025-12-05 23:10:55,FR,desktop,0
e5b7fef3-f569-4a15-aa5a-dda08404162e,user_13,1414.96,clothing,2025-12-05 23:10:55,RU,desktop,0
f94e109e-3bcd-42c1-8d3f-faa1910698ab,user_17,1353.26,electronics,2025-12-05 23:10:55,RU,desktop,1
2ad86918-3d2e-47be-a438-ed1d1004e6b0,user_13,962.05,books,2025-12-05 23:10:55,US,mobile,0
9bafa957-e74c-4959-b347-407708d78d47,user_14,1535.34,electronics,2025-12-05 23:10:55,RU,mobile,1
22e492f0-ad52-4b4a-9e7a-201e5297fa4c,user_5,1753.92,electronics,2025-12-05 23:10:55,FR,tablet,1
158a0e0b-86ad-487f-98d0-d1cfff4e1582,user_7,1807.17,electronics,2025-12-05 23:10:55,US,desktop,1
0f3db10a-e52e-42d7-acfa-545f65d28f4c,user_14,134.01,clothing,2025-12-05 23:10:55,RU,mobile,0
b7b2eb8e-3d7f-446d-a4e5-ffb34e8998eb,user_7,711.21,gaming,2025-12-05 23:10:55,RU,tablet,0
f0f9cc46-298c-4584-a10c-9b13c28732d4,user_9,236.11,books,2025-12-05 23:10:55,FR,tablet,0
cb1f8f8a-24f1-477e-be27-31103a379998,user_15,689.64,home,2025-12-05 23:10:55,FR,mobile,0
4ef2a7b5-3019-4226-8a61-e4bf9f1907d7,user_20,1025.18,books,2025-12-05 23:10:55,CN,mobile,0
495e1426-225e-4086-b3fc-2c844ec98f65,user_3,1706.47,electronics,2025-12-05 23:10:55,FR,mobile,1
10b0ed17-ff03-48f9-b31b-3e94125be6aa,user_7,945.93,home,2025-12-05 23:10:55,CN,mobile,0
3953bfda-de06-459b-8c69-048a24128adf,user_5,819.73,clothing,2025-12-05 23:10:55,DE,desktop,0
e20f3f0c-03e3-4b48-ae51-5c182b08d0fc,user_15,1139.74,books,2025-12-05 23:10:55,US,desktop,0
f7da60be-2749-41b5-a953-9b52aef8a552,user_15,1930.21,books,2025-12-05 23:10:55,CN,mobile,0
ea010d03-1628-4a1b-a59a-d2ea43d78044,user_14,798.09,books,2025-12-05 23:10:55,CN,mobile,0
291b327e-80a0-4e01-a9c7-b77f1fcd1953,user_12,508.09,home,2025-12-05 23:10:55,CN,desktop,0
7c2a9848-495e-4f33-af22-3bcf1f497c9c,user_14,1222.8,clothing,2025-12-05 23:10:55,RU,mobile,0
e2224ae7-670e-42ff-b5fd-d8d71e324b5f,user_7,278.47,electronics,2025-12-05 23:10:55,CN,desktop,0
30a6b4d5-8139-4494-9b6c-47bbec7027bc,user_20,1685.03,books,2025-12-05 23:10:55,DE,mobile,0
a97c1587-c2aa-4375-aeb2-3964a706e166,user_18,904.63,electronics,2025-12-05 23:10:55,RU,desktop,0
255e3837-2183-4c5b-81ae-df9c889a1f65,user_10,708.03,home,2025-12-05 23:10:55,CN,desktop,0
2129e463-381e-4e70-82fb-59e24bb6db26,user_7,197.67,electronics,2025-12-05 23:10:55,FR,mobile,0
72ef2dac-d5c5-4621-afd3-96f0645dfcb5,user_11,1387.39,home,2025-12-05 23:10:55,RU,tablet,0
faad6261-9ad8-45fc-811b-3508b5b0ed27,user_2,1994.11,electronics,2025-12-05 23:10:55,CN,desktop,1
b03c2223-cebb-4eb4-939d-a49d1fa21a62,user_2,61.3,home,2025-12-05 23:10:55,FR,desktop,0
1ab509d8-5a50-40aa-9f37-51fb69b691bd,user_8,1125.32,books,2025-12-05 23:10:55,CN,tablet,0
273e09ab-bc7c-4faf-bdfc-f14404f8b95b,user_1,339.68,clothing,2025-12-05 23:10:55,DE,desktop,0
7aa575e4-2b98-479b-b93d-9fa7e4bddda9,user_16,536.54,books,2025-12-05 23:10:55,US,mobile,0
89f951a6-4a5e-41fa-a17a-5d6d7fac944e,user_1,1016.92,gaming,2025-12-05 23:10:55,FR,mobile,0
713eadd9-99d1-44d1-a7c6-c1e9613b505f,user_2,1315.57,clothing,2025-12-05 23:10:55,DE,tablet,0
3def5c5f-f106-4a5d-9030-9e2bddb56b24,user_12,1796.03,books,2025-12-05 23:10:55,FR,desktop,0
066472aa-9bc1-447a-9c48-d7fc7fee5e54,user_6,1109.57,gaming,2025-12-05 23:10:55,FR,mobile,0
a9e34193-d15b-49c7-8dc2-f2f0a6c75ded,user_8,1079.08,books,2025-12-05 23:10:55,CN,tablet,0
6f868619-249f-4425-a245-7def1640d1b1,user_6,1932.62,clothing,2025-12-05 23:10:55,FR,mobile,0
60cc53bb-5ee6-416d-9c9f-dd2590ecefb1,user_12,547.33,electronics,2025-12-05 23:10:55,FR,tablet,0
4f747f1c-bcd0-48cf-91c0-4bf1539afadf,user_14,349.2,clothing,2025-12-05 23:10:55,US,mobile,0
698fa9e3-20eb-433f-af0e-7712f19a68cc,user_1,1024.44,home,2025-12-05 23:10:55,RU,desktop,0
abb7ed4f-0c3b-49f5-9312-6a8195d02a05,user_6,1123.69,electronics,2025-12-05 23:10:55,FR,mobile,1
3a5d6e50-7090-4879-afb4-72b587aa0ccf,user_1,182.18,books,2025-12-05 23:10:55,CN,mobile,0
be36ddb5-e973-47e6-b71f-adeb37310653,user_18,1355.25,clothing,2025-12-05 23:10:55,RU,mobile,0
4a52fe46-282d-4c1d-a491-33dda5cb40cf,user_15,1883.31,books,2025-12-05 23:10:55,RU,desktop,0
fdf54107-cb36-47ca-ab42-d24c6de5d983,user_18,14.35,electronics,2025-12-05 23:10:55,US,desktop,0
e0bdd7bc-c8d8-4a15-8502-6320b3bd999e,user_1,42.21,home,2025-12-05 23:10:55,RU,tablet,0
54ca0423-91ac-42bb-985b-258efe08ee41,user_3,848.0,clothing,2025-12-05 23:10:55,RU,mobile,0
f45cf526-a4e0-4619-ac8e-a39a1554dbbe,user_12,1780.77,clothing,2025-12-05 23:10:55,FR,desktop,0
dd5b2897-ef66-49bf-91af-1492c1ab8c3f,user_1,459.85,gaming,2025-12-05 23:10:55,CN,tablet,0
bb1cbcc2-4652-4458-832b-c30d483b2cfa,user_14,405.74,clothing,2025-12-05 23:10:55,DE,mobile,0
f17cf1b2-60a0-48dd-85d0-04f3ece928f6,user_4,1404.51,home,2025-12-05 23:10:55,CN,tablet,0
2b25fed9-1aaf-4e0d-a95b-030002343d57,user_10,1588.2,electronics,2025-12-05 23:10:55,RU,tablet,1
dbf6b77e-1a92-4d7a-a86c-370fde1c07ff,user_16,822.61,gaming,2025-12-05 23:10:55,CN,desktop,0
d40ba208-1ee2-40ea-bc28-d76e0498cc85,user_4,1208.54,gaming,2025-12-05 23:10:55,US,desktop,0
6e31f2ff-5f98-41c2-a086-36a0a4c86854,user_12,621.66,clothing,2025-12-05 23:10:55,RU,tablet,0
57c43c1d-87e2-460d-9666-b8ea86ff8535,user_16,1276.57,home,2025-12-05 23:10:55,CN,tablet,0
8a7a08a6-62e6-46fd-b3e8-c17126d89164,user_4,1032.25,gaming,2025-12-05 23:10:55,DE,mobile,0
c4772ed6-0ca6-4d64-9bba-426de9d93d62,user_6,767.1,clothing,2025-12-05 23:10:55,CN,desktop,0
0826b350-4ef5-4251-a305-301453661563,user_4,1806.97,clothing,2025-12-05 23:10:55,CN,desktop,0
77a838f7-d739-48a8-9382-40d0967da23b,user_7,99.97,clothing,2025-12-05 23:10:55,CN,tablet,0
ad73dc1a-38d1-4f05-abb2-45d4fbf26b2b,user_19,829.85,clothing,2025-12-05 23:10:55,US,mobile,0
5cf5981e-90e3-471b-919c-40c9a9df1e3b,user_20,1973.56,gaming,2025-12-05 23:10:55,CN,desktop,0
cb5255fd-0d48-451e-82ac-bf90fc9c514d,user_9,1111.61,gaming,2025-12-05 23:10:55,FR,desktop,0
9cb0acf1-1f1b-423b-880b-64c087a1fec2,user_12,1999.94,gaming,2025-12-05 23:10:55,FR,tablet,0
872e2384-d21d-43b1-9cc8-fc8faec4a223,user_15,979.07,home,2025-12-05 23:10:55,CN,tablet,0
300de0ac-aae8-4503-a289-b42a22acd68f,user_17,1312.79,home,2025-12-05 23:10:55,RU,desktop,0
df817cd0-bba7-4deb-9bb2-4c2f0168a91f,user_13,1013.43,clothing,2025-12-05 23:10:55,US,mobile,0
ea5ff8b8-38ff-4468-b349-7282b1935ec7,user_4,1313.97,electronics,2025-12-05 23:10:55,US,desktop,1
ed9afb1c-7ee7-415c-bad3-d1a81a45e7b7,user_20,821.01,books,2025-12-05 23:10:55,FR,tablet,0
c8f93cf9-2419-4751-947d-fcd702774d93,user_1,583.42,home,2025-12-05 23:10:55,US,mobile,0
5a5b697d-3542-44e4-8728-366a59b902ee,user_12,1764.39,electronics,2025-12-05 23:10:55,RU,mobile,1
c7b74d9e-6672-42fa-81e6-b784482bdebe,user_12,1594.02,home,2025-12-05 23:10:55,US,desktop,0
03c132ba-031d-4e8e-ae66-9f1cbafa9bae,user_17,725.03,electronics,2025-12-05 23:10:55,CN,desktop,0
06d18503-5f87-485c-89f8-a5de8c98ab4c,user_16,828.23,clothing,2025-12-05 23:10:55,DE,desktop,0
7e15e91a-2a46-4227-83aa-3eaeea3c05dc,user_2,1372.44,books,2025-12-05 23:10:55,FR,mobile,0
6d54162c-e2df-4ea1-9139-bff8a88e1a36,user_18,1762.0,gaming,2025-12-05 23:10:55,CN,desktop,0
bc18e09d-7215-4a8d-87b6-9280afcc3dcc,user_2,597.99,home,2025-12-05 23:10:55,US,mobile,0
2d9127e4-9bdd-4764-b493-989a5b6bac19,user_9,1116.78,electronics,2025-12-05 23:10:55,FR,tablet,1
b53a72d9-bd2d-4d32-afd0-3f3ac42eeecb,user_16,38.33,home,2025-12-05 23:10:55,CN,mobile,0
8aa19fe7-8ca0-42fc-98a5-7168056042fd,user_1,1686.81,home,2025-12-05 23:10:55,FR,desktop,0
0aafbe64-5de7-4d3f-9f51-a61e6bca7fe4,user_6,1800.92,gaming,2025-12-05 23:10:55,RU,desktop,0
0503ff58-9e97-4ea1-ad8e-ee944747d9ed,user_14,917.36,clothing,2025-12-05 23:10:55,FR,mobile,0
563801f4-b156-40b5-8aa2-7f7eed16cce8,user_1,231.18,home,2025-12-05 23:10:55,FR,tablet,0
779fc843-580d-4d65-9190-47be70339743,user_19,1607.01,clothing,2025-12-05 23:10:55,DE,mobile,0
b38762d0-9c7a-421c-ae55-828a17653b44,user_8,838.94,gaming,2025-12-05 23:10:55,FR,mobile,0
0d16af9d-3599-46a0-a612-f1f8f9c52203,user_10,1705.77,home,2025-12-05 23:10:55,FR,desktop,0
bcad200a-eb42-4bd5-b129-50c4611ab0a3,user_8,1252.05,gaming,2025-12-05 23:10:55,DE,desktop,0
605a7d43-e7d0-4802-a402-dfb4224c938e,user_14,1027.45,home,2025-12-05 23:10:55,CN,desktop,0
6361ba2b-7901-4eaf-8b03-f6e923317967,user_18,1610.87,home,2025-12-05 23:10:55,FR,desktop,0
f8fd2a46-49b1-404a-953d-d8b9acb40133,user_19,190.48,books,2025-12-05 23:10:55,FR,desktop,0
315c621a-755b-4487-b851-4f7965641e6d,user_11,1276.78,clothing,2025-12-05 23:10:55,US,tablet,0
f0f2c783-fc06-4c85-baa6-2ea382cb0c23,user_8,47.97,gaming,2025-12-05 23:10:55,DE,desktop,0
87253322-fa2c-4b06-9903-dbe12df002a5,user_20,1398.76,books,2025-12-05 23:10:55,US,mobile,0
838f204b-f2d8-4c59-9a63-abde6dcd71d2,user_5,1948.16,gaming,2025-12-05 23:10:55,US,tablet,0
1e3c9982-dbc6-4961-948b-deb72c472d01,user_4,1413.51,home,2025-12-05 23:10:55,US,desktop,0
f25101bb-07fb-4be6-8de5-bccf73e010a5,user_9,145.0,gaming,2025-12-05 23:10:55,CN,tablet,0
dff0a180-d8f1-45fc-b3f2-4c4abb76d56f,user_13,326.25,books,2025-12-05 23:10:55,RU,mobile,0
7f6496d0-2146-43e4-a0a5-ac8f01300191,user_13,1593.41,clothing,2025-12-05 23:10:55,FR,desktop,0
4661f5e9-a039-4e99-bcbc-97c5665e6dce,user_18,577.27,clothing,2025-12-05 23:10:55,CN,tablet,0
8e393aba-41f7-4b0a-b425-3720a1a9968f,user_20,233.5,gaming,2025-12-05 23:10:55,US,desktop,0
5b0f76e9-79b7-4d39-811b-42c0cadd27f0,user_13,79.46,home,2025-12-05 23:10:55,RU,mobile,0
e1ced0ff-380c-4cad-9a0e-b4388cabbe86,user_14,5.78,electronics,2025-12-05 23:10:55,US,desktop,0
19419616-e790-4ea5-a375-51c62913b24a,user_20,1540.43,gaming,2025-12-05 23:10:55,CN,tablet,0
628c19f3-afaf-41be-9c50-f00540e5a5f0,user_10,1936.47,electronics,2025-12-05 23:10:55,US,mobile,1
3cc932e0-070e-450a-90ee-142b65a9c96d,user_15,176.54,gaming,2025-12-05 23:10:55,FR,mobile,0
fbd8fa79-785e-41d9-912b-7a10b2f83424,user_12,951.23,gaming,2025-12-05 23:10:55,DE,tablet,0
277b2341-2b98-4136-87d6-20afd6df5d0a,user_19,1488.58,books,2025-12-05 23:10:55,DE,mobile,0
9a886d29-4ca5-4f25-922e-1f21fac43472,user_18,183.82,electronics,2025-12-05 23:10:55,FR,desktop,0
e87afe07-bec6-420b-854e-f110d6c60cb4,user_11,1385.63,electronics,2025-12-05 23:10:55,RU,desktop,1
0c6642d0-e1b7-4076-a709-e6f3b72ae5bb,user_5,544.46,clothing,2025-12-05 23:10:55,CN,desktop,0
402a4f50-6a44-4b44-84c2-27410bb3304a,user_15,300.51,home,2025-12-05 23:10:55,US,mobile,0
8fe9f442-99f7-4772-891b-2c13c03b9b46,user_7,929.25,clothing,2025-12-05 23:10:55,RU,desktop,0
f78b4bab-9c0c-495b-9bf7-5e3064d6579d,user_10,1653.59,clothing,2025-12-05 23:10:55,DE,tablet,0
db952cdd-7815-4eb2-8b3f-3c84cbb1a1fd,user_9,1730.28,gaming,2025-12-05 23:10:55,RU,tablet,0
fb401a31-4044-4895-82b2-62bb913ef245,user_16,239.23,home,2025-12-05 23:10:55,US,mobile,0
ba1c3e34-53b5-4194-9d36-60df016bac99,user_19,1641.14,gaming,2025-12-05 23:10:55,FR,tablet,0
de367635-c632-4cfe-974f-e32d6a9f8127,user_10,1202.93,home,2025-12-05 23:10:55,DE,tablet,0
35b307d5-0a79-4519-992a-e0276ac40e49,user_9,1137.91,books,2025-12-05 23:10:55,DE,desktop,0
2ce6dc7c-cfc8-4933-a786-774740187f7d,user_10,25.26,electronics,2025-12-05 23:10:55,DE,mobile,0
899d15d5-a698-413c-a01d-718370ba492a,user_12,594.31,home,2025-12-05 23:10:55,US,desktop,0
fbe15e8a-19cd-4c27-8f92-9c555ddd54c4,user_5,1059.78,electronics,2025-12-05 23:10:55,DE,desktop,1
76a31d10-87af-4dc9-90f4-8a833ada30e3,user_14,1123.69,home,2025-12-05 23:10:55,FR,mobile,0
06668292-03f0-4c12-8969-1816c96bdc32,user_10,58.59,gaming,2025-12-05 23:10:55,US,mobile,0
f5387c8a-5d14-4066-bc4b-b92e8fc72d55,user_19,1908.75,home,2025-12-05 23:10:55,RU,mobile,0
c03f3f2b-7f99-4ff8-8d47-1c33052bb68e,user_9,470.99,gaming,2025-12-05 23:10:55,DE,desktop,0
94b8f393-079d-4964-ac11-7c4c9e54e349,user_5,1918.28,home,2025-12-05 23:10:55,DE,tablet,0
fc0a2aa7-7905-4f66-9a4f-e55457fe6452,user_17,1882.1,electronics,2025-12-05 23:10:55,FR,mobile,1
4952ec7a-3171-410f-97db-37e7a5db3cd1,user_18,759.27,books,2025-12-05 23:10:55,RU,desktop,0
85f6701a-2159-4125-b549-ec3e0ac2e5c3,user_20,653.31,clothing,2025-12-05 23:10:55,US,mobile,0
5cf6bfd8-1d4a-4a52-b46b-c497e852d12d,user_16,1023.48,home,2025-12-05 23:10:55,DE,tablet,0
d8a3f465-7b92-4e4e-aa3d-45fb19668848,user_17,456.18,electronics,2025-12-05 23:10:55,FR,mobile,0
6549af74-0e3c-4795-af38-1da0343c6f0f,user_20,931.98,gaming,2025-12-05 23:10:55,RU,mobile,0
3a0c5b05-a651-437e-8a67-5d8b592cb513,user_9,1219.79,books,2025-12-05 23:10:55,US,mobile,0
7b52353e-056c-496e-a04c-c846983fbd08,user_8,685.53,electronics,2025-12-05 23:10:55,FR,desktop,0
f2bbff67-158b-470a-afa8-01b8d882e37c,user_14,1913.46,home,2025-12-05 23:10:55,RU,tablet,0
10e76a4a-fab1-47ef-b535-a0edcff915db,user_5,923.34,books,2025-12-05 23:10:55,DE,desktop,0
1a0b0060-2303-444e-b066-55e6bacf93eb,user_17,1908.57,electronics,2025-12-05 23:10:55,CN,mobile,1
34915066-e2da-4a80-83cf-ee4ca093f36e,user_9,1122.07,gaming,2025-12-05 23:10:55,RU,mobile,0
5fec8c6c-dbd3-446a-a9d4-c4267986ffc8,user_18,101.18,books,2025-12-05 23:10:55,RU,mobile,0
7c117f48-443b-43d8-80c4-d4e2dcdb638f,user_19,1634.6,clothing,2025-12-05 23:10:55,CN,tablet,0
7c335258-b6fd-49e8-b9ac-4b6857150721,user_11,383.03,gaming,2025-12-05 23:10:55,US,mobile,0
8b4b97ad-5098-4ab2-af75-27ab5bd52e56,user_19,1350.7,gaming,2025-12-05 23:10:55,US,mobile,0
edee09c3-f95d-40cc-af6a-f02269f9b5a5,user_7,1142.19,books,2025-12-05 23:10:55,CN,tablet,0
b3401cd2-1f4a-47a7-b8e1-d1a8275ddd68,user_17,1515.06,gaming,2025-12-05 23:10:55,FR,tablet,0
18d9dbf9-8051-49c2-af5c-fa8409bb8509,user_9,1016.69,electronics,2025-12-05 23:10:55,CN,mobile,1
8fdeda99-74bf-41ad-80cc-259eb03640d7,user_11,773.62,books,2025-12-05 23:10:55,CN,tablet,0
19d33dd3-55e7-4ae9-921d-95b701c8e010,user_13,104.16,electronics,2025-12-05 23:10:55,DE,desktop,0
f160a1a7-a613-4836-aad8-944ae80c575b,user_15,1716.51,electronics,2025-12-05 23:10:55,US,desktop,1
dfa62f5f-d9c8-4960-a228-c77648bea7b3,user_14,204.58,clothing,2025-12-05 23:10:55,RU,desktop,0
a7f13aa1-119c-4a3d-bcf9-84adf8702f0a,user_16,163.5,electronics,2025-12-05 23:10:55,DE,tablet,0
0e94bb11-122d-4b53-8153-0df70955783f,user_15,27.44,electronics,2025-12-05 23:10:55,CN,mobile,0
2f3aeee5-fdb4-46b4-8102-7741e1852a97,user_6,1534.0,electronics,2025-12-05 23:10:55,FR,desktop,1
bbf77db6-120e-4599-b617-95d8035ab2a6,user_16,512.71,electronics,2025-12-05 23:10:55,DE,desktop,0
76719720-de66-4c53-acd9-514eadadba5b,user_16,1548.4,electronics,2025-12-05 23:10:55,CN,tablet,1
923d4e7d-285e-4434-aa40-e99d22f154f7,user_9,1100.78,gaming,2025-12-05 23:10:55,FR,tablet,0
dd3d3a7a-19d0-4c03-a9bb-4014582dabdc,user_18,1501.67,clothing,2025-12-05 23:10:55,FR,mobile,0
26c2369d-41f4-437f-ad18-059c749c817e,user_10,733.79,gaming,2025-12-05 23:10:55,DE,tablet,0
b9e65b3f-bf51-40b3-984a-8cac414be4ff,user_7,1142.23,home,2025-12-05 23:10:55,FR,desktop,0
2bc5d0b9-84b1-4d58-aed4-042681987568,user_12,1126.53,books,2025-12-05 23:10:55,DE,tablet,0
3de93a60-f25b-46dc-b72e-c57ff4c52dda,user_2,751.95,home,2025-12-05 23:10:55,CN,tablet,0
cc885ffe-3bea-4bcf-b149-236beec10902,user_20,1100.07,books,2025-12-05 23:10:55,CN,mobile,0
73405f7d-6979-4ed0-b755-d4a38c1bc72d,user_16,332.42,home,2025-12-05 23:10:55,CN,mobile,0
3057c41e-4b7a-40ac-858e-b73e63ed105d,user_7,789.39,clothing,2025-12-05 23:10:55,FR,tablet,0
27b224f4-485c-4dc1-95f0-dd85fa1c5d7d,user_9,1196.12,books,2025-12-05 23:10:55,CN,desktop,0
b4985e93-6f0e-4276-bf89-6a7d9c72e3d0,user_14,1919.77,electronics,2025-12-05 23:10:55,FR,tablet,1
9d723aa7-5f2a-449f-835b-33fcbba38378,user_14,1026.04,gaming,2025-12-05 23:10:55,DE,desktop,0
af54e4cb-b978-410a-9cba-3976ac0dd18f,user_5,538.3,electronics,2025-12-05 23:10:55,FR,mobile,0
f71b84a7-7b13-41b4-96f6-cc3a2bb475c9,user_3,884.48,gaming,2025-12-05 23:10:55,US,mobile,0
e17bde7d-77ec-4173-8f23-f0ede5d30b1f,user_1,1037.21,books,2025-12-05 23:10:55,US,tablet,0
c48c8ac9-b883-4eb6-9aa1-10117f7a1313,user_12,1710.03,electronics,2025-12-05 23:10:55,US,desktop,1
20f72b30-acff-4dbe-9d83-73f7c8d61f84,user_20,148.93,electronics,2025-12-05 23:10:55,US,desktop,0
869eeb38-afbf-4ea4-9b13-3954896d6d28,user_15,1596.34,electronics,2025-12-05 23:10:55,US,desktop,1
6a18c8b3-7adf-4342-ba83-80a26d0c61f8,user_11,1723.15,gaming,2025-12-05 23:10:55,CN,mobile,1
8c481ada-e84d-4db9-8158-5b252f9f9526,user_4,290.25,electronics,2025-12-05 23:10:55,US,desktop,0
00e82bb4-fc8f-4d0f-9db5-e3249cb1a0b5,user_12,1869.9,clothing,2025-12-05 23:10:55,DE,desktop,0
5fa4f272-1263-4604-ae92-a8bb65a88c47,user_5,1973.41,gaming,2025-12-05 23:10:55,DE,desktop,0
e2a080c6-cc65-4f0a-a9a6-98daf67dfd1e,user_19,1577.65,books,2025-12-05 23:10:55,RU,tablet,0
85756c4b-e495-4119-9884-b2b8f8c52dff,user_15,1025.64,electronics,2025-12-05 23:10:55,CN,desktop,1
eec3cca0-4f7e-451c-86cf-36c762d59063,user_16,1085.59,books,2025-12-05 23:10:55,CN,desktop,0
c6a4e14f-9c82-4df5-8ec0-03d05c0eec0d,user_4,1496.7,books,2025-12-05 23:10:55,DE,tablet,0
05cdf7f1-cb27-4d84-b34a-e85dca3bf58e,user_15,903.92,electronics,2025-12-05 23:10:55,RU,mobile,0
e17af693-f31c-4f0c-8b9c-ca9dab23b5be,user_20,336.08,books,2025-12-05 23:10:55,FR,tablet,0
d265d772-1165-4eb9-8163-d5eeaa2de7fb,user_13,294.04,electronics,2025-12-05 23:10:55,US,mobile,0
7bd12d53-1d86-4053-95e5-1cc314f2c5b2,user_1,308.27,electronics,2025-12-05 23:10:55,US,mobile,0
5a56d603-a15a-4284-adfa-46d7786e1878,user_3,15.11,electronics,2025-12-05 23:10:55,FR,mobile,0
8dcf9d82-5f0f-4df4-8451-a1b21b56d142,user_15,1787.49,books,2025-12-05 23:10:55,FR,tablet,0
979b29a8-8374-4c96-90cc-501c0ef45ef3,user_10,408.63,electronics,2025-12-05 23:10:55,RU,tablet,0
931f8a38-30cc-4156-ab36-4ddffe9918b9,user_6,616.77,gaming,2025-12-05 23:10:55,CN,tablet,0
2d2e36c9-5662-44ca-9830-d5410c6a4a53,user_19,1145.45,gaming,2025-12-05 23:10:55,DE,desktop,0
5fe6c157-8a88-456d-b2e6-1fa9551f90b3,user_11,6.23,books,2025-12-05 23:10:55,CN,desktop,0
004d6953-8ebb-4855-94f0-b4a229a444f3,user_18,206.67,home,2025-12-05 23:10:55,RU,desktop,0
ffe12816-c8fa-4cac-b55d-945a69e2445e,user_17,1530.57,gaming,2025-12-05 23:10:55,RU,mobile,1
22e77650-e202-4af2-a70e-25c834f01e3f,user_3,996.04,gaming,2025-12-05 23:10:55,DE,mobile,0
be78072c-bc91-4881-a427-bb172d511989,user_17,1773.67,home,2025-12-05 23:10:55,RU,mobile,0
ac6dd1b3-1a18-4d66-aa98-a5d2bdd63081,user_5,461.48,home,2025-12-05 23:10:55,FR,mobile,0
1a397ebe-32c1-4a4c-8f3e-467abaf990f2,user_14,89.5,gaming,2025-12-05 23:10:55,RU,tablet,0
01bb86d3-18d9-4996-a847-bffba6e7a4c4,user_1,833.14,electronics,2025-12-05 23:10:55,RU,mobile,0
5d44dda4-11c7-48a6-9832-996ea9ccf5a0,user_18,1600.65,gaming,2025-12-05 23:10:55,DE,mobile,1
5ff989a0-656b-4ec2-b4ad-d3f349397faf,user_15,904.63,clothing,2025-12-05 23:10:55,RU,tablet,0
7db7ce5f-bd3a-4c9d-9bc5-571ad6cd6f5f,user_14,1445.1,books,2025-12-05 23:10:55,US,tablet,0
76b0d0ff-2ade-41fc-a641-076a38b8f2e9,user_2,1537.97,books,2025-12-05 23:10:55,RU,tablet,0
6db9f607-4946-4f1d-ab78-3a6051d45ad8,user_19,1376.02,clothing,2025-12-05 23:10:55,DE,mobile,0
2edb1d91-5958-48b6-8ac2-fc276df563c9,user_18,1821.71,home,2025-12-05 23:10:55,DE,tablet,0
7198efbf-5d5f-4c6a-8242-73f83ba58bd4,user_12,170.25,electronics,2025-12-05 23:10:55,CN,mobile,0
699a0463-f535-433c-bdf5-12f64cc9403d,user_12,804.12,electronics,2025-12-05 23:10:55,US,mobile,0
df713864-8e75-4fba-aa90-6add38b43c22,user_13,1419.61,gaming,2025-12-05 23:10:55,RU,mobile,0
45a99635-44ee-4f7e-a3ff-2efca417107e,user_15,1425.09,books,2025-12-05 23:10:55,FR,tablet,0
523041c4-8bbf-4cfe-8403-c82b9b685849,user_15,1579.21,electronics,2025-12-05 23:10:55,DE,desktop,1
8c5afce2-0650-4cb9-aea5-01e4b8317224,user_19,1660.11,books,2025-12-05 23:10:55,US,mobile,0
4fb05bf0-c026-4626-8501-f297673f3385,user_10,776.05,books,2025-12-05 23:10:55,CN,desktop,0
d0d0aa33-58e9-4db7-b1cb-101923ac5e57,user_11,718.99,electronics,2025-12-05 23:10:55,US,desktop,0
dee663df-df6c-4719-a571-1ebf7d52a53d,user_14,340.21,home,2025-12-05 23:10:55,FR,mobile,0
65a988e7-4d49-4a32-888a-b8230f6d59f9,user_20,40.6,electronics,2025-12-05 23:10:55,US,mobile,0
bbbe5ad3-5822-45f6-a837-41f4b30850c9,user_4,962.95,clothing,2025-12-05 23:10:55,FR,desktop,0
18357fa4-100a-4eea-80eb-a051591c658b,user_17,119.19,gaming,2025-12-05 23:10:55,RU,mobile,0
9ef04d4f-7747-4000-9711-7a597abf60be,user_18,213.83,gaming,2025-12-05 23:10:55,FR,tablet,0
3b2f0319-f70f-46a4-b489-b9297362058c,user_15,1036.42,gaming,2025-12-05 23:10:55,US,mobile,0
51f964db-d2e7-4b7f-b3f3-e8172b4060f3,user_8,580.38,clothing,2025-12-05 23:10:55,RU,desktop,0
34f0cd43-2588-424b-9460-8395ea2aac40,user_12,1459.59,clothing,2025-12-05 23:10:55,FR,mobile,0
93cdab3d-f451-497c-9ed3-89ff74dbc20c,user_2,1266.37,gaming,2025-12-05 23:10:55,US,desktop,0
298125f1-2e28-4507-83e5-d197352aab2c,user_16,533.22,books,2025-12-05 23:10:55,DE,desktop,0
0ec61d8c-0701-427c-bb1d-d7f30e72f576,user_18,396.27,clothing,2025-12-05 23:10:55,DE,tablet,0
edfb5f42-b507-4e63-a7e3-ec632684d105,user_17,1212.63,electronics,2025-12-05 23:10:55,RU,desktop,1
155708d0-ac32-4b82-a55d-5835c66557f3,user_15,363.48,electronics,2025-12-05 23:10:55,CN,tablet,0
2f91f311-bcd9-4c4f-8439-9b45268399ee,user_3,1208.65,home,2025-12-05 23:10:55,US,tablet,0
fcc6316b-5ea5-4166-ac33-acc4f9a92b0d,user_11,1299.02,electronics,2025-12-05 23:10:55,US,desktop,1
79b3b294-e0c7-4208-8456-a48a5e627aed,user_3,1404.0,electronics,2025-12-05 23:10:55,US,mobile,1
772bdc05-1a44-4957-b6fb-1e23f712c267,user_1,967.78,clothing,2025-12-05 23:10:55,RU,tablet,0
c5e09ea8-eaeb-4983-8210-1267a0faf6b1,user_12,1301.69,electronics,2025-12-05 23:10:55,CN,mobile,1
c7a7cddf-6219-430d-a991-a32d4313cd33,user_1,237.52,home,2025-12-05 23:10:55,FR,desktop,0
cf6d7d93-7aca-41d8-a21d-7021c7630524,user_19,275.06,electronics,2025-12-05 23:10:55,FR,mobile,0
f9ea877f-02e0-4e64-a88a-a023bebe17eb,user_10,973.98,books,2025-12-05 23:10:55,US,desktop,0
087069c3-d211-4943-8e62-46675fccfde3,user_7,1249.33,electronics,2025-12-05 23:10:55,RU,desktop,1
e52277cc-80b4-4b47-866d-604049ac70e2,user_16,1365.34,clothing,2025-12-05 23:10:55,US,tablet,0
ce902661-8002-436f-ba74-27c588111b6d,user_20,389.25,gaming,2025-12-05 23:10:55,FR,mobile,0
971801b0-6f0f-49fd-8f47-4db8b88248ce,user_6,1672.71,home,2025-12-05 23:10:55,DE,mobile,0
dfeceb25-42d2-4df3-a629-b627045b4d77,user_6,1234.46,electronics,2025-12-05 23:10:55,DE,mobile,1
2393d1d6-3ddd-47e1-be1d-eac331f31979,user_14,1251.67,clothing,2025-12-05 23:10:55,FR,mobile,0
665d6644-8964-4332-871e-c59997b51f84,user_7,1250.08,books,2025-12-05 23:10:55,US,tablet,0
7f525cc2-6c70-4fa3-9bcc-d21c5b9da625,user_6,611.91,books,2025-12-05 23:10:55,US,desktop,0
1542090d-e16b-43b6-aabc-afc8ff99c358,user_13,592.59,clothing,2025-12-05 23:10:55,FR,tablet,0
80be5fb6-a278-4989-a4bd-904c2be4dbbc,user_11,1082.94,electronics,2025-12-05 23:10:55,CN,tablet,1
25b595e3-b76e-41c2-8e91-ebdf92b17380,user_5,1040.14,gaming,2025-12-05 23:10:55,US,desktop,0
11b57e88-5cbb-441a-81c1-7551352842e6,user_16,1151.78,gaming,2025-12-05 23:10:55,CN,tablet,0
e79b58ba-3b29-4c59-9b6b-a9ce049701a8,user_3,1843.75,electronics,2025-12-05 23:10:55,US,desktop,1
77e5807a-6f73-4242-98c3-d5dc8c94a104,user_4,1727.97,books,2025-12-05 23:10:55,FR,tablet,0
123994fc-4e6d-4fcd-b334-edf6c01588e4,user_11,1733.26,clothing,2025-12-05 23:10:55,FR,mobile,0
32211a91-de91-42f0-a10d-dca19c5e69a2,user_20,452.07,home,2025-12-05 23:10:55,RU,tablet,0
80e58491-67b3-4117-b00f-9b29cd885b61,user_8,943.85,electronics,2025-12-05 23:10:55,RU,desktop,0
f70a2826-276d-439d-ae31-eb7f897c75fd,user_5,873.79,home,2025-12-05 23:10:55,CN,mobile,0
51df488d-19ae-4ff4-a31a-030ad1f6c3c2,user_12,75.58,electronics,2025-12-05 23:10:55,US,mobile,0
5c9da8ea-8b76-497b-88ff-e121825efa62,user_3,1234.72,gaming,2025-12-05 23:10:55,FR,mobile,0
8bd0965c-29ea-4be3-a218-14512f06d548,user_10,1490.92,books,2025-12-05 23:10:55,FR,tablet,0
ba7e2c8e-7c06-48d1-8e63-99cd4412c7bd,user_12,1026.82,electronics,2025-12-05 23:10:55,DE,mobile,1
a896dde8-592b-49ab-a348-742cba873c2b,user_12,516.9,home,2025-12-05 23:10:55,FR,tablet,0
ead0f048-10f7-46c7-997f-4684ad98dbd5,user_14,989.98,clothing,2025-12-05 23:10:55,CN,tablet,0
ac0a7846-6d05-4372-bb4e-feb700632be0,user_14,129.01,electronics,2025-12-05 23:10:55,US,tablet,0
fcb04bfe-b7e8-4967-b73c-60b5b10f4631,user_17,1442.31,clothing,2025-12-05 23:10:55,FR,tablet,0
925222f1-81df-4668-bfbb-f329a75239b9,user_4,1789.03,electronics,2025-12-05 23:10:55,DE,desktop,1
56231a70-b279-4092-8c0b-555735f4cc84,user_13,665.57,clothing,2025-12-05 23:10:55,RU,desktop,0
13ce40f9-0163-4092-9858-5f426070b628,user_12,550.43,electronics,2025-12-05 23:10:55,CN,desktop,0
60c2875b-1095-4ff6-995c-03b1f4f6cf74,user_12,1872.96,home,2025-12-05 23:10:55,FR,mobile,0
0a17f918-5529-4da3-8360-fb1d037eb0e4,user_18,101.46,electronics,2025-12-05 23:10:55,US,mobile,0
eb69bde4-b6b3-4f67-abd5-9201dab3d66d,user_3,1748.51,books,2025-12-05 23:10:55,CN,mobile,0
cc1d4392-b280-4c0c-808d-1e6db432c8ab,user_6,24.73,books,2025-12-05 23:10:55,CN,tablet,0
86a23624-36f9-4597-a48c-fac726854a1e,user_16,551.93,home,2025-12-05 23:10:55,RU,desktop,0
e1223c3e-7741-4b58-8b98-b6a3b49cc859,user_16,1434.83,gaming,2025-12-05 23:10:55,US,mobile,0
b8a40326-b582-4cf8-a703-3782a2a99602,user_9,1680.87,gaming,2025-12-05 23:10:55,FR,mobile,1
03881df4-2719-4a0b-8265-dda1b3c9cbc2,user_4,1608.2,books,2025-12-05 23:10:55,RU,mobile,0
998fb12b-3e1b-4470-8300-afc3e0399fce,user_15,1532.72,books,2025-12-05 23:10:55,FR,tablet,0
84d09fd0-969f-44d2-99a3-eddf82fb8b3e,user_11,139.38,gaming,2025-12-05 23:10:55,US,tablet,0
b523f295-9647-49b3-a069-4d24312915a5,user_19,1294.24,books,2025-12-05 23:10:55,US,desktop,0
b2585d88-c4a0-44a8-a204-5a5fe0dff47e,user_14,1873.3,electronics,2025-12-05 23:10:55,US,mobile,1
cce5f083-566f-4569-830a-923384040583,user_5,1995.36,books,2025-12-05 23:10:55,US,mobile,0
8e0e8449-19d8-4623-8212-508b5ac10c1b,user_1,1578.68,books,2025-12-05 23:10:55,DE,mobile,0
1cffd12e-cb17-4561-8d5c-e0b3b4cd9c27,user_20,976.98,gaming,2025-12-05 23:10:55,RU,mobile,0
8ef64fac-8053-471a-b4f5-0f35134ec24d,user_4,703.04,home,2025-12-05 23:10:55,FR,tablet,0
d5912258-4caf-47db-848b-e782691f0dab,user_2,1089.45,home,2025-12-05 23:10:55,US,desktop,0
b16f1775-036f-4bbb-9fe3-825fff0f70b0,user_11,1254.38,books,2025-12-05 23:10:55,US,mobile,0
415a1e23-c534-4bce-b73d-3cd0d782b23e,user_2,873.52,gaming,2025-12-05 23:10:55,FR,desktop,0
9a81c1db-9346-4941-9333-9d254ea2bad6,user_14,1688.42,gaming,2025-12-05 23:10:55,CN,mobile,1
e0e78497-f5cf-4ef4-b8fd-f0444a6f1490,user_16,1550.14,books,2025-12-05 23:10:55,FR,desktop,0
1008ec27-2832-4c53-bf2f-b164937d5b8c,user_6,1073.91,books,2025-12-05 23:10:55,CN,tablet,0
28a11349-9ab8-4c71-8b2a-2b9696c1a81a,user_6,1839.85,books,2025-12-05 23:10:55,RU,mobile,0
798c69d0-93fd-477c-8fbf-233620dfcc04,user_19,1093.69,electronics,2025-12-05 23:10:55,US,desktop,1
40e74800-46a6-4b32-bd2b-4a377b712d3f,user_5,1978.15,books,2025-12-05 23:10:55,CN,tablet,0
03f1b322-0ec8-4006-9246-12b2dbd690a0,user_6,1416.74,books,2025-12-05 23:10:55,DE,tablet,0
961be2f7-e12c-47c6-b985-45af82d2dd41,user_13,728.44,gaming,2025-12-05 23:10:55,US,desktop,0
06f0fa8e-9915-4fb0-85a6-dd026fc879f4,user_18,942.73,clothing,2025-12-05 23:10:55,CN,desktop,0
2fc9e552-7a1a-4400-8cc0-728c12809ec0,user_13,1420.53,home,2025-12-05 23:10:55,DE,tablet,0
08d6eeec-db75-47cf-8211-191da27e1098,user_12,1049.04,books,2025-12-05 23:10:55,US,mobile,0
f11c41df-d918-4176-b8e4-743a970af223,user_18,1118.64,gaming,2025-12-05 23:10:55,CN,desktop,0
e8fdf654-6d3c-4efa-8c61-1182fd4e7b4c,user_9,1583.56,books,2025-12-05 23:10:55,FR,desktop,0
30a68ed6-37c0-4710-b674-31543e1e447c,user_18,271.69,gaming,2025-12-05 23:10:55,US,desktop,0
1c99c5cc-6f7c-425a-99e6-d7cce84a0aba,user_3,256.74,clothing,2025-12-05 23:10:55,DE,mobile,0
75c17d75-c444-4b04-9b2f-f3eddc4767aa,user_20,1598.14,clothing,2025-12-05 23:10:55,DE,mobile,0
84083f4a-833e-4ba7-a82d-9d40f6f9d7ed,user_9,1282.02,gaming,2025-12-05 23:10:55,RU,tablet,0
10d70701-0a72-41d6-9905-bfb2852916a9,user_20,1022.56,books,2025-12-05 23:10:55,CN,tablet,0
a748cd69-a99a-47cc-a86b-ddbb897a16ce,user_15,1714.9,gaming,2025-12-05 23:10:55,US,tablet,0
e5deb38d-d84f-4c03-8561-b9f3cecc3cab,user_20,488.26,home,2025-12-05 23:10:55,FR,desktop,0
f2adb586-fb6b-463d-acbe-a84b9f8730bd,user_12,902.33,books,2025-12-05 23:10:55,DE,tablet,0
3ec83088-a63d-45aa-a677-ae6a4ee82732,user_9,1394.94,gaming,2025-12-05 23:10:55,DE,mobile,0
df069765-1600-461d-9d4b-b3e3f037c42d,user_5,1371.39,books,2025-12-05 23:10:55,RU,tablet,0
e4b5225d-8cda-463f-9f39-56c46c2c9734,user_9,1095.61,home,2025-12-05 23:10:55,CN,mobile,0
a4988644-764b-4325-afa3-1f988a9ff1d7,user_4,1525.45,books,2025-12-05 23:10:55,FR,desktop,0
7723bfd5-a325-4918-a6a3-9aaba1de78c6,user_16,456.15,gaming,2025-12-05 23:10:55,RU,mobile,0
63c46fdf-d4c1-4c47-bb27-cd000a67b6d8,user_4,1736.4,books,2025-12-05 23:10:55,CN,tablet,0
7c8e65b0-4eca-43bd-864f-0a127fef8e24,user_1,1195.1,clothing,2025-12-05 23:10:55,CN,tablet,0
19f0182c-d3f8-48c0-a3d7-a74540fe621f,user_4,506.52,books,2025-12-05 23:10:55,CN,tablet,0
32b56a2d-1374-431a-a09f-a8cc5ce9275d,user_15,1972.16,books,2025-12-05 23:10:55,FR,tablet,0
b9656f85-d925-49d1-8ded-a5dd23790483,user_17,579.36,electronics,2025-12-05 23:10:55,FR,desktop,0
e51753f2-f149-4a82-9be7-17d52f869c3c,user_7,510.91,home,2025-12-05 23:10:55,CN,mobile,0
8c78a374-62b1-498e-bd3a-11ce33e1d8fe,user_10,1986.18,books,2025-12-05 23:10:55,FR,mobile,0
0ffdd7d9-c596-417f-bc3e-fe5dd5430a3a,user_12,303.2,home,2025-12-05 23:10:55,US,tablet,0
c7eb3ec9-dd70-4a0a-9a6f-6dd0a7d94066,user_5,979.21,clothing,2025-12-05 23:10:55,US,tablet,0
c27e0ac7-82d3-432e-89bd-82d7974e5696,user_10,1260.65,electronics,2025-12-05 23:10:55,RU,desktop,1
2098baa2-2437-4d5f-8abd-2a40ed4900a3,user_5,143.82,electronics,2025-12-05 23:10:55,RU,tablet,0
81a12b74-c5fd-4284-b7ed-8e18984ee8dd,user_18,1757.37,clothing,2025-12-05 23:10:55,FR,desktop,0
117cc047-e1ea-40e5-a3fa-1e88963a1ea8,user_14,227.63,gaming,2025-12-05 23:10:55,RU,mobile,0
4f33d25c-7b31-430d-b7fb-cb8412584b7a,user_20,1730.17,home,2025-12-05 23:10:55,CN,tablet,0
e59707b9-4cf4-4d9b-b7cd-f018e5b3977a,user_20,422.62,clothing,2025-12-05 23:10:55,US,desktop,0
8958becc-d5d7-4028-bae0-0dda0a020b01,user_10,900.43,gaming,2025-12-05 23:10:55,DE,mobile,0
d4bda47a-6742-4c1e-a1c1-e9eeeec38a18,user_4,1981.36,books,2025-12-05 23:10:55,RU,mobile,0
642396d8-7557-4434-8fe8-498ec22f2f21,user_4,1978.1,clothing,2025-12-05 23:10:55,US,desktop,0
edca099b-a640-4d6f-a8f8-68aec599cc0e,user_6,488.56,books,2025-12-05 23:10:55,FR,tablet,0
c9529a74-2ff4-4a02-819f-316bb8decadb,user_14,147.25,clothing,2025-12-05 23:10:55,CN,mobile,0
ff1704b4-90b2-4072-8da0-ffccbfc23e14,user_6,3.46,home,2025-12-05 23:10:55,RU,tablet,0
6bc60224-94eb-4069-9383-489986fd11c0,user_6,149.6,electronics,2025-12-05 23:10:55,RU,desktop,0
8327a555-de97-4557-9c92-1278255cac85,user_10,1881.61,clothing,2025-12-05 23:10:55,DE,desktop,0
e31581c3-4d53-4a88-ad05-1eadd9af5459,user_16,1123.47,home,2025-12-05 23:10:55,CN,mobile,0
339db1a4-cb58-4567-8c25-7b7411d8f277,user_6,657.39,books,2025-12-05 23:10:55,CN,mobile,0
56ccf8a0-c244-4cab-81f0-5544145603c8,user_16,1526.37,clothing,2025-12-05 23:10:55,RU,mobile,0
dedf2d2e-0bc3-4264-ad2a-0ebb08a15905,user_10,1677.22,books,2025-12-05 23:10:55,RU,desktop,0
60e70762-554f-4567-bd17-8ea63c805b5c,user_18,1004.38,books,2025-12-05 23:10:55,DE,mobile,0
f3445bc4-be0e-4466-968b-c51e48515a4b,user_13,1237.17,books,2025-12-05 23:10:55,US,mobile,0
5eb9363b-3539-4d86-8254-94124c2ddb69,user_6,1902.36,clothing,2025-12-05 23:10:55,RU,desktop,0
4df98ae1-8c05-4806-8437-92a8c32408e4,user_9,1005.47,books,2025-12-05 23:10:55,RU,desktop,0
3e1465f2-0d75-4868-98de-f28a1a99f433,user_8,1801.09,clothing,2025-12-05 23:10:55,DE,desktop,0
d3f32e8a-0bdf-4d59-a42e-afa3b152f298,user_4,17.92,clothing,2025-12-05 23:10:55,US,tablet,0
1d8ec622-3000-4b7a-9483-da9ae1e1b201,user_1,914.95,gaming,2025-12-05 23:10:55,CN,mobile,0
9c28a821-4108-4c14-91c0-385020fac343,user_7,1610.95,electronics,2025-12-05 23:10:55,FR,mobile,1
8281971c-7dc3-4596-b0b8-a0418c23bfd0,user_11,1696.47,home,2025-12-05 23:10:55,US,desktop,0
2d808f42-cc14-4b0b-b544-3d4a9a7dd2ee,user_14,1567.27,electronics,2025-12-05 23:10:55,CN,mobile,1
eac7e213-1999-4cf2-8cfb-2b15f03c43d6,user_5,332.24,books,2025-12-05 23:10:55,US,tablet,0
4c3dd027-c744-4191-9bad-08a45fb2b1d0,user_6,1289.8,electronics,2025-12-05 23:10:55,RU,desktop,1
58455ac6-19ae-4655-9a11-f9bf52aa1d28,user_17,909.54,books,2025-12-05 23:10:55,FR,mobile,0
859673fa-c900-4883-ba71-595c1fcbe5b4,user_3,1303.57,books,2025-12-05 23:10:55,CN,tablet,0
9f648eaf-ca48-4d9c-89ca-3f5e13cf25fc,user_17,606.22,books,2025-12-05 23:10:55,US,mobile,0
cae5a32f-c81d-41d6-b63b-1a0a9efc084b,user_13,1821.35,home,2025-12-05 23:10:55,FR,tablet,0
d83e21a7-d33a-44bd-956c-560b2cf44f33,user_12,1117.99,electronics,2025-12-05 23:10:55,US,desktop,1
c06db3aa-b104-4467-9e84-c68234fb5955,user_17,574.97,gaming,2025-12-05 23:10:55,US,desktop,0
8fc2a9b2-ce7e-430c-a0e6-587aacbc9c2b,user_12,1795.43,electronics,2025-12-05 23:10:55,RU,tablet,1
65b0f46c-c6ee-4d5d-b926-3403c91033ad,user_5,1268.89,clothing,2025-12-05 23:10:55,RU,desktop,0
b76591fc-73a0-4e4f-844b-36d1ebad0aaa,user_6,851.64,books,2025-12-05 23:10:55,FR,desktop,0
66e450cc-8230-42e7-b3c3-4ee88648a31a,user_9,1394.42,electronics,2025-12-05 23:10:55,US,tablet,1
9de564fd-2ceb-4308-b550-890ebfb14b9f,user_17,18.3,home,2025-12-05 23:10:55,FR,desktop,0
3bad4e5d-5906-4710-a6bd-3fadb8651fb2,user_6,148.78,clothing,2025-12-05 23:10:55,RU,mobile,0
756b9f89-5385-4892-9ea5-fb40c78fdee2,user_2,1933.7,books,2025-12-05 23:10:55,FR,desktop,0
57c4b7d8-748c-497b-8fc0-faa235a65f48,user_11,901.38,home,2025-12-05 23:10:55,CN,tablet,0
3ca3f2a5-c156-4695-9d58-14780b24ab48,user_10,1836.31,electronics,2025-12-05 23:10:55,DE,mobile,1
4160c6e7-2ba6-45cb-afd5-bed7bd647d82,user_7,1224.38,clothing,2025-12-05 23:10:55,FR,mobile,0
ebfc717d-e441-41c1-914d-bb25e9f9ce5e,user_14,1900.61,home,2025-12-05 23:10:55,FR,desktop,0
c86cbfcc-6fae-46e4-a0e7-e3699dd4a4c9,user_8,1571.01,electronics,2025-12-05 23:10:55,DE,tablet,1
335678de-0eb1-424c-a8b6-d2a3cb0bc1e4,user_7,1887.31,home,2025-12-05 23:10:55,FR,mobile,0
2b7d20fb-f664-44e7-bd38-2f3278d7b3f7,user_12,144.33,books,2025-12-05 23:10:55,RU,mobile,0
e5a898f2-f4e6-4ee5-ace8-070dd9593453,user_1,25.24,gaming,2025-12-05 23:10:55,CN,desktop,0
16bfb80c-47f4-41ca-8291-800e977799b4,user_4,1605.09,books,2025-12-05 23:10:55,FR,desktop,0
08f2ce77-879a-4a36-b986-022a522ee4a6,user_2,996.99,electronics,2025-12-05 23:10:55,FR,mobile,0
abb167a2-4ff0-40c5-89cd-45242e339eb9,user_13,311.19,books,2025-12-05 23:10:55,CN,tablet,0
aa548d80-b498-4a56-84ca-1c86bf6f6dbf,user_4,1077.57,gaming,2025-12-05 23:10:55,DE,mobile,0
c9f06667-d1f8-456f-b877-97ed1f4ccce4,user_13,105.87,electronics,2025-12-05 23:10:55,DE,desktop,0
a1a118ac-1d86-4e16-a262-45d9a4888cde,user_8,1011.99,gaming,2025-12-05 23:10:55,CN,mobile,0
03c75927-2c22-46f1-a731-3ab6aaf832bb,user_3,1834.58,electronics,2025-12-05 23:10:55,CN,tablet,1
fe7a5caa-4c46-4005-a423-5a48371af953,user_7,1021.02,clothing,2025-12-05 23:10:55,FR,desktop,0
b9c8b843-f951-468e-86f2-0342ba658162,user_15,212.25,clothing,2025-12-05 23:10:55,CN,tablet,0
18bf1526-d4e8-4817-9059-60ecf5747781,user_17,1672.37,books,2025-12-05 23:10:55,RU,desktop,0
b51d14bc-b80b-43c2-ac98-753c867f1fcc,user_2,1893.71,books,2025-12-05 23:10:55,DE,mobile,0
79241ed4-5a84-4a56-9156-b0c388ebc767,user_4,293.18,gaming,2025-12-05 23:10:55,FR,tablet,0
38173f5b-2b45-45e2-8495-80ff462f96da,user_10,1548.24,electronics,2025-12-05 23:10:55,CN,mobile,1
f8106fb5-0e4f-41ec-ae93-fa297b8127d4,user_19,1147.63,gaming,2025-12-05 23:10:55,US,mobile,0
e6bbf3ec-d5a6-4dd9-8a39-63af8e6b72aa,user_20,1920.16,clothing,2025-12-05 23:10:55,US,tablet,0
88783936-fdb9-425e-8148-8292cf36a878,user_9,1833.22,home,2025-12-05 23:10:55,DE,mobile,0
314bd9bb-f460-4a38-abe4-1783807df428,user_8,1864.56,gaming,2025-12-05 23:10:55,US,mobile,1
83b8ab9a-a103-4225-81fa-0928ebc3f40d,user_11,1316.42,gaming,2025-12-05 23:10:55,US,desktop,0
d1f8c90a-69f4-484e-a005-be43de5e6da5,user_19,690.48,electronics,2025-12-05 23:10:55,RU,desktop,0
238a2556-d591-4b3f-918f-eed8355fecb3,user_3,515.75,books,2025-12-05 23:10:55,CN,desktop,0
63bf0617-d72e-4dbd-9813-1254f7ff0658,user_15,721.97,books,2025-12-05 23:10:55,FR,desktop,0
032ccc2c-e941-4a5d-a020-91f3e170a827,user_17,402.6,gaming,2025-12-05 23:10:55,FR,desktop,0
b57f732e-5ba5-4a89-9657-8833df6384ce,user_2,303.18,clothing,2025-12-05 23:10:55,RU,tablet,0
406f2a32-f3ba-469f-b8d6-5f8ec0ab7051,user_16,906.81,books,2025-12-05 23:10:55,US,desktop,0
d0648993-8966-44eb-9677-5fe19179402e,user_14,1676.7,clothing,2025-12-05 23:10:55,US,desktop,0
551536d8-c414-4743-8c12-e3ffe8a6034b,user_5,58.82,clothing,2025-12-05 23:10:55,US,mobile,0
8e3839dd-0711-47af-a561-4a34aefbc332,user_18,1108.46,books,2025-12-05 23:10:55,DE,tablet,0
e3cda42f-ab6e-474a-98ad-3265d9d74a44,user_17,556.58,gaming,2025-12-05 23:10:55,DE,tablet,0
ac3acdfd-c1e4-47f2-9ec4-dbb4d0f44399,user_6,157.33,gaming,2025-12-05 23:10:55,FR,tablet,0
dd0a04e9-6f97-4c2f-b92a-7a9547cd7648,user_5,677.26,clothing,2025-12-05 23:10:55,DE,desktop,0
48e34866-0a77-4cc0-997c-4822ff9d3e5c,user_2,321.13,clothing,2025-12-05 23:10:55,FR,tablet,0
209fd85f-5773-4990-957e-b1ae27f15f77,user_20,1929.33,home,2025-12-05 23:10:55,RU,mobile,0
951f497b-ba08-4d8b-943e-eb6fa0eee205,user_17,1398.16,electronics,2025-12-05 23:10:55,CN,tablet,1
5ab67d25-a204-4725-85d4-0650bd70bfa4,user_11,1745.26,electronics,2025-12-05 23:10:55,DE,mobile,1
edec2d33-9804-4401-8160-84a8c4b9a191,user_17,340.49,electronics,2025-12-05 23:10:55,US,tablet,0
465781b6-d804-4c6f-a2c6-b8d3403e6c55,user_4,1050.43,gaming,2025-12-05 23:10:55,FR,desktop,0
8da89623-da7a-4b3c-ba1b-ae03dd433363,user_20,1109.14,books,2025-12-05 23:10:55,FR,mobile,0
9d89e9a5-3c59-4565-b773-f0d0d78598d6,user_18,325.79,books,2025-12-05 23:10:55,FR,tablet,0
d874cf6d-3fb9-4cc9-9721-488d69175e55,user_20,1290.71,books,2025-12-05 23:10:55,FR,mobile,0
9526e24e-c566-47cd-a14e-568600790c83,user_1,728.95,electronics,2025-12-05 23:10:55,US,mobile,0
0478bebf-5839-4550-90f8-51633e4806aa,user_17,1886.69,clothing,2025-12-05 23:10:55,RU,mobile,0
4ead2a85-bc50-4fd4-b4b4-d57519b59683,user_1,1899.35,books,2025-12-05 23:10:55,US,tablet,0
a3a9e36d-8a83-4b74-b3d6-b08d07b4a0e4,user_5,104.24,books,2025-12-05 23:10:55,DE,desktop,0
c1addef3-4916-4a2e-bf7c-ed02edccf9bf,user_16,1455.85,electronics,2025-12-05 23:10:55,FR,mobile,1
bdaf2d19-aab5-4deb-8e5e-e30d7e073200,user_15,1554.39,home,2025-12-05 23:10:55,DE,mobile,0
6ba5b601-77d6-4cb7-a4fa-3ee50efc644c,user_20,1080.0,books,2025-12-05 23:10:55,US,tablet,0
fbd8ca02-96d1-4caf-a338-d32b6fe03730,user_13,994.0,clothing,2025-12-05 23:10:55,RU,mobile,0
7d5df983-6764-4167-8ba0-299c47064296,user_5,1501.09,gaming,2025-12-05 23:10:55,FR,desktop,0
0d6d6730-0368-46cd-ac3e-5d7aaa0451fb,user_4,3.9,gaming,2025-12-05 23:10:55,US,mobile,0
6b85e195-f34d-423a-be49-32f60dc1e810,user_19,978.23,books,2025-12-05 23:10:55,CN,tablet,0
b360bb9f-daaf-46fe-9732-88b0f78b0c01,user_10,775.41,clothing,2025-12-05 23:10:55,CN,mobile,0
da4ffecd-652e-4472-acd3-1bc758868988,user_9,1207.72,books,2025-12-05 23:10:55,CN,mobile,0
75ea57c4-2bb8-4a5f-a038-fcf9cdda5407,user_5,1128.17,clothing,2025-12-05 23:10:55,CN,tablet,0
a2940e94-8c35-4a2c-b325-d6713f66529d,user_9,34.79,gaming,2025-12-05 23:10:55,FR,mobile,0
5c1761ef-eb65-4642-8a97-3daa90e4ea1f,user_9,1181.45,electronics,2025-12-05 23:10:55,DE,tablet,1
0c753d97-eb76-4a2b-bb14-5904e22f63ba,user_17,781.88,home,2025-12-05 23:10:55,RU,desktop,0
1a67351f-9973-4b05-a807-3138b40b4faf,user_10,23.21,gaming,2025-12-05 23:10:55,CN,tablet,0
8e694e11-4dfb-4abc-a7f8-9cd935e08ea8,user_15,1598.72,home,2025-12-05 23:10:55,RU,tablet,0
44e96640-62e4-4fa4-a212-da0343a464c5,user_8,1426.22,clothing,2025-12-05 23:10:55,US,tablet,0
9ceecdbc-3ee3-43d6-9088-5b13696d11f6,user_9,548.57,gaming,2025-12-05 23:10:55,DE,tablet,0
5a1f2ec4-19d9-461e-942a-e20b9063eff2,user_19,221.74,home,2025-12-05 23:10:55,RU,tablet,0
5a0ee1a4-67aa-4172-a9d3-7a05002a345a,user_13,1861.21,gaming,2025-12-05 23:10:55,FR,tablet,0
33d59a5e-2559-4087-9ec8-ec761190b990,user_9,940.17,home,2025-12-05 23:10:55,RU,desktop,0
513e8524-9f1b-48a9-8e10-de12c857fb3e,user_1,447.89,books,2025-12-05 23:10:55,CN,mobile,0
5b88d925-ca89-49d8-875e-d6a4545d2f2d,user_17,700.39,books,2025-12-05 23:10:55,US,desktop,0
4ae86c3b-c6e3-4f27-a5dc-b6ef3c2dfa49,user_3,779.55,electronics,2025-12-05 23:10:55,US,mobile,0
872510ae-e86e-4480-ae59-9e6ef58336c8,user_1,1372.64,gaming,2025-12-05 23:10:55,RU,tablet,0
7bbfa0fb-9ec3-4d41-a7de-c8b6311f5acd,user_8,217.83,books,2025-12-05 23:10:55,US,mobile,0
a8602fce-3ec9-42ef-b8d8-fbeb3abb3821,user_19,1361.36,gaming,2025-12-05 23:10:55,DE,tablet,0
af297a34-f0bd-4995-b441-afd800318de2,user_18,53.64,electronics,2025-12-05 23:10:55,FR,mobile,0
c0f158c3-d3f7-499a-bcda-73d7eae9e456,user_1,1609.4,clothing,2025-12-05 23:10:55,US,mobile,0
7ab704b2-9876-4e7f-afb8-3718e789c021,user_17,849.3,gaming,2025-12-05 23:10:55,US,mobile,0
465ca06e-653e-4c2c-8436-07650a609671,user_1,1325.4,books,2025-12-05 23:10:55,CN,mobile,0
63927749-2f5a-4a35-a838-5f6566a49ab4,user_4,641.34,books,2025-12-05 23:10:55,RU,desktop,0
496205de-26cf-49f8-8c28-85b6113fba69,user_7,1544.24,books,2025-12-05 23:10:55,US,desktop,0
a86d2dae-c217-43d4-9372-4d4c2fc524b2,user_17,1454.02,home,2025-12-05 23:10:55,CN,mobile,0
1987a2f2-5239-45da-984b-43e3df831209,user_1,1026.29,books,2025-12-05 23:10:55,US,mobile,0
0928f073-807f-4024-8d97-f6efe0de5eb2,user_15,1337.46,gaming,2025-12-05 23:10:55,FR,mobile,0
3523685c-02dc-43a2-a936-6e5b633c46fc,user_14,108.68,clothing,2025-12-05 23:10:55,DE,mobile,0
e5cc08f7-fbc1-4af5-b727-fe1e85be8886,user_16,1306.75,books,2025-12-05 23:10:55,RU,tablet,0
f6156c16-02dc-4720-9e59-f7b6a1565a72,user_3,1500.98,electronics,2025-12-05 23:10:55,DE,mobile,1
2bc7ffa3-8a52-486f-b705-12695cd8b546,user_7,1281.29,books,2025-12-05 23:10:55,CN,tablet,0
dd53bb65-eab7-465c-a770-62c70bf1debc,user_8,1636.56,home,2025-12-05 23:10:55,US,desktop,0
73b06db7-0391-465b-aa4b-e587640132b5,user_16,1800.57,clothing,2025-12-05 23:10:55,CN,desktop,0
ed0f36ba-1de1-42e1-8f92-825d65e75092,user_8,472.44,books,2025-12-05 23:10:55,US,mobile,0
6bf23b16-c6e1-4e9c-9e65-eacaa0444330,user_3,166.25,gaming,2025-12-05 23:10:55,US,mobile,0
3084250d-682a-43cb-85fa-2e5bee1b3371,user_7,1726.83,books,2025-12-05 23:10:55,US,tablet,0
337c2c3b-fba0-4a99-a5f4-f23977398eeb,user_12,1518.78,books,2025-12-05 23:10:55,DE,desktop,0
21ce9c7c-e521-4c9f-b335-56a05720011d,user_1,833.66,home,2025-12-05 23:10:55,DE,mobile,0
abd37247-06b4-4d35-b9cb-d31201e68b35,user_19,972.78,clothing,2025-12-05 23:10:55,DE,tablet,0
37a5f905-e88f-49e8-92e6-991eae9910cf,user_12,1392.65,electronics,2025-12-05 23:10:55,CN,mobile,1
f5b15366-9f44-4845-86de-23e2986173a5,user_5,873.73,electronics,2025-12-05 23:10:55,DE,desktop,0
5097cce0-d616-4e98-b109-870679c98098,user_12,1917.37,home,2025-12-05 23:10:55,FR,mobile,0
be54ee23-2901-4d5d-915e-b18f291ac90c,user_13,1623.98,clothing,2025-12-05 23:10:55,US,tablet,0
914ce2aa-a060-4a6d-bd34-de6af5d3965d,user_2,185.02,clothing,2025-12-05 23:10:55,CN,tablet,0
b32061ea-47eb-4071-8fd9-9537af8fc706,user_15,1358.94,electronics,2025-12-05 23:10:55,DE,tablet,1
f7d47385-e4e1-4402-b12b-b24b8107ebcd,user_12,460.42,books,2025-12-05 23:10:55,DE,desktop,0
72c72d37-81c7-4b96-a23b-ce71604de8d2,user_4,1396.6,gaming,2025-12-05 23:10:55,CN,mobile,0
351459da-8f27-4a2f-b55f-3e15d9f7e7d6,user_14,135.69,clothing,2025-12-05 23:10:55,CN,mobile,0
771a0f7e-172a-4b52-b402-949ec5e630c1,user_17,1880.73,books,2025-12-05 23:10:55,FR,desktop,0
f32a3b3e-c15d-4afc-91fe-95c7cb590233,user_11,352.05,gaming,2025-12-05 23:10:55,FR,mobile,0
970e174f-16fe-4aae-9ae4-93402b9a8745,user_14,1517.3,electronics,2025-12-05 23:10:55,RU,tablet,1
56432cbd-8f82-462d-a2b6-1c693df8d5cd,user_14,786.36,clothing,2025-12-05 23:10:55,DE,tablet,0
9d8b9aec-b995-4c00-9d4d-44453088d655,user_15,1323.02,gaming,2025-12-05 23:10:55,US,mobile,0
400678e8-60da-4449-b104-300469257130,user_14,670.51,electronics,2025-12-05 23:10:55,US,mobile,0
fbb43797-a984-470e-aac2-d9bed10c5676,user_13,1180.18,books,2025-12-05 23:10:55,DE,mobile,0
35d5713f-af9e-45fa-a4a1-6481171cf883,user_5,1806.3,clothing,2025-12-05 23:10:55,US,desktop,0
56eba22c-2f50-4ea9-b586-650e2787d2bd,user_20,674.8,gaming,2025-12-05 23:10:55,FR,tablet,0
5f43757d-065d-4148-adbd-00350203f290,user_5,1170.5,home,2025-12-05 23:10:55,CN,desktop,0
c9b8a2ba-cef3-438a-89de-d1be2b6666ac,user_8,1784.32,gaming,2025-12-05 23:10:55,FR,tablet,0
8779eb45-999b-475f-ab23-9880aa17813d,user_6,1682.94,gaming,2025-12-05 23:10:55,RU,desktop,0
21b820de-4c7d-4d29-9590-2f6260c1acc6,user_10,1949.87,clothing,2025-12-05 23:10:55,US,desktop,0
ee5fc991-7313-4a45-8fc6-a84f2ae9ca67,user_9,886.43,home,2025-12-05 23:10:55,US,desktop,0
a8fd8d5d-5c49-412d-bc0f-628953880d43,user_14,413.75,electronics,2025-12-05 23:10:55,FR,mobile,0
c20cb1bd-edd5-4fef-a9d1-468d3af9cbdc,user_13,365.32,clothing,2025-12-05 23:10:55,DE,mobile,0
6b94a1f3-5da2-4e35-bbac-6006a8390e46,user_15,1926.03,books,2025-12-05 23:10:55,RU,tablet,0
41c72362-bf93-43dc-948c-7bf3cd291187,user_5,1286.4,electronics,2025-12-05 23:10:55,CN,mobile,1
dcacd8b3-3571-47a1-ba62-52c9248e6b3b,user_5,1330.09,home,2025-12-05 23:10:55,CN,mobile,0
105a121d-aa2a-479f-94b3-788211650aa0,user_11,1247.57,books,2025-12-05 23:10:55,US,mobile,0
ce12511e-b2b3-4284-9eaf-a900b99af2cc,user_17,344.26,clothing,2025-12-05 23:10:55,RU,desktop,0
a251a37e-2fb9-4c28-b71c-8c7a72841f3e,user_9,1524.18,clothing,2025-12-05 23:10:55,RU,tablet,0
c0b3ece3-3f1e-407c-af96-d5fe7801f1c9,user_1,1539.39,home,2025-12-05 23:10:55,FR,mobile,0
6e409549-9366-4687-9d48-bca5f89a519a,user_4,576.4,gaming,2025-12-05 23:10:55,DE,mobile,0
3990d28c-4188-440e-8971-bff0cfe6f6cb,user_14,631.83,gaming,2025-12-05 23:10:55,RU,mobile,0
31c94180-0a21-44ca-8290-ea5c1bae17e6,user_1,1096.71,home,2025-12-05 23:10:55,FR,desktop,0
70c401c0-5b0c-4fdd-a4cc-825b4688842d,user_20,829.63,gaming,2025-12-05 23:10:55,CN,tablet,0
6b8addd3-69a6-47d4-a879-867016086fcd,user_14,492.73,books,2025-12-05 23:10:55,US,mobile,0
8db7aef5-90ed-43eb-af6c-a5397e2f6376,user_2,1098.24,electronics,2025-12-05 23:10:55,RU,tablet,1
420289f8-16da-4c50-90a5-26b646e561d1,user_4,1680.52,gaming,2025-12-05 23:10:55,RU,mobile,1
02298a1c-5f29-4784-bb9e-ed4d2c5e5c3c,user_5,1229.58,electronics,2025-12-05 23:10:55,RU,mobile,1
83430462-0ec8-4ede-84e7-406a6b9114d9,user_10,1365.56,books,2025-12-05 23:10:55,US,mobile,0
0306163e-3ab3-4e87-995f-ba85e2b61f82,user_16,163.83,electronics,2025-12-05 23:10:55,CN,tablet,0
9b080b33-ea90-4f58-9100-99ae90da24d4,user_17,1218.65,books,2025-12-05 23:10:55,CN,desktop,0
12d8d184-cfc9-4578-8bdf-f5fdc5dbe2ac,user_11,1605.45,clothing,2025-12-05 23:10:55,FR,tablet,0
18073a16-3aea-4588-9d7c-df98c298d226,user_11,783.32,home,2025-12-05 23:10:55,CN,desktop,0
bb1c75f3-5fde-4a03-b6e3-53887473bfcd,user_6,827.15,gaming,2025-12-05 23:10:55,CN,desktop,0
c6d67fec-b550-480e-a4cb-3a002d9e6698,user_7,1818.17,clothing,2025-12-05 23:10:55,US,tablet,0
95ffb344-8e8e-4f39-ace5-061b3cdd0aca,user_12,994.76,gaming,2025-12-05 23:10:55,DE,desktop,0
f588169a-5992-4dcc-9b93-7dfc5f2f1eeb,user_17,1718.9,electronics,2025-12-05 23:10:55,FR,tablet,1
bb29d8d0-de36-4030-942c-aa430d88cee6,user_3,1317.92,electronics,2025-12-05 23:10:55,DE,tablet,1
a50a2404-de42-44dd-a2fe-0e903c0cfee4,user_18,1092.87,gaming,2025-12-05 23:10:55,RU,desktop,0
09b51fff-d29d-4003-8f67-22b4230972e5,user_7,1245.44,books,2025-12-05 23:10:55,RU,tablet,0
b1494494-0342-4237-b6f3-d682f9c44d39,user_13,610.22,electronics,2025-12-05 23:10:55,CN,tablet,0
b8a94344-4a75-4a6d-9b3c-4774644c03cb,user_8,908.12,books,2025-12-05 23:10:55,DE,desktop,0
04b282d0-e3e5-4d3a-8dd8-e56be59519b0,user_8,1961.73,electronics,2025-12-05 23:10:55,DE,mobile,1
095fcb5f-603b-432e-b3a7-c4b823d7f3e4,user_2,1183.65,books,2025-12-05 23:10:55,US,tablet,0
36e3c3a3-0673-4996-825f-b0ef44ecda40,user_10,1338.83,electronics,2025-12-05 23:10:55,CN,desktop,1
523b1f0c-8cba-485c-a452-cd1362868687,user_17,889.22,electronics,2025-12-05 23:10:55,RU,tablet,0
06c23558-35e2-46ec-805b-fa2574af996c,user_8,219.67,books,2025-12-05 23:10:55,DE,mobile,0
37f4634f-13ad-48eb-8d8d-c68215976fc9,user_18,980.66,electronics,2025-12-05 23:10:55,US,mobile,0
2ae27151-1f46-4a6e-a4f9-70bcbb6b17fe,user_20,1538.86,clothing,2025-12-05 23:10:55,DE,tablet,0
8ec5785a-8339-4dd6-a188-c78fd294a158,user_12,1386.03,clothing,2025-12-05 23:10:55,US,desktop,0
97ef1f21-9301-418f-b349-6f5cc81264fe,user_12,257.25,books,2025-12-05 23:10:55,DE,desktop,0
b406384f-c9c9-413e-ab95-72a010f4f3a6,user_8,813.1,clothing,2025-12-05 23:10:55,RU,mobile,0
bc78ef97-c690-40d4-8a1f-1cf74d997da3,user_9,964.12,electronics,2025-12-05 23:10:55,DE,desktop,0
bf993dfc-b4a8-43b5-9fee-313c4b652fee,user_9,927.97,home,2025-12-05 23:10:55,FR,mobile,0
931ef57c-9e31-459e-9055-8a22fd9058b2,user_2,1453.27,electronics,2025-12-05 23:10:55,US,desktop,1
ea17813e-cc16-4b20-b623-173866d5048f,user_14,116.45,gaming,2025-12-05 23:10:55,CN,mobile,0
d5a9a616-3137-4450-be26-1499345d5595,user_8,1714.23,gaming,2025-12-05 23:10:55,US,tablet,0
1920afab-ec19-4887-8461-3604982cbeae,user_11,436.94,books,2025-12-05 23:10:55,RU,desktop,0
b08a784c-86b2-479f-90df-9a5c938cb7e3,user_18,236.48,gaming,2025-12-05 23:10:55,CN,mobile,0
3e201453-6b02-4f11-932e-47bdf08c7a85,user_5,879.68,gaming,2025-12-05 23:10:55,CN,mobile,0
35196920-588c-4c2f-a469-5f65cf317a88,user_12,281.39,books,2025-12-05 23:10:55,CN,tablet,0
7b2df6ce-5950-492f-b424-3f0d14c3f2d9,user_19,469.66,gaming,2025-12-05 23:10:55,FR,desktop,0
6a78bbf4-0deb-486f-859a-438587cd6d31,user_4,233.76,gaming,2025-12-05 23:10:55,DE,desktop,0
0770fa26-b458-498e-8092-bca9f3276e06,user_9,556.32,books,2025-12-05 23:10:55,DE,tablet,0
871d214f-7302-4948-be12-e66b0022d60a,user_17,379.14,clothing,2025-12-05 23:10:55,US,mobile,0
2a1dd194-9773-4100-b1d2-04350ec19ad8,user_18,1294.97,home,2025-12-05 23:10:55,DE,tablet,0
f4cefa9d-8589-461c-986c-0f41eea1c432,user_15,887.22,home,2025-12-05 23:10:55,DE,tablet,0
ea4ac847-7603-4c31-a009-f7a5c0b92420,user_18,1640.92,clothing,2025-12-05 23:10:55,US,tablet,0
a2da6656-ce3f-4636-93e6-e448583bdb07,user_10,264.39,electronics,2025-12-05 23:10:55,CN,mobile,0
c5953d8f-3bad-424d-827b-3f1a89568dd0,user_2,614.42,gaming,2025-12-05 23:10:55,RU,mobile,0
ad64a279-9b08-4ef4-ae42-8f5efdd2831e,user_15,796.95,gaming,2025-12-05 23:10:55,FR,mobile,0
cac9c4d5-2b6c-432b-abd7-fec5a3acd68c,user_5,251.16,home,2025-12-05 23:10:55,US,desktop,0
eeb89578-cb22-40f5-bb89-da7a7b98448b,user_9,1799.57,gaming,2025-12-05 23:10:55,FR,tablet,0
2ee8f2e7-d183-4efd-810b-407729aeb483,user_17,1966.13,books,2025-12-05 23:10:55,US,tablet,0
fd602860-d875-49ad-b43c-344936ac990f,user_8,907.01,home,2025-12-05 23:10:55,US,desktop,0
1e21bc4b-d87b-4768-935a-5ce228559d48,user_5,126.93,gaming,2025-12-05 23:10:55,FR,tablet,0
dd8db47c-fa86-4b7e-b1fc-d0f407a12706,user_11,355.54,books,2025-12-05 23:10:55,US,mobile,0
151f2d60-cbfe-4688-8edc-d57a1d83df80,user_7,1383.3,clothing,2025-12-05 23:10:55,RU,mobile,0
ac0367dd-c5f4-4b61-8783-f3935e5d52f4,user_1,528.04,home,2025-12-05 23:10:55,CN,mobile,0
765e91b1-4e7c-4af2-a1aa-eb63bf3ad41d,user_15,888.18,gaming,2025-12-05 23:10:55,RU,desktop,0
6c35e349-2072-4cc8-b777-fa56d9bb336f,user_9,1804.86,gaming,2025-12-05 23:10:55,DE,mobile,1
d0d1725c-5464-4bb7-9ce7-6225dc0a4c8c,user_20,616.46,books,2025-12-05 23:10:55,DE,mobile,0
f0f866aa-ad98-4c08-844a-144e7b8c91cb,user_2,1848.62,clothing,2025-12-05 23:10:55,CN,tablet,0
719d0468-343d-4579-b445-b7412dddea18,user_19,1786.06,home,2025-12-05 23:10:55,CN,mobile,0
dfcd9569-74cd-47dc-98ee-e3410161b2a0,user_19,1672.98,home,2025-12-05 23:10:55,RU,mobile,0
e28a4f63-d14c-4fd7-958b-6898f66b6bec,user_8,1722.76,clothing,2025-12-05 23:10:55,CN,tablet,0
b04dd553-edb3-4f36-a3e1-def6fba59a8f,user_12,618.25,gaming,2025-12-05 23:10:55,RU,tablet,0
7314ee9f-5689-465d-8ecf-6be2f274c9c3,user_13,1252.97,electronics,2025-12-05 23:10:55,DE,tablet,1
126892ca-c36f-4aee-8973-d3f284496fd0,user_17,1571.92,gaming,2025-12-05 23:10:55,FR,mobile,1
da6983f4-d6f5-44f4-8efa-1fa0a71b7708,user_2,1354.41,gaming,2025-12-05 23:10:55,CN,tablet,0
32bfc61c-3a96-49a2-a800-1770a09708f5,user_13,1446.04,home,2025-12-05 23:10:55,RU,mobile,0
70d283c3-b7c4-4685-8fdf-d24427ed207f,user_2,1678.79,electronics,2025-12-05 23:10:55,FR,tablet,1
79adea2b-a891-42fb-9fec-75c1e2026d0f,user_7,1119.5,home,2025-12-05 23:10:55,DE,desktop,0
bf4810f0-58a4-4418-8ea6-b3a7960124a4,user_17,726.71,home,2025-12-05 23:10:55,CN,tablet,0
ff1083e9-39fd-43d7-b262-0048d636149b,user_20,764.08,electronics,2025-12-05 23:10:55,DE,mobile,0
f21fc61b-6eb2-4c6d-b819-2036a06c42f6,user_3,277.01,books,2025-12-05 23:10:55,CN,tablet,0
cc67b39e-0c5c-4aa5-b8a7-8fda8a48e0f5,user_13,1524.46,electronics,2025-12-05 23:10:55,RU,mobile,1
715cdd70-8561-4fd5-ae8b-23995e7a732f,user_18,499.1,electronics,2025-12-05 23:10:55,FR,desktop,0
01e8413e-f9f4-4f83-9ff4-30a7107ef0fd,user_6,1726.02,books,2025-12-05 23:10:55,CN,tablet,0
90b17c13-6f3f-4591-b72c-647e49338336,user_7,189.6,clothing,2025-12-05 23:10:55,CN,mobile,0
146185f5-7458-4bf3-b3e2-d0b487bb4137,user_17,483.5,home,2025-12-05 23:10:55,CN,desktop,0
6613c134-a443-4e09-bd6f-709f77c1136f,user_15,1887.61,home,2025-12-05 23:10:55,RU,desktop,0
e0d12421-9ccc-4902-8ce3-2aaa66756c1a,user_19,1988.49,books,2025-12-05 23:10:55,FR,tablet,0
6d859bfc-0f88-4fe7-a9cc-e314184ae71a,user_12,1771.69,clothing,2025-12-05 23:10:55,FR,desktop,0
4105a516-bd6c-4103-9590-35099947506c,user_16,1414.01,gaming,2025-12-05 23:10:55,US,mobile,0
8c7109f0-f612-409d-a821-7161c984a0d7,user_7,601.55,clothing,2025-12-05 23:10:55,FR,tablet,0
35521c71-e0ec-4351-868a-b4729c9b26d7,user_19,748.99,electronics,2025-12-05 23:10:55,RU,tablet,0
30d2bed8-90cf-493b-bfb5-708d51e85e23,user_14,1007.69,gaming,2025-12-05 23:10:55,FR,mobile,0
4699aa66-2030-4330-a284-fb62ad9f516d,user_6,788.29,books,2025-12-05 23:10:55,US,tablet,0
52051738-5ade-432b-bbc1-301c1084bcfe,user_11,84.26,clothing,2025-12-05 23:10:55,CN,tablet,0
b598db0d-50d9-4ba4-ae46-22470c82fe9e,user_5,792.27,home,2025-12-05 23:10:55,RU,desktop,0
3e6fde2c-ba52-415f-8d91-bcd3ffbf8563,user_6,41.97,home,2025-12-05 23:10:55,DE,desktop,0
8ed35444-1558-4b2b-9a76-556eb0e37ba6,user_11,1041.12,home,2025-12-05 23:10:55,DE,desktop,0
0c26b3bd-541a-4d16-b24c-100678038afa,user_9,325.99,gaming,2025-12-05 23:10:55,CN,desktop,0
35716eb8-6512-46b4-8092-33c7ae7108d7,user_3,1216.48,clothing,2025-12-05 23:10:55,FR,tablet,0
7d72dedd-7966-4537-a683-24f4d6ee36a5,user_19,1659.05,gaming,2025-12-05 23:10:55,RU,mobile,1
54222791-0374-4756-aa70-4f49ac06a7d6,user_6,1803.43,electronics,2025-12-05 23:10:55,CN,tablet,1
912307bd-59c9-491c-8ba0-fd3734c1545d,user_10,1648.01,clothing,2025-12-05 23:10:55,RU,tablet,0
67cc15c9-15ec-4e1e-9dc1-f8d2edfbc47b,user_13,1494.36,home,2025-12-05 23:10:55,DE,desktop,0
196144ee-64f2-4f04-84b1-1fadf1521a27,user_2,1893.24,clothing,2025-12-05 23:10:55,DE,tablet,0
ebe82806-9cd6-41ee-9b4a-a0e9edfe99da,user_17,410.63,gaming,2025-12-05 23:10:55,RU,tablet,0
19231d69-78a6-485a-9e38-9dfb34c5991e,user_19,1484.39,electronics,2025-12-05 23:10:55,DE,mobile,1
69869468-e375-45d5-b5b2-46a3debc4e19,user_10,1880.87,home,2025-12-05 23:10:55,DE,tablet,0
77a022df-bc94-469f-a0fd-dc46bd3945ce,user_6,1896.07,home,2025-12-05 23:10:55,RU,mobile,0
c7642e1b-ab27-40e3-9987-86c8e0ed6894,user_6,201.81,home,2025-12-05 23:10:55,US,tablet,0
6c7491cf-483d-48e8-a440-b59ca55350eb,user_2,440.56,electronics,2025-12-05 23:10:55,RU,tablet,0
542d916b-81ab-43ff-86f5-03687433fe6d,user_3,1081.8,electronics,2025-12-05 23:10:55,FR,mobile,1
c35832d2-18da-4a9b-81fa-d365b909998f,user_20,342.82,electronics,2025-12-05 23:10:55,CN,desktop,0
28560665-3366-437b-854e-5cf2300a12c5,user_5,1615.18,gaming,2025-12-05 23:10:55,CN,mobile,1
334968fc-0d91-4862-877f-2019d25c98b0,user_14,395.48,home,2025-12-05 23:10:55,US,mobile,0
152f4013-3a3b-4c4a-8f8b-a3a088390013,user_1,1750.04,gaming,2025-12-05 23:10:55,FR,tablet,0
32723e0d-167d-4e64-9fe7-109d8dc5b6f7,user_14,444.51,gaming,2025-12-05 23:10:55,US,mobile,0
7e0c2891-74fd-4561-b04b-32b25c720d83,user_19,398.06,gaming,2025-12-05 23:10:55,CN,mobile,0
65f3691d-139f-46b3-a9c8-3631fea968dc,user_2,1301.1,gaming,2025-12-05 23:10:55,CN,mobile,0
41424c8b-0fc5-4de4-bbdf-feccb1916ce8,user_19,1904.87,gaming,2025-12-05 23:10:55,CN,desktop,0
eeeb82be-4a98-4ddc-a515-794b1f183bdd,user_16,1434.02,gaming,2025-12-05 23:10:55,RU,desktop,0
128471cd-1b23-4dda-9dcf-a8f4a76629f6,user_6,1565.04,gaming,2025-12-05 23:10:55,US,mobile,1
9c1b9c82-752c-415f-adae-104b1359e0f6,user_19,131.39,books,2025-12-05 23:10:55,DE,mobile,0
95ef53da-b0e9-407f-9b72-2c64ce0dbaf6,user_13,1782.63,books,2025-12-05 23:10:55,RU,tablet,0
1301f8be-8176-4943-9f7b-a62eb91e38f5,user_12,76.31,home,2025-12-05 23:10:55,FR,tablet,0
cd12779f-af95-4cc8-b9dc-4da9fe2c1c90,user_15,1795.07,home,2025-12-05 23:10:55,DE,tablet,0
b813f412-b0ee-49bc-9c0e-238787c8eacf,user_15,1349.81,gaming,2025-12-05 23:10:55,FR,tablet,0
6c122ea6-740c-45e5-9536-7a2a8cd319ff,user_12,232.31,clothing,2025-12-05 23:10:55,CN,tablet,0
4cbb5d8b-4969-48a8-a6d9-7970aec3983d,user_13,1746.79,books,2025-12-05 23:10:55,FR,desktop,0
cd59edb3-a193-4094-bdf8-9c2461b7c6b7,user_10,1004.47,books,2025-12-05 23:10:55,FR,desktop,0
f569fe07-10f0-4d57-964f-5e8a852d8fd9,user_15,1886.82,gaming,2025-12-05 23:10:55,DE,mobile,1
796fdb8e-248c-47a5-ab15-bf767e8e5dbb,user_2,590.52,home,2025-12-05 23:10:55,RU,desktop,0
271149d2-338b-428b-b647-59e8aa398318,user_17,964.08,home,2025-12-05 23:10:55,US,tablet,0
5f89dc1e-a792-4e1f-bcd1-e5283941cada,user_10,969.55,books,2025-12-05 23:10:55,US,tablet,0
1fa27d58-8de3-4c02-9b40-4acf7f2b09c5,user_8,291.19,home,2025-12-05 23:10:55,DE,desktop,0
0530d2e8-9249-4bc0-a01d-75c918625531,user_18,691.53,gaming,2025-12-05 23:10:55,FR,desktop,0
dfd308dc-3263-4309-ae93-7e92f5b0b246,user_18,1769.02,electronics,2025-12-05 23:10:55,FR,desktop,1
a28a9389-da98-496f-b96d-18e44c6f6cb8,user_11,1259.81,electronics,2025-12-05 23:10:55,RU,desktop,1
5aae8777-3843-49de-be17-48c767ac2078,user_15,1325.86,gaming,2025-12-05 23:10:55,US,mobile,0
c70afcab-f71f-4479-bbd8-4c3f6efc360d,user_8,212.32,books,2025-12-05 23:10:55,CN,tablet,0
0d4b12c1-52ba-48fa-8059-351d8491d784,user_4,945.29,home,2025-12-05 23:10:55,FR,desktop,0
89aca5a1-8c7a-48a5-8bdf-053bce85cb42,user_6,472.72,clothing,2025-12-05 23:10:55,CN,tablet,0
20f57483-5e60-49b2-8c84-a6b5dfdde0fe,user_15,1694.87,home,2025-12-05 23:10:55,US,desktop,0
079c3cde-2a80-4d7a-96fd-c048902188f1,user_10,886.53,home,2025-12-05 23:10:55,FR,tablet,0
402cdc96-ea26-4b1b-a96a-e114a9c81270,user_5,1509.7,home,2025-12-05 23:10:55,DE,mobile,0
c0361956-1134-4313-9dd3-5dc650e3b268,user_13,237.25,gaming,2025-12-05 23:10:55,DE,mobile,0
4c12c883-c434-4058-8fc5-60ecbf099040,user_6,1208.53,home,2025-12-05 23:10:55,CN,tablet,0
81608ca5-6280-4106-89fb-69a3b6452f19,user_1,640.78,gaming,2025-12-05 23:10:55,DE,mobile,0
adecd8c7-a515-401e-b9ca-f4f801c37e2a,user_3,412.14,clothing,2025-12-05 23:10:55,FR,desktop,0
d2a6547f-d965-45a4-ba99-dd6d2d315e08,user_19,1588.33,clothing,2025-12-05 23:10:55,CN,tablet,0
4ff02506-883b-42f2-9313-dbcd1bc5f5fa,user_13,1744.71,home,2025-12-05 23:10:55,US,desktop,0
c3d7d2af-cb38-4f96-8a12-b04b0655da91,user_9,1244.2,gaming,2025-12-05 23:10:55,CN,tablet,0
69d46af4-51b3-4133-b443-6d7e13706188,user_13,923.44,gaming,2025-12-05 23:10:55,RU,mobile,0
933d1dbd-d537-4393-b97f-559196b64d54,user_19,1458.84,books,2025-12-05 23:10:55,DE,desktop,0
7ebee501-0db1-4e01-bfe4-5afe00f468dd,user_7,899.87,gaming,2025-12-05 23:10:55,DE,mobile,0
e61b34ae-903e-4ecb-b38a-94cba4704b7d,user_5,67.49,gaming,2025-12-05 23:10:55,US,mobile,0
9655e6a8-15e3-4b6d-ac1d-1b81bed5fdc9,user_8,124.75,clothing,2025-12-05 23:10:55,RU,mobile,0
5dc1a624-b2a4-45f6-827e-8ce08ad89672,user_7,19.77,home,2025-12-05 23:10:55,US,tablet,0
a24fbbd7-2e97-489f-aeb9-ba6e6f3e55c7,user_10,1477.03,electronics,2025-12-05 23:10:55,CN,tablet,1
94da9f7b-c6a7-4fe9-ab03-493827c313a2,user_17,1139.11,clothing,2025-12-05 23:10:55,DE,desktop,0
c5ac4ea4-90a7-4875-a3e5-2bb51c07ccbd,user_4,1248.33,gaming,2025-12-05 23:10:55,US,mobile,0
c07388db-9408-4d16-83fe-2a0a6676a6b5,user_13,781.11,books,2025-12-05 23:10:55,CN,mobile,0
d698a672-0c45-4efb-8d68-ef07aacd6e00,user_20,1706.7,home,2025-12-05 23:10:55,US,desktop,0
7e45aa82-5196-42fc-9524-09171d48843b,user_14,1358.29,home,2025-12-05 23:10:55,US,desktop,0
d569842c-746c-4a9a-bbb7-d0c0c18e1f1c,user_3,236.38,books,2025-12-05 23:10:55,RU,tablet,0
eb2bd4bb-ea2a-4a77-b816-c2daef42dae4,user_18,1786.27,gaming,2025-12-05 23:10:55,DE,mobile,1
f4176e60-8e03-4de8-b1a8-b32274c31e7e,user_8,1120.37,home,2025-12-05 23:10:55,US,mobile,0
44f516fd-faa9-46f3-93e4-0589d6dbd62e,user_18,1281.29,clothing,2025-12-05 23:10:55,US,mobile,0
3bb408ad-10d0-4619-88a5-f4ff9cf77840,user_13,79.82,electronics,2025-12-05 23:10:55,RU,tablet,0
ca0ee61b-8371-4560-b2ff-8df68418a2f5,user_11,258.53,clothing,2025-12-05 23:10:55,US,tablet,0
4c40dded-3cfb-48ac-9282-6483da841c3a,user_4,1860.72,books,2025-12-05 23:10:55,CN,mobile,0
1eec40a3-fd1d-4f91-937d-f777af7c5940,user_5,585.03,electronics,2025-12-05 23:10:55,CN,tablet,0
87e5ec81-5348-44c8-9e06-b3ab17df8940,user_13,842.04,clothing,2025-12-05 23:10:55,CN,desktop,0
7db4ca83-2114-4741-bb5d-dc143b5a9b56,user_10,72.3,clothing,2025-12-05 23:10:55,US,mobile,0
1e2ff573-16db-406d-b5d2-110094b86683,user_7,1363.53,clothing,2025-12-05 23:10:55,CN,desktop,0
2fc9af44-7f5e-4cfe-97b8-5d37e3dfe72f,user_20,916.31,electronics,2025-12-05 23:10:55,FR,mobile,0
7e0ca301-ae4e-43e0-bca0-2320569122c9,user_6,1060.96,books,2025-12-05 23:10:55,RU,mobile,0
45cb59bf-4015-44fe-97b1-b1d43934b56a,user_11,1765.38,home,2025-12-05 23:10:55,FR,mobile,0
464fe512-a2dd-4ef5-afc0-2578363881e1,user_11,217.7,clothing,2025-12-05 23:10:55,DE,tablet,0
9d31694c-0554-4275-bb8e-78fc4e534ea5,user_11,315.15,gaming,2025-12-05 23:10:55,FR,mobile,0
62407380-5f57-4e54-81eb-7db472e8d926,user_13,1890.83,clothing,2025-12-05 23:10:55,US,tablet,0
cb9bb8af-1ba9-4d48-85c9-a0680f76e36e,user_2,1321.02,clothing,2025-12-05 23:10:55,US,mobile,0
4a7f1a76-86d2-4d3c-a81f-18f905795192,user_15,943.99,books,2025-12-05 23:10:55,CN,mobile,0
c361ef5a-fadb-457c-8555-e783ec423356,user_3,1569.53,home,2025-12-05 23:10:55,DE,mobile,0
d4255c13-ac31-4fe3-819e-f786a2196a4f,user_16,1444.3,clothing,2025-12-05 23:10:55,RU,mobile,0
5763f2c7-e80d-445e-8cff-e07f4e883d6e,user_13,849.58,electronics,2025-12-05 23:10:55,US,tablet,0
7524171f-cba3-42b6-b6f1-131b10e1da44,user_3,752.41,books,2025-12-05 23:10:55,US,tablet,0
77b77131-7c2b-4bfa-873f-9d2194da3a84,user_20,1460.66,books,2025-12-05 23:10:55,CN,desktop,0
558632b4-935a-4a2a-a9af-26b9fd08c38b,user_16,1306.01,home,2025-12-05 23:10:55,US,desktop,0
bf09fdb6-4e8b-4086-9557-60f251226469,user_2,1428.17,books,2025-12-05 23:10:55,FR,desktop,0
9a046783-7994-474d-8da5-da914308687f,user_11,1220.71,books,2025-12-05 23:10:55,RU,desktop,0
435f73b3-60b5-4470-a024-edabb0e5ff67,user_13,1358.55,clothing,2025-12-05 23:10:55,RU,tablet,0
c294a7d5-bcb1-408d-923e-b88b21df4615,user_2,711.81,clothing,2025-12-05 23:10:55,CN,tablet,0
52313869-0b75-401b-9fe0-9f65dc7de1e8,user_14,86.45,gaming,2025-12-05 23:10:55,US,tablet,0
ed504468-44e7-4ee4-abb9-5fdbb2dd49e2,user_7,518.26,books,2025-12-05 23:10:55,RU,tablet,0
61831a0a-2833-4e6a-84d8-dc559b0c9dd6,user_14,1501.57,clothing,2025-12-05 23:10:55,DE,desktop,0
503dcf70-459d-45f6-8c72-db1a70ab5532,user_20,344.58,books,2025-12-05 23:10:55,CN,mobile,0
0bfbca16-3452-44d9-af4a-5b964cc8c68b,user_15,482.65,gaming,2025-12-05 23:10:55,FR,tablet,0
7dcbd2d8-c192-4c46-b65b-a0d3893c2889,user_12,1726.74,books,2025-12-05 23:10:55,US,tablet,0
d8ec9967-a34b-4727-a137-cbbd6547f2e6,user_8,1435.31,clothing,2025-12-05 23:10:55,RU,tablet,0
e415663b-73b5-4463-9b2a-8d409af7f064,user_18,1278.04,home,2025-12-05 23:10:55,RU,desktop,0
cf9fab3f-cdc5-4cba-9b2d-8d37eeb9ba75,user_13,1730.74,books,2025-12-05 23:10:55,CN,desktop,0
b8cbc505-c177-4380-888c-89121ca9a312,user_17,787.19,gaming,2025-12-05 23:10:55,RU,tablet,0
304a2ded-04c8-475b-bd31-60fb2fab7960,user_4,1061.58,home,2025-12-05 23:10:55,FR,tablet,0
0d84745a-56fa-4d24-9ff0-6bd0dd6215c9,user_16,420.2,clothing,2025-12-05 23:10:55,RU,tablet,0
31d3c5e8-9984-4d66-bf51-47d2b78b6cf0,user_18,983.73,books,2025-12-05 23:10:55,CN,tablet,0
90f1211a-62e0-4257-b0b2-35ae29e956d6,user_19,1203.04,home,2025-12-05 23:10:55,FR,tablet,0
46dc54e8-867e-4d77-8f63-2d40765bf9b3,user_15,127.23,books,2025-12-05 23:10:55,RU,desktop,0
8e837afa-da0d-4012-b8aa-e5352a9d22cf,user_6,1270.17,clothing,2025-12-05 23:10:55,FR,desktop,0
d79ca89a-b18c-4001-8d05-19ea1b3903bb,user_17,1327.2,books,2025-12-05 23:10:55,DE,tablet,0
a8eceb1c-b384-4935-91cf-7f5665d3a757,user_12,1193.16,books,2025-12-05 23:10:55,RU,mobile,0
066c6ee1-62e0-426b-8b73-1596be207648,user_20,301.98,electronics,2025-12-05 23:10:55,US,mobile,0
08745f99-fdc4-46db-ae1d-d5adb866accf,user_2,1915.6,home,2025-12-05 23:10:55,US,mobile,0
019366bc-0b39-411f-9226-6d35a42d255e,user_4,1756.63,home,2025-12-05 23:10:55,FR,desktop,0
0373e7f8-ae28-4e25-bc30-acb99c350641,user_6,141.02,gaming,2025-12-05 23:10:55,RU,tablet,0
27ddf0ac-9e9e-4eff-982e-fb7d02ceac47,user_7,931.93,gaming,2025-12-05 23:10:55,US,mobile,0
81d7adfe-df98-49c6-912b-78b88b6e1028,user_2,103.67,electronics,2025-12-05 23:10:55,US,tablet,0
46a6426c-073c-431e-b2de-e4f32d07af96,user_6,1883.48,clothing,2025-12-05 23:10:55,US,tablet,0
e2dc9d50-2eb8-40d1-ad37-697fcc62c0c3,user_9,845.47,clothing,2025-12-05 23:10:55,RU,tablet,0
f0e92aca-9502-4fc8-ae4a-2c4ff479caa5,user_16,1933.88,gaming,2025-12-05 23:10:55,DE,tablet,0
9e1549d8-18e9-4341-8f15-5690c130d5cf,user_2,1481.68,gaming,2025-12-05 23:10:55,DE,mobile,0
8531e14c-fb26-4cc9-920e-3a014c8f5f2f,user_6,404.04,clothing,2025-12-05 23:10:55,CN,desktop,0
4916b121-463e-4a02-a1c2-1772a90244d0,user_15,361.41,electronics,2025-12-05 23:10:55,DE,desktop,0
fdee34d6-b34a-4646-a6e0-c4dccec0813d,user_20,718.02,gaming,2025-12-05 23:10:55,DE,tablet,0
4d0fde57-b347-4628-862d-984c2927fb4e,user_3,557.13,books,2025-12-05 23:10:55,US,tablet,0
b0813372-5ba1-4c0b-b6c0-95763b6252b9,user_2,1625.69,books,2025-12-05 23:10:55,FR,desktop,0
ffdd4175-76f1-4649-8029-4bba16d2b928,user_18,74.62,books,2025-12-05 23:10:55,RU,mobile,0
4ff387b0-e0c1-493b-a324-f3e4c86e0a94,user_19,1568.82,books,2025-12-05 23:10:55,FR,tablet,0
1203d0ff-b44e-408f-8141-c997933d3281,user_4,662.96,home,2025-12-05 23:10:55,FR,mobile,0
0e6c30a7-59c7-4cc6-84ba-e1bf796447cb,user_18,1808.64,gaming,2025-12-05 23:10:55,DE,desktop,0
c134bed6-dd6d-424a-940e-2127f463fb8e,user_10,751.17,clothing,2025-12-05 23:10:55,DE,desktop,0
b4ed04e8-97f8-4d0e-bd44-e86701bd46e7,user_12,981.21,books,2025-12-05 23:10:55,DE,tablet,0
efa0cf32-ff00-4a1a-a65a-30e8013b8925,user_4,1393.3,home,2025-12-05 23:10:55,RU,tablet,0
a9ec9b79-3d55-43a7-9a91-c2e4224e7501,user_16,1395.52,clothing,2025-12-05 23:10:55,RU,desktop,0
8d631806-99c7-41c0-af79-14bac6d15470,user_11,743.49,books,2025-12-05 23:10:55,FR,desktop,0
a784eb61-9545-4770-97d3-161fe286529c,user_13,1767.44,gaming,2025-12-05 23:10:55,DE,tablet,0
973b6468-24e5-4993-b71e-14c2f781f361,user_10,1466.0,gaming,2025-12-05 23:10:55,DE,mobile,0
195fb4a2-97e7-4a27-97fb-5ec8266e20a7,user_7,1447.45,electronics,2025-12-05 23:10:55,FR,mobile,1
5dc192a2-4175-4914-868b-8a8c0ea4e063,user_19,84.38,books,2025-12-05 23:10:55,FR,mobile,0
a99d51d2-ff08-451d-a3f2-95df0b373d89,user_9,1580.18,gaming,2025-12-05 23:10:55,DE,desktop,0
88c27a96-c9aa-40cd-a0a4-1d5a51622052,user_14,1540.86,clothing,2025-12-05 23:10:55,US,mobile,0
8020ac08-4a68-485b-950f-68d920206ce2,user_1,1966.73,gaming,2025-12-05 23:10:55,CN,tablet,0
39651d6e-8a66-4ac1-bcac-16e85132f6be,user_13,1915.7,books,2025-12-05 23:10:55,DE,tablet,0
7469456d-a364-4682-895a-35d2078df7b5,user_15,1378.38,electronics,2025-12-05 23:10:55,DE,tablet,1
dc60aa2a-9263-48bc-94f0-d9be4152682b,user_3,1733.38,clothing,2025-12-05 23:10:55,CN,tablet,0
53fae567-bb3a-40b1-ab47-255aff995f8d,user_8,1678.52,books,2025-12-05 23:10:55,FR,mobile,0
ab8f34b7-134e-4e98-af12-d841ed31623e,user_5,154.1,home,2025-12-05 23:10:55,CN,desktop,0
bed2a943-7ccf-404c-aa70-364c6bb65574,user_1,559.86,electronics,2025-12-05 23:10:55,US,mobile,0
bdcdab80-36e2-4edf-97dd-daf47183bb8e,user_17,1743.48,clothing,2025-12-05 23:10:55,DE,tablet,0
cb18b6fd-04f7-4f0a-8058-9f45ab989261,user_4,995.87,electronics,2025-12-05 23:10:55,CN,desktop,0
34b35e8a-1072-49eb-8398-6cbcd74e2dfa,user_16,1919.33,home,2025-12-05 23:10:55,RU,mobile,0
2be666b9-ed56-4164-a3b2-a26c167d4994,user_5,1690.98,gaming,2025-12-05 23:10:55,DE,tablet,0
09ce663e-e052-4e94-9a04-6df1cf8fa219,user_2,1656.24,electronics,2025-12-05 23:10:55,CN,mobile,1
be5d91de-8584-4d8c-9a5f-042682075916,user_5,973.67,gaming,2025-12-05 23:10:55,FR,tablet,0
c1b96dca-b5f0-4eac-8dc1-6da4bd5fddf5,user_19,1282.76,electronics,2025-12-05 23:10:55,RU,tablet,1
ca317d54-0783-4d84-a2fa-cfee59777121,user_6,1692.27,home,2025-12-05 23:10:55,FR,tablet,0
310d4d1d-a544-4011-82f7-e8c33a1bbd23,user_1,947.13,home,2025-12-05 23:10:55,CN,tablet,0
dabe4242-762e-49f9-a7fe-b10d8a51da58,user_19,1175.07,gaming,2025-12-05 23:10:55,DE,desktop,0
af956e03-2977-4e13-89c2-b8967ff706b1,user_20,1106.11,clothing,2025-12-05 23:10:55,DE,mobile,0
4e056c64-77a3-40b4-a919-a657ce660fac,user_3,303.76,gaming,2025-12-05 23:10:55,US,tablet,0
3d2ee448-7cf5-460a-8419-042fbd0e9f9c,user_9,1440.51,electronics,2025-12-05 23:10:55,DE,mobile,1
6d2d1f0f-3b13-4db8-92cb-ec78a3a2268c,user_19,663.03,home,2025-12-05 23:10:55,FR,mobile,0
9d00b61e-af33-4ed0-85c2-cd5defc2994c,user_1,71.15,clothing,2025-12-05 23:10:55,US,desktop,0
abca1e86-c5e6-4a05-a8f5-bb881c63bcc9,user_16,1729.66,gaming,2025-12-05 23:10:55,FR,desktop,0
1476d6f8-b4c4-4017-97a5-57c9a55f0962,user_12,983.24,electronics,2025-12-05 23:10:55,RU,desktop,0
ee14d055-8da4-439e-8084-13d4b1bc2ec2,user_5,1924.56,clothing,2025-12-05 23:10:55,US,desktop,0
d3100c54-6606-4e40-a963-701366ae777c,user_18,734.65,books,2025-12-05 23:10:55,RU,desktop,0
873a761a-7ad2-4f9b-a50b-88a3760043de,user_13,37.11,gaming,2025-12-05 23:10:55,DE,desktop,0
034fa7a3-82bf-468c-82ae-0f8ccd0a068b,user_19,1532.88,books,2025-12-05 23:10:55,FR,tablet,0
6de0eb54-cea6-48a5-a6a7-1746bcd48b2f,user_6,1090.35,clothing,2025-12-05 23:10:55,DE,tablet,0
43caad60-7d12-4fd9-971d-30d772df9fcf,user_10,1459.82,electronics,2025-12-05 23:10:55,DE,desktop,1
e93d8e5e-4049-48e7-aa7c-0ac90edaa30f,user_3,1444.62,gaming,2025-12-05 23:10:55,FR,tablet,0
7ca7d738-225a-4d82-95fd-37ff0364574d,user_11,71.63,clothing,2025-12-05 23:10:55,DE,desktop,0
2cd45cef-c2a2-4960-bd32-765a854de999,user_19,607.04,electronics,2025-12-05 23:10:55,CN,desktop,0
5070cde7-5dca-4394-a16a-204a5d8c2594,user_11,715.12,clothing,2025-12-05 23:10:55,CN,tablet,0
e147d9df-a46c-4026-a79c-c1bbe9a4d020,user_13,202.0,clothing,2025-12-05 23:10:55,FR,mobile,0
468a41cf-f3c4-44de-8368-beacd6c03918,user_20,945.34,home,2025-12-05 23:10:55,RU,desktop,0
5e147786-f758-4a61-9381-4ffa5e68aabc,user_11,520.27,gaming,2025-12-05 23:10:55,DE,tablet,0
026d2760-c011-4aaf-a862-b95c8fb9190a,user_10,141.02,home,2025-12-05 23:10:55,RU,desktop,0
5ced0a63-6f8d-47cd-9ccb-035c17965784,user_19,978.57,electronics,2025-12-05 23:10:55,US,mobile,0
c788f7e5-4990-49fd-a481-d218404d3f2a,user_18,1111.73,clothing,2025-12-05 23:10:55,FR,mobile,0
f693888b-e229-4326-9720-4b19cbbe6a3d,user_16,1375.39,gaming,2025-12-05 23:10:55,CN,desktop,0
c7c4eb61-01b6-4d50-8276-83840ac561f6,user_13,1026.97,clothing,2025-12-05 23:10:55,RU,desktop,0
8c01b39d-73ff-487f-b304-63b3050ae84a,user_1,1382.85,electronics,2025-12-05 23:10:55,RU,mobile,1
0245514d-16e7-426f-b653-ec4ea42e94d9,user_2,1744.27,home,2025-12-05 23:10:55,DE,mobile,0
68675cb2-d058-4d2a-8a7f-fae2532319f3,user_10,1885.92,electronics,2025-12-05 23:10:55,FR,mobile,1
3604540e-362c-44de-a528-a435357b26f7,user_5,1876.03,clothing,2025-12-05 23:10:55,RU,tablet,0
311d7ba8-e28a-471f-ac2e-5d4f844fe10f,user_15,715.46,gaming,2025-12-05 23:10:55,RU,tablet,0
fcc50922-888d-4ae5-9810-700ae2918bb0,user_11,1442.13,electronics,2025-12-05 23:10:55,US,mobile,1
03e7fc35-c63d-4409-89f1-b6b1e124bcba,user_9,425.29,electronics,2025-12-05 23:10:55,DE,tablet,0
67f77a13-6b6f-4c78-8223-fd6dc0e7f47f,user_1,1357.2,gaming,2025-12-05 23:10:55,CN,desktop,0
2b11a011-4039-438b-8a00-cf4e430e71a2,user_9,942.56,home,2025-12-05 23:10:55,CN,tablet,0
7e51f27e-d15f-4d09-bbd2-4db7f1a1f630,user_8,1643.23,home,2025-12-05 23:10:55,FR,mobile,0
5ef24e69-031a-44ce-9c88-c916bcee7108,user_3,672.74,electronics,2025-12-05 23:10:55,DE,tablet,0
8e71bda7-0f51-4d13-a66a-37dd3105a9a1,user_20,645.97,gaming,2025-12-05 23:10:55,RU,desktop,0
2721f4f3-63a4-400e-982d-b4b34859f4cc,user_11,1450.96,clothing,2025-12-05 23:10:55,RU,tablet,0
78d40a26-d7f7-42d2-8d3b-dd582b09f47b,user_6,1826.52,home,2025-12-05 23:10:55,CN,desktop,0
683bd837-ba89-4e24-a0f8-db5f5e2a7024,user_5,182.46,home,2025-12-05 23:10:55,US,mobile,0
10098918-3c54-4768-9fa5-f5cc1d5ab410,user_19,292.16,clothing,2025-12-05 23:10:55,FR,mobile,0
d5d23c3f-ab95-4c28-9636-204c54c6559f,user_9,1286.36,clothing,2025-12-05 23:10:55,FR,tablet,0
37964e0c-db07-40b2-b7a1-bf6e000539d2,user_11,1804.1,gaming,2025-12-05 23:10:55,DE,mobile,1
b7f6bc7b-959b-4984-8489-34ad224d44e0,user_8,1314.47,books,2025-12-05 23:10:55,FR,desktop,0
69dd0839-41f3-47f0-9db1-1217ac9b2d06,user_1,861.24,gaming,2025-12-05 23:10:55,FR,mobile,0
395fe751-0f84-4cd6-ae9d-411530d9dbbf,user_2,882.66,electronics,2025-12-05 23:10:55,RU,mobile,0
ebdf9b6f-a668-4567-896b-0dd0ece5c9c5,user_14,1414.35,electronics,2025-12-05 23:10:55,RU,mobile,1
f2571226-ec47-4f0c-81ae-1f3b1830a668,user_11,1822.21,electronics,2025-12-05 23:10:55,US,tablet,1
50f19084-1084-4ec2-bc88-023548dd5f6f,user_3,950.39,clothing,2025-12-05 23:10:55,US,mobile,0
ccf6662f-ba47-4677-95d2-c0d8ca5d4732,user_13,1083.01,gaming,2025-12-05 23:10:55,US,mobile,0
93e0f29d-e11f-4d9a-810c-a719231e4755,user_7,1553.71,home,2025-12-05 23:10:55,FR,tablet,0
83f25362-3e6d-4de5-b666-e6e34514d5b4,user_17,712.14,gaming,2025-12-05 23:10:55,DE,tablet,0
87d3523f-27cf-41c0-ac6b-62563bfda663,user_15,1293.18,books,2025-12-05 23:10:55,DE,tablet,0
23a5a882-65ce-4a28-8b9b-72157fa63681,user_15,71.5,home,2025-12-05 23:10:55,US,tablet,0
a58f4dfc-dedd-4597-b8f9-050b03b98a6e,user_13,1863.97,books,2025-12-05 23:10:55,RU,desktop,0
411ebac8-e34d-4b1e-a12b-db2dbe4d2678,user_1,513.35,books,2025-12-05 23:10:55,CN,mobile,0
2875383c-d244-4f94-97e6-e85b2b7b5720,user_14,1923.33,books,2025-12-05 23:10:55,DE,tablet,0
be04e5ac-eb07-4116-9974-9f091b0c308b,user_9,1017.86,clothing,2025-12-05 23:10:55,RU,mobile,0
cb1384d7-9ae9-40d6-8601-77fa52c69c18,user_6,1474.36,gaming,2025-12-05 23:10:55,RU,tablet,0
9475950b-e0dc-428f-b928-016af528cf1e,user_18,251.8,electronics,2025-12-05 23:10:55,RU,desktop,0
250b02a8-1eff-4678-a695-538f8d17d120,user_4,926.37,home,2025-12-05 23:10:55,US,mobile,0
5327da24-e2fb-4523-9fad-3b67fe083929,user_18,1861.3,gaming,2025-12-05 23:10:55,FR,desktop,0
b6c5bc33-24b1-40d9-9ac7-b4f7dff6df96,user_10,302.84,books,2025-12-05 23:10:55,RU,desktop,0
8066f133-ef3e-4e21-b0e3-34b49eae657c,user_15,1904.66,books,2025-12-05 23:10:55,DE,tablet,0
836d9bcd-c916-41eb-8746-bef199ecf21a,user_6,778.51,books,2025-12-05 23:10:55,DE,tablet,0
27c5814a-ec21-4121-85d9-9dba0741f45f,user_8,1601.18,books,2025-12-05 23:10:55,US,tablet,0
fee8373c-a6fc-42a5-a0ba-7080a2c5918d,user_9,483.97,gaming,2025-12-05 23:10:55,RU,desktop,0
9421400a-f04c-4b3a-81b9-c6d4bbc7a7e0,user_6,1949.78,electronics,2025-12-05 23:10:55,CN,desktop,1
9c4f2cef-2800-4d14-8636-536954d04df7,user_6,518.64,gaming,2025-12-05 23:10:55,US,mobile,0
18c45870-24c6-43f2-bcf7-88c5f5d2e075,user_6,229.19,electronics,2025-12-05 23:10:55,CN,mobile,0
65ff2376-b344-456d-a88d-0a537c691b64,user_2,829.5,home,2025-12-05 23:10:55,US,tablet,0
4c2c36df-8576-4a21-a13f-d291c6d963e4,user_8,834.04,gaming,2025-12-05 23:10:55,US,mobile,0
4e427cee-32c0-4198-b265-82129ae7c3d0,user_3,1613.14,clothing,2025-12-05 23:10:55,RU,mobile,0
41f6834a-6f03-4325-a9bf-533e976a8ffc,user_3,1083.74,home,2025-12-05 23:10:55,US,mobile,0
0521ea5f-a0bf-41a7-be0e-45a9fcf3383a,user_8,496.92,gaming,2025-12-05 23:10:55,US,tablet,0
ec8cf1e0-26b2-4eed-b693-c6b67d6380f9,user_3,295.84,books,2025-12-05 23:10:55,US,tablet,0
8aae07eb-7112-4c14-94cf-0741b1933c1e,user_8,1953.32,electronics,2025-12-05 23:10:55,RU,mobile,1
53e27949-e5f3-4e74-925a-234ccb7acaeb,user_14,1989.96,electronics,2025-12-05 23:10:55,CN,desktop,1
051c0950-0e1c-4228-830d-ffdae8503465,user_16,778.75,gaming,2025-12-05 23:10:55,FR,mobile,0
95c5ab1b-7292-42e3-8e14-5cc9b7cd1ef5,user_19,822.44,gaming,2025-12-05 23:10:55,DE,tablet,0
b20c1bbe-4b21-4221-b953-596a0574a096,user_1,1667.98,electronics,2025-12-05 23:10:55,DE,tablet,1
8f5e605b-ed8d-4cbf-ae4c-4d1736b63b76,user_2,368.03,gaming,2025-12-05 23:10:55,RU,tablet,0
922772ae-afd6-4875-a441-f68f93b236a4,user_7,1068.58,clothing,2025-12-05 23:10:55,RU,desktop,0
c8abd4bf-15f8-4b22-8feb-18dba15aa165,user_8,1666.38,home,2025-12-05 23:10:55,RU,mobile,0
ecc77de4-5f45-453a-ad2d-fafb1ca4148d,user_8,241.77,books,2025-12-05 23:10:55,DE,mobile,0
7e048473-9ae1-4ed2-bc6d-29cf9683eab4,user_9,453.08,home,2025-12-05 23:10:55,DE,mobile,0
c2bcc7c6-6a0b-439a-abbf-2949ed7c33f0,user_16,1435.61,clothing,2025-12-05 23:10:55,RU,mobile,0
15f9ccdd-6469-4921-86c2-5877036cf82d,user_11,1298.9,clothing,2025-12-05 23:10:55,DE,tablet,0
db7da29c-fa3d-4cae-8b31-b73af503b53a,user_20,500.47,home,2025-12-05 23:10:55,DE,desktop,0
6c87dc29-76ac-45a3-bc0a-3c03238ab67f,user_15,246.68,electronics,2025-12-05 23:10:55,FR,mobile,0
adae1661-3304-4b78-8347-b746315267c4,user_19,1313.88,clothing,2025-12-05 23:10:55,RU,desktop,0
b537969c-5f9e-430a-9398-9cf29119174a,user_1,1489.66,electronics,2025-12-05 23:10:55,FR,mobile,1
357e90d7-6407-4e23-8bf1-a3321e36076e,user_3,1113.14,clothing,2025-12-05 23:10:55,FR,mobile,0
2509339b-e175-49d6-b5b4-dc460abba1a0,user_12,62.54,electronics,2025-12-05 23:10:55,CN,desktop,0
44b1c80f-6137-48f1-baed-7298f0dcc3b6,user_11,950.86,gaming,2025-12-05 23:10:55,DE,tablet,0
608e04f6-ccac-4ad5-9ce8-6eedb7c2a93d,user_14,1918.92,gaming,2025-12-05 23:10:55,RU,mobile,1
6d3187cd-9938-4f89-807a-4d7ba70269fe,user_2,1403.97,clothing,2025-12-05 23:10:55,CN,mobile,0
cbb45ece-9e7f-4068-821f-6bf0e86ec1ec,user_6,1616.32,electronics,2025-12-05 23:10:55,RU,tablet,1
6f15abf2-eac9-48e8-99d6-c974ad4a58fa,user_9,1642.04,gaming,2025-12-05 23:10:55,RU,mobile,1
312e410e-9f44-4a2f-a187-a423e20de89c,user_17,1660.66,home,2025-12-05 23:10:55,DE,mobile,0
fa6015b1-5f27-4307-8130-ee6c6789f213,user_20,1545.09,clothing,2025-12-05 23:10:55,DE,mobile,0
a9684e18-4099-4993-be4a-4dc0b0922414,user_18,1670.75,home,2025-12-05 23:10:55,US,desktop,0
27eaddfa-d557-4949-92bf-b9ad0576d88c,user_11,1621.0,clothing,2025-12-05 23:10:55,CN,tablet,0
97347d86-834c-4840-a560-33f3f6edbf62,user_11,1735.39,home,2025-12-05 23:10:55,RU,desktop,0
90763412-9cc3-4335-b510-9b6d8ab76ce0,user_3,407.47,books,2025-12-05 23:10:55,RU,desktop,0
6c49ddf8-e93d-4cd3-8024-c173a925957f,user_19,171.16,gaming,2025-12-05 23:10:55,US,tablet,0
5d54afcd-974f-40c2-b839-723e03cab660,user_18,1965.94,electronics,2025-12-05 23:10:55,CN,tablet,1
8b75c20c-bd1b-4c87-8580-0e2791c1d7ad,user_14,1894.69,electronics,2025-12-05 23:10:55,CN,mobile,1
9a2f573c-6d1c-4296-acf6-ed20f79929c2,user_19,244.09,gaming,2025-12-05 23:10:55,US,mobile,0
b7fdca7c-d73b-4800-abc4-758b25d859f4,user_1,1398.09,home,2025-12-05 23:10:55,FR,mobile,0
d250178c-8ee5-4d01-90db-d70be15837db,user_17,1214.81,gaming,2025-12-05 23:10:55,FR,mobile,0
fc80340e-f835-4791-a075-31859fbb898f,user_6,29.29,gaming,2025-12-05 23:10:55,CN,tablet,0
91140ede-c152-45d9-86da-be0f144fe283,user_1,898.05,gaming,2025-12-05 23:10:55,FR,desktop,0
8ea5be9b-98a6-45f8-af8c-cde5ec3bdcab,user_19,1989.67,books,2025-12-05 23:10:55,RU,mobile,0
f8d04ee8-c9d3-4dc5-aaa9-7f94062f0089,user_16,396.64,gaming,2025-12-05 23:10:55,RU,mobile,0
dc443c6c-b520-4629-9d11-aaa55f6d088b,user_7,1716.83,home,2025-12-05 23:10:55,DE,desktop,0
0bf6d5ae-1a44-4c49-a1c0-d2a84da1dd48,user_7,153.82,books,2025-12-05 23:10:55,DE,tablet,0
2bf6b55f-8ca7-4d81-b824-16c74068aab5,user_9,345.82,gaming,2025-12-05 23:10:55,FR,mobile,0
45db933f-34ac-45a1-8c86-f9e3d6d52b47,user_11,1469.92,books,2025-12-05 23:10:55,RU,mobile,0
5a56936e-87df-42bd-b434-cbfd068c3085,user_5,290.92,electronics,2025-12-05 23:10:55,FR,desktop,0
d4ea62cf-c0db-45db-bf8c-5e0020f169b9,user_11,270.4,gaming,2025-12-05 23:10:55,DE,mobile,0
fb5055a4-2289-46fe-bea6-1b2e72e4cc94,user_1,471.54,electronics,2025-12-05 23:10:55,CN,mobile,0
9719fcc2-b675-4922-aa1d-63a47d2d5b47,user_14,79.61,home,2025-12-05 23:10:55,FR,mobile,0
b34ddd82-0e3f-4bbd-ba24-cdf85fb2c4d8,user_12,1308.19,books,2025-12-05 23:10:55,DE,desktop,0
5158b240-5e5e-42ca-b692-9e40bf94719a,user_16,980.67,books,2025-12-05 23:10:55,RU,desktop,0
8b40f8d3-c177-48c3-8db6-580c12910a5a,user_20,239.56,electronics,2025-12-05 23:10:55,FR,mobile,0
e02bb775-1c07-4f81-b096-b956cb3146dd,user_6,1333.42,electronics,2025-12-05 23:10:55,CN,desktop,1
18548ef0-42b7-4fcd-b370-41125362e887,user_6,88.57,home,2025-12-05 23:10:55,RU,tablet,0
12e4b57a-48c8-416f-a1f3-3134f7754805,user_20,859.0,clothing,2025-12-05 23:10:55,US,tablet,0
7220af9b-dd7a-4588-a809-221c37d07d32,user_16,1858.79,books,2025-12-05 23:10:55,FR,mobile,0
631d86da-4784-402d-81ac-15a54e67bdac,user_13,1182.35,clothing,2025-12-05 23:10:55,RU,desktop,0
5b4ed3ee-fc27-4ae8-bd7e-9a84569554b4,user_1,570.85,clothing,2025-12-05 23:10:55,DE,desktop,0
c2208fb6-4596-444d-8c5a-f1265cc860b5,user_19,1795.67,electronics,2025-12-05 23:10:55,RU,tablet,1
0b31a0ad-af2b-4061-bcaa-518237b0345c,user_6,221.7,home,2025-12-05 23:10:55,FR,tablet,0
6388dbbc-e1e0-4e46-a29e-41147df8ee89,user_17,1053.91,books,2025-12-05 23:10:55,FR,desktop,0
0657f928-7f6e-48ee-8aaa-f0403d7cf3da,user_8,1004.7,books,2025-12-05 23:10:55,DE,mobile,0
f4573ef6-cf37-442a-87ae-9893e9ee622d,user_11,1237.69,home,2025-12-05 23:10:55,CN,mobile,0
13b3ce54-c09a-4730-b206-86f5d12f638f,user_15,376.6,home,2025-12-05 23:10:55,US,desktop,0
32e2e912-c878-49dd-9686-cd7c8a899923,user_19,227.53,clothing,2025-12-05 23:10:55,US,mobile,0
5f36d4c3-cec1-4be5-a189-00d84efd47c1,user_11,1301.58,gaming,2025-12-05 23:10:55,RU,desktop,0
dd2cb047-64ab-4fdc-b446-f60bfc06da99,user_7,283.15,electronics,2025-12-05 23:10:55,CN,desktop,0
f7afeb6b-0ef1-47ed-8f3c-f2862d47cf57,user_10,789.7,electronics,2025-12-05 23:10:55,US,mobile,0
c52bdc15-5df2-4d0b-ab79-7b53b245d51e,user_2,1389.65,electronics,2025-12-05 23:10:55,US,mobile,1
38361f2b-2df3-4dfd-b3a5-6eb9be62cda4,user_14,507.79,books,2025-12-05 23:10:55,RU,tablet,0
da21946a-64c5-41c0-8b2f-9d2fa0477de0,user_4,257.49,gaming,2025-12-05 23:10:55,RU,desktop,0
7aa6e3a5-666b-47d9-8e5f-2e935e2c24da,user_15,405.44,books,2025-12-05 23:10:55,CN,tablet,0
a1bf1dd1-f69a-4ad1-8063-507db110b569,user_14,1658.52,books,2025-12-05 23:10:55,DE,tablet,0
dfc50534-f0d4-48c9-a65e-fdab4500204e,user_10,912.49,clothing,2025-12-05 23:10:55,US,desktop,0
8645fa4f-c268-48fe-a564-28ea911c3916,user_10,1497.61,electronics,2025-12-05 23:10:55,US,desktop,1
95a0e854-e026-42b0-bb7e-37940346a6ce,user_20,1555.17,home,2025-12-05 23:10:55,CN,tablet,0
68016b4d-7a6e-456b-9baa-cdc5a832adda,user_10,1874.82,gaming,2025-12-05 23:10:55,FR,mobile,1
43071d7e-322f-40c1-91cd-f36f9231e190,user_9,930.69,electronics,2025-12-05 23:10:55,US,tablet,0
32b9327a-9aa8-42a2-aaef-830cccc7f729,user_13,778.89,home,2025-12-05 23:10:55,FR,tablet,0
cea27bfd-79c3-430b-bccb-ea28748eeb23,user_8,1142.05,gaming,2025-12-05 23:10:55,CN,mobile,0
b2fd0913-0fab-4b62-9eeb-b94d4fb498e5,user_18,1983.96,books,2025-12-05 23:10:55,US,desktop,0
965ece94-4ca7-461f-98cd-715e985fd172,user_15,468.72,electronics,2025-12-05 23:10:55,DE,tablet,0
3c28c77e-a443-45ef-8046-673876610af5,user_10,479.0,home,2025-12-05 23:10:55,US,tablet,0
26ab4725-9a06-4d98-9180-53223597a1ad,user_7,1686.48,electronics,2025-12-05 23:10:55,DE,tablet,1
412e7e72-6548-47c0-9508-abc2b176d795,user_20,1162.22,clothing,2025-12-05 23:10:55,RU,tablet,0
a8e04dee-1a75-4d0d-99f0-37cb2cb8d04f,user_14,477.09,gaming,2025-12-05 23:10:55,CN,mobile,0
6e6362de-f7fa-42d4-9213-898b534575eb,user_2,1730.22,gaming,2025-12-05 23:10:55,CN,mobile,1
3422a236-a64f-46b5-8942-6a113ef48b95,user_18,738.66,electronics,2025-12-05 23:10:55,CN,mobile,0
0856892e-d471-4024-b5cc-09daa385234a,user_8,807.12,home,2025-12-05 23:10:55,US,tablet,0
b0681a63-3d60-4563-96bc-5aa036eeb1d5,user_13,652.48,electronics,2025-12-05 23:10:55,RU,mobile,0
b65c2ff6-6315-4dce-84d9-8aaae3880181,user_7,83.64,books,2025-12-05 23:10:55,FR,mobile,0
8976ab75-1986-45f4-ac3f-efc6cb0a14c8,user_2,479.73,gaming,2025-12-05 23:10:55,US,mobile,0
db7b3673-5974-43ed-906f-358155678721,user_7,1390.31,home,2025-12-05 23:10:55,DE,tablet,0
2a462c3e-323b-4be5-9408-95188bd69fa6,user_14,114.01,clothing,2025-12-05 23:10:55,US,mobile,0
f4ac48e7-1c05-4c4c-bc8d-dd9749ccdaa9,user_6,547.22,electronics,2025-12-05 23:10:55,US,tablet,0
163ed360-c597-4dbc-9daa-c6b881de2ead,user_4,1580.69,electronics,2025-12-05 23:10:55,RU,desktop,1
2c8993fa-46d1-4df3-8e0f-6dba4aec193f,user_4,1683.72,home,2025-12-05 23:10:55,FR,tablet,0
a40db041-f05f-4976-895e-78b5d2e1199f,user_7,950.32,clothing,2025-12-05 23:10:55,FR,desktop,0
031eb4b3-0387-4187-8281-1b0454e89f4d,user_15,17.92,electronics,2025-12-05 23:10:55,DE,tablet,0
7c423361-6a3f-4a09-a555-4b1ca911e5c8,user_16,805.3,home,2025-12-05 23:10:55,CN,mobile,0
f0520dc7-c438-494f-8727-f870a61a5b0f,user_19,1096.88,books,2025-12-05 23:10:55,CN,tablet,0
4d4ad034-a531-4972-8633-a696859e2ce9,user_5,374.05,gaming,2025-12-05 23:10:55,RU,mobile,0
c939377a-4d9c-4679-bfa0-3802ec7d4540,user_14,1734.94,home,2025-12-05 23:10:55,FR,tablet,0
0b8d561d-1f62-4d1f-9a34-394d0e921092,user_1,670.81,electronics,2025-12-05 23:10:55,CN,tablet,0
00c85cf0-fbd1-4d99-972a-2a58e1fd6d14,user_1,1620.38,home,2025-12-05 23:10:55,US,desktop,0
3773c183-a692-4067-969f-32158e54b835,user_9,654.16,books,2025-12-05 23:10:55,CN,tablet,0
a2228b32-3a73-4d23-b08c-665d7c89daed,user_16,32.88,electronics,2025-12-05 23:10:55,US,desktop,0
5425a370-8901-4d1d-a7e9-6f8d1740f02d,user_8,238.55,electronics,2025-12-05 23:10:55,CN,mobile,0
80d9ba2f-bb97-4f39-8a6d-c7ded7ac7e64,user_7,1371.19,electronics,2025-12-05 23:10:55,FR,tablet,1
91b2491e-1c30-44d8-80d8-24df45a0bf9a,user_13,1547.51,books,2025-12-05 23:10:55,RU,mobile,0
f8f9cac4-98ef-45f6-9caa-ead1c0332d25,user_3,590.73,home,2025-12-05 23:10:55,DE,mobile,0
94b2192a-036d-4785-82ce-03dc1ca23822,user_3,385.8,gaming,2025-12-05 23:10:55,CN,desktop,0
12a499b1-b8a7-4a95-8c4f-e807850966d7,user_2,526.2,home,2025-12-05 23:10:55,RU,desktop,0
e67cf08e-5d39-4a23-b714-a9f22bbb8507,user_9,1221.21,home,2025-12-05 23:10:55,US,tablet,0
a2f55ea4-db6b-4e90-b02d-3e8138df13ec,user_9,1040.61,gaming,2025-12-05 23:10:55,CN,desktop,0
3f3ff3d3-8358-4607-80ef-cb7a94931464,user_3,1306.44,gaming,2025-12-05 23:10:55,RU,desktop,0
f9d3384d-4cdb-4c38-90a7-4857ef4a2eef,user_20,439.14,clothing,2025-12-05 23:10:55,CN,mobile,0
0e1cace5-2141-49e2-96e0-8a77cef19b4b,user_19,1602.05,books,2025-12-05 23:10:55,DE,desktop,0
d1894404-fc28-4133-b2b9-4664fc989322,user_3,729.45,electronics,2025-12-05 23:10:55,RU,mobile,0
35ac37e7-1c72-4114-80cd-7cb23021b85a,user_14,1706.88,books,2025-12-05 23:10:55,US,mobile,0
9496a876-3ffc-4f65-b705-0b8a162e9994,user_18,1527.65,gaming,2025-12-05 23:10:55,RU,mobile,1
df86e61b-16c1-4371-8f64-294d7a08775c,user_16,177.43,clothing,2025-12-05 23:10:55,CN,desktop,0
88567ee6-2178-4473-b434-fc84307bc2d7,user_4,1110.93,home,2025-12-05 23:10:55,DE,mobile,0
da184b0e-eddb-451f-b4fb-0aa96a03537c,user_4,15.54,books,2025-12-05 23:10:55,FR,mobile,0
de794112-b056-4c23-8658-867aa388ac3f,user_6,487.39,clothing,2025-12-05 23:10:55,FR,desktop,0
92df6cea-c6e1-4ad5-8e8b-6acd462bf264,user_10,622.15,home,2025-12-05 23:10:55,DE,desktop,0
a7506c0b-e26b-40e8-9e8e-ed03a1ec7b17,user_4,624.3,books,2025-12-05 23:10:55,CN,desktop,0
9d2136a5-ee7b-4b43-af56-c9faf149240b,user_2,172.05,gaming,2025-12-05 23:10:55,DE,desktop,0
26d261b8-5404-4a46-9579-224a57c2ae8d,user_1,638.2,clothing,2025-12-05 23:10:55,US,tablet,0
82f9a3e8-764e-4f6d-8271-330dc0f2c8c4,user_15,265.85,clothing,2025-12-05 23:10:55,DE,mobile,0
3b99de60-7416-4a49-b739-cf1e762f75da,user_17,422.5,clothing,2025-12-05 23:10:55,US,mobile,0
3f9c1d64-aaeb-47cd-b749-49449e2dfcda,user_8,1033.28,gaming,2025-12-05 23:10:55,US,mobile,0
d9356d4b-3607-4d2c-934f-2ab48815caec,user_20,665.85,clothing,2025-12-05 23:10:55,RU,tablet,0
49a417f1-d008-44bc-9822-cccc27ee522d,user_2,1554.17,gaming,2025-12-05 23:10:55,DE,mobile,1
1faef080-d50d-4fe4-8ce6-c5e7084838ab,user_19,146.21,clothing,2025-12-05 23:10:55,RU,tablet,0
a15600bc-d85e-4084-831e-61c7fc3e8562,user_18,888.24,electronics,2025-12-05 23:10:55,CN,tablet,0
841cc910-11e0-41ee-92a9-c21abea8914d,user_12,1700.91,gaming,2025-12-05 23:10:55,US,mobile,1
30ed5026-e6be-494e-96b9-d345583150a2,user_17,1058.22,home,2025-12-05 23:10:55,FR,mobile,0
444c71e7-6913-42be-93e1-07d26874a822,user_8,975.65,books,2025-12-05 23:10:55,CN,mobile,0
e39523a9-206f-4a3b-966e-f9cf5ebc36b2,user_7,632.22,books,2025-12-05 23:10:55,RU,mobile,0
09bdef66-eeba-48a8-a183-cda382677a0d,user_15,1010.35,gaming,2025-12-05 23:10:55,CN,tablet,0
7f247351-585a-41bc-b696-ea0169cd3a08,user_9,794.98,electronics,2025-12-05 23:10:55,DE,desktop,0
4744a328-6c73-439c-9de4-5b5dd2ae9804,user_13,1304.13,clothing,2025-12-05 23:10:55,RU,desktop,0
eb5f9dfb-cefd-4c0e-b5d8-a775ed51fda0,user_9,962.23,home,2025-12-05 23:10:55,CN,mobile,0
774e557d-da37-4c63-a6f8-1c6bd5517a55,user_13,1023.03,electronics,2025-12-05 23:10:55,FR,mobile,1
ec7108e5-e729-4514-903f-abcafa1a2a33,user_11,1380.89,electronics,2025-12-05 23:10:55,US,tablet,1
4097308d-b85e-430e-ad8b-1b91d2d3ce07,user_12,1703.06,books,2025-12-05 23:10:55,US,desktop,0
5cd2ec58-d10d-49cb-bffa-4c2bb3029480,user_5,316.65,home,2025-12-05 23:10:55,DE,mobile,0
d43c6590-7965-4b69-80dd-53fc785502b3,user_17,221.53,home,2025-12-05 23:10:55,CN,tablet,0
39080b13-e9e3-4a83-9601-9e3efe1db3a7,user_2,854.12,books,2025-12-05 23:10:55,RU,tablet,0
880584df-b013-4959-9dea-c9c5142bb40b,user_17,1740.21,home,2025-12-05 23:10:55,CN,mobile,0
95edd975-0305-460f-b915-e114f398c650,user_6,600.94,books,2025-12-05 23:10:55,CN,tablet,0
95309c34-a205-45fb-bf74-96bfa7b56e39,user_14,475.96,gaming,2025-12-05 23:10:55,US,tablet,0
c75d8f6a-0d2a-4580-9c21-5eebd093042b,user_15,305.49,gaming,2025-12-05 23:10:55,RU,mobile,0
558b9461-b31a-466b-9c08-2743caa5b076,user_11,578.78,electronics,2025-12-05 23:10:55,FR,mobile,0
15e4388e-8cce-4591-b72f-ce274190a4de,user_18,1803.57,books,2025-12-05 23:10:55,CN,tablet,0
b3a88c18-c3da-4aad-8d46-38cf26005e95,user_11,1387.97,home,2025-12-05 23:10:55,RU,tablet,0
d72f3329-7fe0-4838-b108-5bfae0362236,user_18,120.86,clothing,2025-12-05 23:10:55,US,tablet,0
ee557600-5262-4fd6-b813-db1addcd6ba8,user_8,45.6,books,2025-12-05 23:10:55,FR,mobile,0
778012c8-97ba-434c-9e53-0b5ab1885b85,user_13,305.86,home,2025-12-05 23:10:55,CN,mobile,0
2eb9c42a-0373-4368-b38d-2973e36d7830,user_4,43.0,electronics,2025-12-05 23:10:55,DE,desktop,0
a1553b8b-4786-4077-b7f3-b1dada9c05ec,user_14,1160.52,clothing,2025-12-05 23:10:55,RU,tablet,0
a7dcaafe-57e8-44df-9f0a-9c8541769d18,user_7,221.6,electronics,2025-12-05 23:10:55,FR,desktop,0
a92bafa5-558f-4e17-b175-23824e9e0a4e,user_4,676.63,electronics,2025-12-05 23:10:55,FR,mobile,0
3b64e379-c9a4-44b0-af11-7a01e514d6ae,user_17,1052.55,gaming,2025-12-05 23:10:55,CN,tablet,0
d4c54707-c0c2-4b7c-abec-440a07a91a99,user_16,735.01,clothing,2025-12-05 23:10:55,US,mobile,0
6bb78404-95ac-479e-ad97-a7df8e61b72c,user_5,230.51,clothing,2025-12-05 23:10:55,RU,desktop,0
5529c898-eeb1-4251-ad56-2ee133d6f2b8,user_13,1140.06,home,2025-12-05 23:10:55,US,tablet,0
353ec5b2-6f54-40ed-b6fe-67ea592ba091,user_10,756.43,electronics,2025-12-05 23:10:55,FR,tablet,0
7e152e1e-bb4a-466f-b261-a1676b98b375,user_18,281.59,clothing,2025-12-05 23:10:55,DE,desktop,0
b7052172-f654-409e-af9e-2e982815aa40,user_8,987.44,gaming,2025-12-05 23:10:55,CN,mobile,0
f2da1a66-6d0c-4936-a4d2-152070486426,user_9,616.71,electronics,2025-12-05 23:10:55,US,tablet,0
7cd2cbd8-015d-41e0-942a-5d8be37928fc,user_3,1461.48,home,2025-12-05 23:10:55,DE,desktop,0
f606d793-1c9b-4ccd-a79f-d80138394818,user_20,1405.47,clothing,2025-12-05 23:10:55,DE,desktop,0
789ee58d-d676-41c0-b670-c53e7df8d3f5,user_4,1666.31,electronics,2025-12-05 23:10:55,FR,desktop,1
2b68f498-3c43-46bc-995a-f61c6e5586ea,user_17,1510.82,clothing,2025-12-05 23:10:55,RU,mobile,0
2ae00eb7-febd-4125-8f3b-e4f8a654da82,user_2,1017.56,electronics,2025-12-05 23:10:55,DE,desktop,1
a35df511-1580-41ed-85a7-76f12ed0e817,user_4,332.88,books,2025-12-05 23:10:55,FR,tablet,0
8e590926-5a68-4391-a29b-5491d744679c,user_2,688.72,gaming,2025-12-05 23:10:55,RU,tablet,0
20565e6c-66d9-424c-813d-5cd2103bd1be,user_10,281.64,electronics,2025-12-05 23:10:55,RU,desktop,0
0e739f04-ac9a-49cc-a90e-bb1934e686b7,user_3,1955.75,books,2025-12-05 23:10:55,DE,desktop,0
a5c85179-f1b3-4ea4-ab0e-61de49e03be8,user_2,59.98,home,2025-12-05 23:10:55,US,tablet,0
1b724cc3-0f93-4331-a206-b7991417589f,user_10,1627.01,home,2025-12-05 23:10:55,DE,desktop,0
24acbb24-db0b-4ea5-8240-c6a06ab27e81,user_4,1749.96,books,2025-12-05 23:10:55,RU,desktop,0
616c5955-dffe-4eb3-8e3c-777d291070c7,user_14,448.13,electronics,2025-12-05 23:10:55,RU,mobile,0
5836db13-8c9f-41f9-9ac8-c8564cc00a68,user_2,1870.05,books,2025-12-05 23:10:55,CN,desktop,0
1aec04af-a93a-42be-a141-fc89861197bd,user_19,1238.58,electronics,2025-12-05 23:10:55,US,tablet,1
a2004649-d5d2-4292-97cd-354a22b31bbc,user_19,1546.26,gaming,2025-12-05 23:10:55,FR,tablet,0
b80b7f25-159d-4766-a0b8-a549ba431738,user_3,171.02,clothing,2025-12-05 23:10:55,FR,desktop,0
4b13b72d-21a3-40bf-8cee-c0b2f25c103f,user_13,1961.32,gaming,2025-12-05 23:10:55,FR,tablet,0
507aa131-eb63-4a8b-96d0-b04f93d27f2a,user_11,1040.82,clothing,2025-12-05 23:10:55,DE,tablet,0
49dc6174-4b5b-4540-8912-660b0de3777d,user_12,799.15,books,2025-12-05 23:10:55,DE,mobile,0
2f06b7ae-6dd2-43bb-a0fe-36e2ae659a5a,user_18,301.13,gaming,2025-12-05 23:10:55,CN,mobile,0
0615315b-ccd3-4395-8702-34322a21661d,user_4,1582.55,clothing,2025-12-05 23:10:55,US,tablet,0
e3f30d5a-8793-4ee3-8533-e9175ec0701e,user_15,861.37,books,2025-12-05 23:10:55,DE,mobile,0
37823350-4d34-41fa-82ef-22a5772ed6cc,user_8,909.98,books,2025-12-05 23:10:55,FR,mobile,0
c70b0da3-8e96-4d31-a645-3901aaf8d071,user_14,563.96,clothing,2025-12-05 23:10:55,RU,tablet,0
c041dd68-41c4-4660-bee4-efe5c4f25532,user_18,1418.32,books,2025-12-05 23:10:55,DE,desktop,0
57367ede-9d55-453d-a0d3-c59387e45a98,user_18,103.18,home,2025-12-05 23:10:55,FR,tablet,0
d2285723-1569-4a2e-aeb5-610785a48ba6,user_19,949.65,gaming,2025-12-05 23:10:55,DE,tablet,0
79865840-b195-4bcd-a9e6-e6279f0498da,user_17,127.67,gaming,2025-12-05 23:10:55,CN,desktop,0
9ea09663-fbd2-47d0-b3e9-dd9acd5d55ed,user_15,1568.72,gaming,2025-12-05 23:10:55,RU,desktop,0
57cd48af-8690-4515-80e9-0e33cff5fb15,user_14,1845.06,electronics,2025-12-05 23:10:55,CN,mobile,1
a3f6d161-77f3-4c99-b6e4-9f5f7d6c9105,user_4,1669.73,gaming,2025-12-05 23:10:55,US,desktop,0
1eb717af-ffe5-4663-bbda-09b24e52898a,user_6,191.0,electronics,2025-12-05 23:10:55,DE,mobile,0
b0386fdb-9157-4781-b719-6879ac1c53b6,user_4,1406.75,books,2025-12-05 23:10:55,US,desktop,0
451510bc-2641-4467-995f-fe2b2f3ee36d,user_9,1926.0,clothing,2025-12-05 23:10:55,RU,mobile,0
f9940ea6-f01b-41ca-92b8-2256bac37d6e,user_4,802.25,books,2025-12-05 23:10:55,US,mobile,0
8097d1ef-217c-4122-9773-0b36ad1acfc8,user_3,504.38,gaming,2025-12-05 23:10:55,FR,tablet,0
d82e8b4a-c235-4782-991d-52ea17f450a4,user_16,367.97,books,2025-12-05 23:10:55,RU,desktop,0
c973da1f-1316-4004-95a9-063be152fd30,user_10,1939.11,gaming,2025-12-05 23:10:55,DE,tablet,0
1301834a-1f07-4be1-8f48-151050d5e332,user_7,363.05,home,2025-12-05 23:10:55,FR,tablet,0
fe8875d7-b518-4770-bd37-03897ced50a8,user_17,1731.22,gaming,2025-12-05 23:10:55,RU,tablet,0
076d70c4-cdd1-4864-951d-262a15191c6b,user_1,1843.12,electronics,2025-12-05 23:10:55,DE,tablet,1
153b8575-bf53-4ace-9a29-1ec883b5c3fa,user_10,185.24,home,2025-12-05 23:10:55,DE,tablet,0
24889b14-adc5-4c8f-bd5f-bcbcc309fddf,user_5,92.77,electronics,2025-12-05 23:10:55,FR,mobile,0
5cd9966b-071b-44c2-9396-019975236d67,user_19,1977.47,books,2025-12-05 23:10:55,FR,desktop,0
e9f21bef-109f-46ca-83b2-918074aac4ef,user_8,496.63,gaming,2025-12-05 23:10:55,US,desktop,0
08ea7eb3-fd51-42ed-b259-0ec32f941a2d,user_1,293.23,electronics,2025-12-05 23:10:55,US,desktop,0
cf245262-06fe-443f-8eeb-846f429eaef5,user_20,352.21,electronics,2025-12-05 23:10:55,RU,desktop,0
65527db4-f5a8-4d18-8e9d-4a5239cb7990,user_7,133.97,books,2025-12-05 23:10:55,DE,tablet,0
cbd54f50-3b6b-476d-add3-205be3d25964,user_9,1108.57,gaming,2025-12-05 23:10:55,DE,desktop,0
5f6536f8-8c10-49b4-80ef-776720a5447c,user_8,1842.43,gaming,2025-12-05 23:10:55,DE,mobile,1
5374b582-39e3-4806-bb69-6048a38f0885,user_4,2.97,clothing,2025-12-05 23:10:55,FR,desktop,0
fffc9abf-61b2-4a49-814e-a585ff5f5e3d,user_14,558.36,clothing,2025-12-05 23:10:55,FR,tablet,0
6cf6ad6f-fb52-4f14-887d-bdaa7aca8b74,user_4,175.1,clothing,2025-12-05 23:10:55,RU,mobile,0
a5780c9c-ffda-4e14-aab3-43d2d5d2818e,user_19,279.57,electronics,2025-12-05 23:10:55,US,desktop,0
7b6cef74-23ef-4c24-9502-ff9df965f03b,user_11,1518.37,clothing,2025-12-05 23:10:55,RU,mobile,0
3459ae4a-d88e-40ba-bc2a-ea8edea4ee2c,user_1,662.93,home,2025-12-05 23:10:55,DE,mobile,0
a3ab8aa4-517c-41ab-9ab6-8d53a75268a6,user_12,366.85,clothing,2025-12-05 23:10:55,FR,desktop,0
ad046076-46e2-45d0-acda-055132e37c31,user_19,589.89,gaming,2025-12-05 23:10:55,CN,desktop,0
395a72dc-9e00-4fa4-ae25-cef0f4c3a1b4,user_11,560.47,gaming,2025-12-05 23:10:55,FR,mobile,0
a0bffc12-1745-4b40-bd6d-e9b7836248a6,user_19,1516.23,clothing,2025-12-05 23:10:55,RU,mobile,0
5312f42b-2c64-42fd-89b4-5e75176a1717,user_13,1560.78,gaming,2025-12-05 23:10:55,RU,mobile,1
f8242c01-c15e-4776-9ac8-688405c2a355,user_6,478.33,books,2025-12-05 23:10:55,CN,mobile,0
0df17387-ef40-42ab-a481-9589120b0189,user_4,210.33,gaming,2025-12-05 23:10:55,CN,mobile,0
c6d725c4-463a-4588-943a-bded302a3317,user_4,1160.22,books,2025-12-05 23:10:55,RU,tablet,0
9257be54-4c1b-4163-8b33-1efecdc3cb8c,user_20,709.75,clothing,2025-12-05 23:10:55,FR,tablet,0
b20256c8-7be2-4d1d-84bd-5ee50fa5efdc,user_7,1973.53,electronics,2025-12-05 23:10:55,US,tablet,1
a5ba0dfa-d744-4d90-8647-86325c8689ec,user_17,1468.2,gaming,2025-12-05 23:10:55,US,mobile,0
abb4204d-7f8d-45d1-b276-b81fa93dd742,user_12,1135.06,books,2025-12-05 23:10:55,FR,mobile,0
a4efd417-1de9-44b7-851b-1f3cdec7e7ad,user_4,1400.39,clothing,2025-12-05 23:10:55,FR,mobile,0
2fa7b69a-8904-4277-b44c-c295b4f24e64,user_12,1393.54,gaming,2025-12-05 23:10:55,DE,mobile,0
72516ce3-8404-44ef-a373-da9c0a1eded8,user_18,1784.69,home,2025-12-05 23:10:55,DE,tablet,0
7a542aa5-835e-4b65-8e47-af8b3d00d378,user_12,1492.39,home,2025-12-05 23:10:55,DE,desktop,0
08260e2d-ccf4-400d-a6b5-b4c0d4767d3f,user_3,1579.96,home,2025-12-05 23:10:55,RU,mobile,0
a48820c0-3aab-496c-8c4c-7b18d3dd7a64,user_8,1837.2,books,2025-12-05 23:10:55,FR,tablet,0
c201f02a-ca99-460f-8185-765894616c87,user_15,1707.83,clothing,2025-12-05 23:10:55,US,mobile,0
839d9ad2-195a-4897-89ab-8d0baa97bb02,user_11,715.91,electronics,2025-12-05 23:10:55,RU,tablet,0
ca136b78-86e7-43e3-9484-a58ef14a74f4,user_16,1043.76,books,2025-12-05 23:10:55,RU,desktop,0
44c09011-5283-4cec-be8f-10b810c864c9,user_1,1021.14,home,2025-12-05 23:10:55,DE,tablet,0
f7ed5230-4cee-4041-8477-73793939cc58,user_20,405.42,books,2025-12-05 23:10:55,CN,tablet,0
7cb2d028-5d43-43fd-a722-1c6c79b8fc98,user_3,1790.0,clothing,2025-12-05 23:10:55,FR,tablet,0
56df7d6b-c168-4a66-89e1-b22bb4b635f3,user_18,1683.59,clothing,2025-12-05 23:10:55,CN,mobile,0
c0cabb53-1a34-4ca6-ac09-0141c706492a,user_5,1533.78,electronics,2025-12-05 23:10:55,CN,mobile,1
41c1a7a3-bea4-4546-a7cc-9df54165402c,user_10,739.75,gaming,2025-12-05 23:10:55,US,desktop,0
74f0912c-ec1f-4b48-8a67-5f4b3f4b696d,user_20,412.69,home,2025-12-05 23:10:55,FR,tablet,0
c0d9f655-4355-4dec-b9c6-aa374ac9b491,user_20,1389.73,gaming,2025-12-05 23:10:55,RU,desktop,0
a85a21ef-3f22-4f21-885c-0aa2b0f3ad4d,user_20,1213.46,home,2025-12-05 23:10:55,US,tablet,0
f6b367a1-9753-422f-8eae-b380fdae69b2,user_14,557.0,clothing,2025-12-05 23:10:55,CN,mobile,0
ad9c3bb5-681c-4c1b-a4ef-5e78e73a9950,user_2,1058.88,gaming,2025-12-05 23:10:55,DE,tablet,0
87f56e84-c924-4f34-bce5-7aa2b2aaecd7,user_1,168.83,home,2025-12-05 23:10:55,CN,desktop,0
021d37c2-c77f-4725-841e-5bf0d4195318,user_1,1287.57,gaming,2025-12-05 23:10:55,DE,desktop,0
9aced1a7-ef47-4009-a5a9-41fd43f7bd74,user_3,260.01,home,2025-12-05 23:10:55,RU,tablet,0
7a32e0e7-8ea7-4852-bcb2-7ddc981b595f,user_10,366.0,books,2025-12-05 23:10:55,US,tablet,0
0d5b0cba-d3ba-4ab3-9d9c-ff1105dc454b,user_4,1463.14,clothing,2025-12-05 23:10:55,CN,mobile,0
5cb84528-0d68-4412-9ab7-0645a1dfa215,user_17,1063.52,gaming,2025-12-05 23:10:55,CN,mobile,0
9da66ce3-f7d3-4f39-ac34-3127fdcaa941,user_13,1288.34,clothing,2025-12-05 23:10:55,CN,mobile,0
988f14ef-3b22-4fb3-bc8d-343d0acfe933,user_1,1289.89,gaming,2025-12-05 23:10:55,FR,desktop,0
fa08aad7-ef53-4eef-a8c4-95cfe1615224,user_13,1507.01,electronics,2025-12-05 23:10:55,US,mobile,1
1688615f-53ea-4aed-95cf-0ae141969256,user_6,674.37,clothing,2025-12-05 23:10:55,FR,desktop,0
c6d2f5a4-2ba5-45ba-bbd7-53c59367eb24,user_2,195.84,gaming,2025-12-05 23:10:55,DE,mobile,0
f0fc7cea-b8a7-4a91-bfa4-b844a42d0acb,user_13,207.39,electronics,2025-12-05 23:10:55,CN,desktop,0
3ff9b1c4-43ea-492f-b54a-761ec7350eb1,user_15,1815.87,clothing,2025-12-05 23:10:55,RU,mobile,0
6031d1e5-f47a-432c-8793-23a7a4ae4e6c,user_15,1601.58,gaming,2025-12-05 23:10:55,US,tablet,0
e198dfd5-ca85-443f-814d-e12df5f103ac,user_12,723.15,electronics,2025-12-05 23:10:55,DE,desktop,0
da097c09-28d2-4cf3-85a9-ad0bea31f108,user_13,1462.04,gaming,2025-12-05 23:10:55,US,tablet,0
28dfaf31-ac89-4c75-8be9-2bd47733f482,user_3,1740.89,gaming,2025-12-05 23:10:55,RU,mobile,1
6660178f-e91a-433d-91af-b19611269c53,user_3,286.13,electronics,2025-12-05 23:10:55,CN,mobile,0
d18d4d89-433d-4a57-8d9d-b3996e398b61,user_19,488.28,clothing,2025-12-05 23:10:55,FR,mobile,0
69fca544-4510-4bb3-a446-a30252ae7c87,user_19,1880.91,home,2025-12-05 23:10:55,FR,mobile,0
5821d802-7478-465f-b2b2-27ee8c1150d2,user_2,643.93,books,2025-12-05 23:10:55,FR,desktop,0
7b418d1b-323b-4dd9-b65a-231b7f325e77,user_12,740.33,books,2025-12-05 23:10:55,RU,desktop,0
9e8d49f6-c322-47da-973c-8fa2b20150c4,user_20,695.66,electronics,2025-12-05 23:10:55,US,desktop,0
f2f6164f-0957-4241-8a5c-3e6086cdf02a,user_7,724.99,home,2025-12-05 23:10:55,US,tablet,0
86fa9b2d-b25f-4083-854c-a224e3e57f4f,user_11,901.42,home,2025-12-05 23:10:55,DE,tablet,0
ca949676-ca38-46a9-b6fd-5e278794f780,user_8,1082.8,books,2025-12-05 23:10:55,DE,mobile,0
8a8a1592-5d8f-4fb0-8b53-0adc95ae812d,user_15,1513.09,books,2025-12-05 23:10:55,CN,desktop,0
4349e337-8073-4c4f-bbde-71e3ee6893f2,user_2,1352.89,home,2025-12-05 23:10:55,FR,tablet,0
35848da8-145b-439b-91c5-d17d3dfdcaef,user_14,1942.89,home,2025-12-05 23:10:55,DE,mobile,0
f737886b-9629-4271-9962-0954bcb2bbc9,user_10,588.16,electronics,2025-12-05 23:10:55,FR,mobile,0
aefdcf34-ecf9-4894-8b9c-6064fe658762,user_8,669.26,home,2025-12-05 23:10:55,RU,desktop,0
e2c05f0f-b98d-4fd0-ba3f-6b304d706857,user_16,1766.35,gaming,2025-12-05 23:10:55,US,desktop,0
7d903206-9b31-4cd4-9c57-55cf83d02fd0,user_10,1660.78,books,2025-12-05 23:10:55,US,tablet,0
289153ee-2181-4cc5-8c78-bde971a5124e,user_5,562.77,books,2025-12-05 23:10:55,FR,tablet,0
740d4148-6417-46bb-9c17-de80f8e79cfa,user_11,1863.92,home,2025-12-05 23:10:55,DE,mobile,0
f49828bb-2ad4-4775-b062-37d851b50ef8,user_14,1423.46,gaming,2025-12-05 23:10:55,CN,tablet,0
061a183e-5646-4461-b685-13e0e5344b7b,user_13,115.09,clothing,2025-12-05 23:10:55,CN,tablet,0
f71fd42d-8cb6-4b00-82c5-538b5ed8a3e9,user_12,221.38,clothing,2025-12-05 23:10:55,DE,tablet,0
643e44a7-3395-4571-9086-9ab15745b423,user_10,1394.07,books,2025-12-05 23:10:55,DE,desktop,0
2b6a32f8-2699-4863-abd7-b7c1e22d4cfa,user_2,372.36,clothing,2025-12-05 23:10:55,US,desktop,0
bb14b0d4-c664-4102-85b7-f99cffb9aedc,user_20,135.06,electronics,2025-12-05 23:10:55,FR,tablet,0
7eb7b381-a062-49b7-8502-d6dbceb4db43,user_10,147.56,electronics,2025-12-05 23:10:55,US,tablet,0
048e8c97-8e2c-442a-a4d6-addc8d8238e8,user_7,123.46,home,2025-12-05 23:10:55,FR,desktop,0
bff3d4cf-5286-40b1-a337-faa38757ada0,user_7,1128.9,electronics,2025-12-05 23:10:55,US,tablet,1
a4e59f7e-aef7-4501-9cff-9369b1ea9f6b,user_7,117.96,clothing,2025-12-05 23:10:55,CN,desktop,0
a275e818-5161-4c46-8c1f-7c77ed5613e5,user_13,455.95,home,2025-12-05 23:10:55,CN,tablet,0
ed47c6d5-5126-4d16-91c0-77d78fe75335,user_4,914.53,home,2025-12-05 23:10:55,FR,tablet,0
81ef0dcb-ee31-4d06-85e7-f8423a92c428,user_17,1776.7,home,2025-12-05 23:10:55,DE,tablet,0
5e9dfe16-da98-4429-a0b3-66072f916ea2,user_11,290.34,home,2025-12-05 23:10:55,US,tablet,0
3abeea0c-ed82-4d3d-886c-cabad5d2dbb7,user_10,830.21,home,2025-12-05 23:10:55,CN,tablet,0
1281610b-0541-42b0-8476-bf963cdfaf34,user_9,96.06,clothing,2025-12-05 23:10:55,US,desktop,0
383a1cc0-23c9-4851-ac9e-ffc060ce05c5,user_1,69.71,home,2025-12-05 23:10:55,CN,desktop,0
1c33732c-5329-462a-8d59-54aa2fe74a72,user_6,197.76,home,2025-12-05 23:10:55,CN,mobile,0
42c625f4-5a4a-4a4b-82fe-e81a2f125ac4,user_15,1987.75,books,2025-12-05 23:10:55,US,tablet,0
759cde31-9cff-44e2-b770-1653ad067d11,user_13,1453.16,electronics,2025-12-05 23:10:55,RU,desktop,1
57040414-dfe1-46d0-8882-9ae8ef849675,user_8,1236.66,home,2025-12-05 23:10:55,CN,mobile,0
3c0e547c-d300-4eae-b0f5-fbac4d7cd2c3,user_16,1423.07,books,2025-12-05 23:10:55,RU,desktop,0
30d0310c-4a5e-4100-b5fe-9b579ae9974a,user_16,501.48,electronics,2025-12-05 23:10:55,FR,desktop,0
1d24a5d2-906b-41f1-ba26-5707b1e456d1,user_11,541.17,gaming,2025-12-05 23:10:55,CN,mobile,0
a121cbb1-d168-4d55-9737-812fcebba9c2,user_9,1362.32,books,2025-12-05 23:10:55,CN,tablet,0
17820dd1-e886-4250-86a7-d115c05fba11,user_17,930.46,home,2025-12-05 23:10:55,RU,mobile,0
864d67c4-b65b-4040-a1b0-50661b3673b7,user_20,948.45,clothing,2025-12-05 23:10:55,US,desktop,0
1a17f199-2162-4935-a50b-459ac290808a,user_11,832.83,clothing,2025-12-05 23:10:55,FR,tablet,0
39d03aa5-3d10-4408-a8d4-00a6dcd178f7,user_8,1373.81,gaming,2025-12-05 23:10:55,RU,mobile,0
69a43430-5e21-44ad-a678-7c9ff0a9b90c,user_9,1663.98,clothing,2025-12-05 23:10:55,US,desktop,0
d9d62663-9f08-4777-98f1-0aee37ef5978,user_13,462.36,home,2025-12-05 23:10:55,US,desktop,0
5e1e1d43-b7fa-414a-8a15-c2f35521ea9e,user_8,1369.0,books,2025-12-05 23:10:55,US,desktop,0
1957c0d8-d5ee-4e77-8234-da5e0ff3ace8,user_3,364.36,clothing,2025-12-05 23:10:55,US,desktop,0
341881e1-cd74-4d73-ab3e-0d46d019b0b3,user_9,1445.4,clothing,2025-12-05 23:10:55,FR,desktop,0
e059608d-c157-45c7-a841-b62765e02a9f,user_1,534.23,home,2025-12-05 23:10:55,US,tablet,0
1e096e8f-7865-47b4-8ef8-c60106e523e6,user_8,671.81,books,2025-12-05 23:10:55,US,desktop,0
fcc90d73-34a1-430f-b1f5-28eb8e4cf188,user_18,1674.17,gaming,2025-12-05 23:10:55,US,tablet,0
c52c94bc-bf89-4b8e-abef-8a81dd81ccc2,user_7,1574.62,electronics,2025-12-05 23:10:55,DE,mobile,1
a2280a25-e371-4fc9-bf8f-4a8e802298b4,user_18,313.78,gaming,2025-12-05 23:10:55,US,mobile,0
ca34204a-3834-42a4-a8b2-658d746de4e8,user_20,1042.57,home,2025-12-05 23:10:55,CN,tablet,0
1942343c-3897-438a-8ae3-553e56f077d6,user_9,697.73,gaming,2025-12-05 23:10:55,RU,tablet,0
78c196aa-5844-4948-ad8d-1f6911772cd0,user_13,1083.71,books,2025-12-05 23:10:55,FR,mobile,0
89bc65f8-f42d-4a18-b65a-c494d6e7761e,user_14,529.7,home,2025-12-05 23:10:55,US,tablet,0
150530b0-9684-486d-af57-9a1d5e0d096a,user_18,681.4,gaming,2025-12-05 23:10:55,DE,desktop,0
503e6cd7-8c39-49b9-8145-6353b570caf3,user_20,719.69,clothing,2025-12-05 23:10:55,CN,mobile,0
82c81506-1be5-48ed-accf-982a71c5cfcc,user_5,750.09,electronics,2025-12-05 23:10:55,RU,mobile,0
9b59301b-0e53-4d40-96e7-39d2b42c52d2,user_3,284.02,gaming,2025-12-05 23:10:55,FR,desktop,0
533e0b68-ba81-40ff-b00f-618f7b02ed83,user_13,1149.78,books,2025-12-05 23:10:55,US,tablet,0
17769e53-fa12-4e9a-b808-824b30bde367,user_17,1892.81,books,2025-12-05 23:10:55,CN,tablet,0
309906e8-a1b4-4aee-8401-92cb704922b4,user_19,388.16,clothing,2025-12-05 23:10:55,US,tablet,0
2bca92d6-f7b3-43f5-b577-9d5dfe6c6383,user_14,1857.4,electronics,2025-12-05 23:10:55,CN,desktop,1
0c86e8f6-7147-4cef-b42f-24ed22b229e1,user_13,1288.46,clothing,2025-12-05 23:10:55,CN,desktop,0
20cf8a72-5c72-4a62-9dce-9b8f4f66df4a,user_2,1632.07,books,2025-12-05 23:10:55,US,tablet,0
e4194571-458e-4dc1-8ec1-00ae724a621c,user_5,970.43,gaming,2025-12-05 23:10:55,CN,tablet,0
25e76cc7-8030-4e83-9051-f5623f98432d,user_14,150.86,books,2025-12-05 23:10:55,FR,mobile,0
5952c211-e4c1-4752-a118-e70b6d079abf,user_11,1492.48,gaming,2025-12-05 23:10:55,DE,desktop,0
74267c4d-3861-46fa-b0f7-b434ed6034e2,user_8,348.29,clothing,2025-12-05 23:10:55,RU,mobile,0
f0733cd3-8520-4d14-8f2b-c1b4faf99cfa,user_10,511.07,clothing,2025-12-05 23:10:55,CN,tablet,0
fee71f69-9885-4be4-9bb6-551b664e24e1,user_13,1228.4,books,2025-12-05 23:10:55,DE,tablet,0
9cd94ade-9fc7-4b8f-be67-c9279b8a2ff0,user_16,281.24,gaming,2025-12-05 23:10:55,RU,desktop,0
a4664541-2d85-466e-b80d-acce72d62ada,user_11,1500.79,clothing,2025-12-05 23:10:55,FR,mobile,0
b86b0c19-caa0-41b7-8432-c38b21bd7f1b,user_18,50.25,gaming,2025-12-05 23:10:55,RU,desktop,0
273b116c-be8f-48fd-bdeb-056d972a3b73,user_7,39.45,clothing,2025-12-05 23:10:55,RU,mobile,0
781a61d4-9b91-49bf-a2cf-27913506d835,user_3,454.54,home,2025-12-05 23:10:55,FR,mobile,0
e536c3a0-1cab-4248-9fa6-fc55affa8ac5,user_8,110.9,home,2025-12-05 23:10:55,US,desktop,0
ee8ebee1-7127-4865-aa51-9e4ac671f54d,user_4,1713.9,home,2025-12-05 23:10:55,DE,mobile,0
e4e36806-8b52-452e-9346-3ba5833c40bd,user_3,1485.96,books,2025-12-05 23:10:55,US,desktop,0
d66d89aa-a94c-4105-b8ba-f50f837ce79f,user_17,641.22,gaming,2025-12-05 23:10:55,FR,mobile,0
5b9ff9f3-9268-4c3d-bb24-0231c5e60c5a,user_3,1056.87,gaming,2025-12-05 23:10:55,RU,tablet,0
636c12ed-296d-423f-a88a-b4e04d33aca4,user_9,199.82,home,2025-12-05 23:10:55,CN,mobile,0
5539a750-2b3c-4e98-bc03-00bf78bea021,user_9,100.65,gaming,2025-12-05 23:10:55,FR,mobile,0
5d06d098-8194-4894-8e6e-a1e373e6dc3f,user_17,749.02,books,2025-12-05 23:10:55,CN,tablet,0
e260c19c-d20a-4090-a38a-16375c6fb48c,user_10,1519.78,home,2025-12-05 23:10:55,FR,desktop,0
742f6de3-1295-4168-879e-d64ce78f9eae,user_9,1848.26,books,2025-12-05 23:10:55,US,desktop,0
d27cc237-6b4f-4c69-852d-faa9b75a370d,user_9,151.41,books,2025-12-05 23:10:55,DE,mobile,0
a6b500a9-0502-44c0-ba1b-8e789c9bee34,user_4,1365.5,electronics,2025-12-05 23:10:55,CN,tablet,1
a6fc21d1-59bc-4e0a-a6ab-57e0ed9b7d65,user_6,1174.58,home,2025-12-05 23:10:55,CN,desktop,0
d4332ef1-b4f9-472e-9862-3012ec98cb5e,user_3,1412.88,clothing,2025-12-05 23:10:55,DE,mobile,0
2f915e69-4f2a-4c87-afbc-204cd391a48c,user_17,1148.85,electronics,2025-12-05 23:10:55,US,mobile,1
0d919c01-3951-42a9-9ef8-ae1380af371d,user_12,1725.99,clothing,2025-12-05 23:10:55,RU,mobile,0
717acd94-a71e-4963-85c1-99dd7307d2df,user_15,1918.32,clothing,2025-12-05 23:10:55,FR,mobile,0
ef834243-9f5c-4730-a09a-be6bcf124572,user_6,48.88,clothing,2025-12-05 23:10:55,RU,mobile,0
86d641dc-5c36-49f9-b584-d6c58daa9eae,user_8,543.68,clothing,2025-12-05 23:10:55,FR,mobile,0
34da2749-f2e0-41e6-8b29-c907cf4e2980,user_17,1073.51,clothing,2025-12-05 23:10:55,US,mobile,0
6a934e7e-bd0f-47f4-af15-e358d6e82d3e,user_9,568.54,electronics,2025-12-05 23:10:55,FR,desktop,0
9a32040b-33d4-409c-98eb-af33ca439a1d,user_3,920.5,gaming,2025-12-05 23:10:55,RU,desktop,0
3775faff-0655-4c22-9434-8e7d344cfeec,user_8,246.88,books,2025-12-05 23:10:55,CN,desktop,0
95f5f612-e6b1-454c-82b7-dad34a37e109,user_15,505.62,books,2025-12-05 23:10:55,US,desktop,0
2a0cd5b2-6312-41f2-8caa-5e4cd7e8ffa8,user_5,246.98,home,2025-12-05 23:10:55,CN,mobile,0
d668c68a-478b-4922-8a1e-4d166113d48d,user_5,1161.08,gaming,2025-12-05 23:10:55,US,desktop,0
d017e65d-99be-4068-8e02-b99668e3a763,user_6,1908.8,books,2025-12-05 23:10:55,DE,tablet,0
9889deed-5575-4df3-9cb5-8cee139147e7,user_11,1418.06,gaming,2025-12-05 23:10:55,CN,desktop,0
fa9cd3ea-56b0-42e0-a170-61bb3386658d,user_11,147.94,home,2025-12-05 23:10:55,RU,tablet,0
d84e6aee-1281-4e09-8714-8f0b16f15d96,user_3,1742.84,home,2025-12-05 23:10:55,CN,tablet,0
e8e6e355-5b74-4162-a5c2-db977cc6486a,user_15,970.76,electronics,2025-12-05 23:10:55,FR,mobile,0
9d513220-e2fb-4c51-91f4-7719ca04690d,user_5,677.3,electronics,2025-12-05 23:10:55,US,mobile,0
d019c668-aef0-4eaa-a23e-abef6e469241,user_12,1378.96,electronics,2025-12-05 23:10:55,RU,mobile,1
f44629eb-eba1-46cc-b19e-acefcef27031,user_3,254.47,gaming,2025-12-05 23:10:55,FR,desktop,0
e9695c93-22db-4e65-87e8-f74f2f8ef3c2,user_3,1628.57,clothing,2025-12-05 23:10:55,CN,mobile,0
60b895d9-a466-43a8-b46f-531c4b730960,user_18,591.32,gaming,2025-12-05 23:10:55,FR,desktop,0
520b8aae-5e62-49e1-b672-e1473e52e82c,user_11,1789.57,gaming,2025-12-05 23:10:55,DE,tablet,0
e6054207-7330-4d93-8507-86e8a3c5a1d0,user_19,1012.28,electronics,2025-12-05 23:10:55,RU,desktop,1
c8f83e02-3de9-4254-ae75-d96704f3b2fb,user_20,1164.84,electronics,2025-12-05 23:10:55,FR,tablet,1
1ae617ba-8372-4d8a-8a8e-5e230fd7a6f6,user_19,412.65,home,2025-12-05 23:10:55,RU,mobile,0
42b489b5-7c20-4f11-ad83-4b0aec2bb4d2,user_11,1769.46,gaming,2025-12-05 23:10:55,DE,tablet,0
23df5517-d17f-4b18-9e89-d4fe35d41b85,user_12,1575.3,home,2025-12-05 23:10:55,RU,tablet,0
a784beef-cdcf-456c-96f0-610d8a8b1d4b,user_12,1349.71,clothing,2025-12-05 23:10:55,RU,desktop,0
81d0b062-090e-4b92-b883-86be567d451d,user_2,898.98,clothing,2025-12-05 23:10:55,RU,desktop,0
11f2a92e-117f-44c4-84e8-bff40b5a48c6,user_16,214.28,clothing,2025-12-05 23:10:55,FR,mobile,0
2804d251-070e-4043-b2b0-91118d1c49a5,user_2,457.08,gaming,2025-12-05 23:10:55,CN,tablet,0
f09c88bd-03e5-4004-b3c8-b2284c328075,user_2,1177.54,gaming,2025-12-05 23:10:55,FR,desktop,0
b6ec5eca-4425-4dcc-a3d5-5e3bfa929316,user_3,1895.41,clothing,2025-12-05 23:10:55,CN,tablet,0
b76bf639-8f1e-43ff-881d-5e7b833d0b50,user_1,1372.2,home,2025-12-05 23:10:55,FR,desktop,0
00846b8d-c8dd-4aa7-8b6f-8a894151b531,user_11,645.6,gaming,2025-12-05 23:10:55,US,desktop,0
c18ddaf1-da7c-4f2d-97ef-e29ab413e1f5,user_6,1037.51,books,2025-12-05 23:10:55,DE,mobile,0
d3938c44-84fb-40ea-973e-e79046b710b8,user_7,1128.22,home,2025-12-05 23:10:55,CN,desktop,0
5c19566c-e91c-4169-b5db-4e9bfe6174b0,user_2,693.55,gaming,2025-12-05 23:10:55,DE,tablet,0
a85e9bd7-72b8-4541-a031-83495a8bd280,user_9,81.53,home,2025-12-05 23:10:55,RU,tablet,0
1f61884a-307d-47a2-8284-14a6788d744a,user_8,1759.56,clothing,2025-12-05 23:10:55,FR,mobile,0
ec182719-fb4c-42c3-9da0-a5af743c3eba,user_16,1059.12,electronics,2025-12-05 23:10:55,FR,desktop,1
b0c121a0-34cc-40e4-ad5c-e72f85e0f83c,user_12,1062.89,clothing,2025-12-05 23:10:55,FR,tablet,0
da42c513-831a-4d43-a838-b77b3843a530,user_14,553.59,home,2025-12-05 23:10:55,RU,mobile,0
35997266-b498-4bb2-b39d-b38e70f7da44,user_15,348.82,home,2025-12-05 23:10:55,RU,desktop,0
05540e80-2f15-475e-920c-353eb4f35020,user_7,343.29,electronics,2025-12-05 23:10:55,RU,mobile,0
28b18d9c-f4ca-4c6e-804f-3e4d0843477c,user_12,1521.28,electronics,2025-12-05 23:10:55,RU,tablet,1
78dbe89e-d193-4f3f-9cda-2bfe8a93204c,user_11,1271.68,books,2025-12-05 23:10:55,US,mobile,0
5158f222-ae85-49fa-9a01-3498df0f2a02,user_19,1397.94,clothing,2025-12-05 23:10:55,DE,tablet,0
09185374-cf0a-4a69-830f-1774438abd55,user_11,358.91,electronics,2025-12-05 23:10:55,FR,desktop,0
f626d5bd-dd73-4015-9a44-8446de9ffcc1,user_2,1418.41,clothing,2025-12-05 23:10:55,RU,tablet,0
ed7ebe29-510e-495b-acb6-b7baa0a1950d,user_10,1244.43,books,2025-12-05 23:10:55,FR,mobile,0
0c62d0aa-d16e-4d1a-9ecf-032a25503250,user_3,889.16,electronics,2025-12-05 23:10:55,CN,tablet,0
d3d52f1e-9592-4f6c-8294-65973a9f1dd2,user_15,1686.84,electronics,2025-12-05 23:10:55,CN,tablet,1
5b45a658-416b-4d94-a434-2a5a9de90fde,user_17,1935.65,gaming,2025-12-05 23:10:55,RU,desktop,0
321eeba8-98cc-4f1c-8f55-f828cee5347a,user_20,900.1,home,2025-12-05 23:10:55,FR,mobile,0
7300a446-749f-485d-bdca-919bdadb4e35,user_10,1099.49,clothing,2025-12-05 23:10:55,DE,mobile,0
a54a2690-6f54-4b81-84c2-1ffebb18fbd3,user_16,1324.72,books,2025-12-05 23:10:55,US,tablet,0
3c298f60-2ddb-4048-9a3b-11dc5dd07f0b,user_5,288.31,clothing,2025-12-05 23:10:55,CN,mobile,0
3ac77061-f130-491e-944b-33d5329f2763,user_17,660.02,clothing,2025-12-05 23:10:55,DE,tablet,0
2ce38363-7107-411e-a7cd-cdace6b6d2bd,user_19,1043.63,clothing,2025-12-05 23:10:55,RU,desktop,0
27c5387c-12ad-4f66-9604-56b74521b4da,user_14,656.98,home,2025-12-05 23:10:55,FR,desktop,0
bcc5210e-8ab1-42b6-91f7-2ceac0f3b13c,user_1,1631.53,gaming,2025-12-05 23:10:55,DE,desktop,0
692b3672-c766-4850-aead-cb68b767421c,user_19,971.11,electronics,2025-12-05 23:10:55,US,mobile,0
255a797b-48d8-4684-884a-5fa937a68ad0,user_18,842.41,clothing,2025-12-05 23:10:55,DE,desktop,0
58ee2f3f-562a-4685-b28c-b8a44a3b244a,user_8,925.4,books,2025-12-05 23:10:55,FR,desktop,0
8bf3f990-135f-405c-96ee-67288b72d0ac,user_10,1331.7,electronics,2025-12-05 23:10:55,US,desktop,1
bf342732-19e4-4ff8-968c-c27446d4f283,user_11,1564.86,home,2025-12-05 23:10:55,US,desktop,0
12232ab6-dbb1-49bb-a98c-7461557936c4,user_9,168.75,books,2025-12-05 23:10:55,US,mobile,0
d082a8dd-27e9-4869-8498-6166ab80bdd7,user_13,1898.75,gaming,2025-12-05 23:10:55,RU,desktop,0
ddf59356-7af7-4c13-88e7-e46a9c71420e,user_5,1346.29,clothing,2025-12-05 23:10:55,RU,desktop,0
900a469d-248f-4f47-b826-b07e4c9ae335,user_11,1617.06,clothing,2025-12-05 23:10:55,DE,tablet,0
a17552d9-c653-4bb6-9581-56a5c36c0e61,user_10,1305.2,gaming,2025-12-05 23:10:55,DE,mobile,0
e0c19ccd-2afd-4429-bca5-ebb3b2cf4a50,user_12,150.3,clothing,2025-12-05 23:10:55,CN,mobile,0
81cb382e-fc6f-436f-afee-5810df21a927,user_19,717.96,gaming,2025-12-05 23:10:55,CN,tablet,0
61b57d50-3d39-415f-918b-56f321d5b812,user_8,79.12,clothing,2025-12-05 23:10:55,FR,mobile,0
cd6f36dd-26ac-45cb-b634-29721852da7e,user_7,1499.7,books,2025-12-05 23:10:55,DE,mobile,0
60cc127c-c5a4-4039-b6d7-1eb316d72b27,user_1,521.55,gaming,2025-12-05 23:10:55,CN,mobile,0
9c826c0f-dc43-4df9-be0c-9e65d2896e06,user_8,233.03,books,2025-12-05 23:10:55,DE,tablet,0
050d7772-f126-4f4b-b940-c9dff380b929,user_6,1325.47,home,2025-12-05 23:10:55,US,mobile,0
f59f2b3b-780c-448b-a778-b37b5ab335c5,user_16,1001.86,electronics,2025-12-05 23:10:55,US,mobile,1
edb0ef90-cdf7-445a-846a-2f5af0817fd8,user_1,1106.5,electronics,2025-12-05 23:10:55,DE,tablet,1
a6256030-e7ce-423a-a848-efdf4590f710,user_8,1294.82,gaming,2025-12-05 23:10:55,CN,mobile,0
4bfef2f9-bcec-4860-9b33-adb0fe046227,user_3,1611.13,home,2025-12-05 23:10:55,US,desktop,0
609cbe65-4b20-442f-8d0c-06db81a9acb5,user_12,617.61,home,2025-12-05 23:10:55,DE,tablet,0
5c6bef23-89ee-4646-8f55-b15e5961ae69,user_17,297.01,clothing,2025-12-05 23:10:55,RU,mobile,0
fe000b1b-49fc-4d6c-a3ba-886afb797a61,user_8,569.36,clothing,2025-12-05 23:10:55,FR,mobile,0
0d602d73-9560-4e49-94b5-8a090441e762,user_2,290.07,home,2025-12-05 23:10:55,DE,desktop,0
80486d36-8a92-4464-810c-4f21ab088bb5,user_3,904.53,electronics,2025-12-05 23:10:55,FR,mobile,0
71858af1-26f6-4c18-a6f6-4175cc272b64,user_2,28.89,home,2025-12-05 23:10:55,RU,tablet,0
85677460-311e-43ea-bc34-b53d660e0f5e,user_6,1199.14,clothing,2025-12-05 23:10:55,US,desktop,0
b16e9730-6f52-43d7-ab82-c2efb078be01,user_15,469.52,home,2025-12-05 23:10:55,FR,desktop,0
2a76301b-70b8-4860-8faf-de76425e1742,user_14,1478.46,books,2025-12-05 23:10:55,US,desktop,0
9da3bc90-a0a6-4122-92f5-04f36fbbbe36,user_1,1032.83,electronics,2025-12-05 23:10:55,US,tablet,1
224e87e6-7988-4d51-b3ee-346e7fd726a2,user_3,1405.86,gaming,2025-12-05 23:10:55,CN,desktop,0
4ec5f08b-a6e9-4a8b-bbce-3ae94c09d765,user_17,1628.14,home,2025-12-05 23:10:55,CN,tablet,0
aeb245e5-e6b4-4663-a95d-78291ef0f752,user_6,1089.25,clothing,2025-12-05 23:10:55,RU,desktop,0
e6766494-655d-42d0-a123-2be9ebc844a7,user_13,313.01,home,2025-12-05 23:10:55,FR,desktop,0
6c1389c2-7fa3-4f50-abb7-651981c47ac4,user_8,810.13,electronics,2025-12-05 23:10:55,DE,mobile,0
a05a823e-b10d-46df-8bb2-5b6cde636e43,user_6,847.19,gaming,2025-12-05 23:10:55,FR,mobile,0
c5a0e9fc-d7e1-4c6e-9526-c448d3b791f9,user_19,1405.14,books,2025-12-05 23:10:55,RU,mobile,0
0c748d4a-3d58-4b50-8603-085386ddc1b5,user_15,750.65,electronics,2025-12-05 23:10:55,FR,mobile,0
e83325b4-92f6-4424-ba67-0446302707fa,user_16,612.91,home,2025-12-05 23:10:55,DE,tablet,0
32756792-72d4-4e58-a87d-a147f8bc0cc5,user_11,1667.4,gaming,2025-12-05 23:10:55,FR,desktop,0
4ea47564-692a-40c2-b710-09a97adffde1,user_18,230.35,gaming,2025-12-05 23:10:55,CN,tablet,0
b0b107e3-1876-4f04-ab7c-56cdc5aade4b,user_12,1236.37,clothing,2025-12-05 23:10:55,DE,tablet,0
3e8012d4-df64-4ad8-959c-e3df4373f0f8,user_16,942.49,gaming,2025-12-05 23:10:55,CN,tablet,0
ea1f7299-8cec-4993-9afe-5bf6a7d066f2,user_8,441.23,books,2025-12-05 23:10:55,US,desktop,0
5f2a294b-cb37-486a-8f35-f7320cda9560,user_2,759.13,electronics,2025-12-05 23:10:55,US,desktop,0
36fe4489-e0c4-47b5-a49a-46cad555c601,user_20,1752.02,gaming,2025-12-05 23:10:55,RU,mobile,1
ba786362-849f-4ee5-b1b7-0f87f0ade38d,user_7,1618.35,home,2025-12-05 23:10:55,FR,desktop,0
e96e64bf-7a93-4f7a-97ce-885410ef25f0,user_2,1158.82,clothing,2025-12-05 23:10:55,RU,tablet,0
cad3cf4c-9f66-4ccc-a9ec-4d0951400830,user_17,1594.86,books,2025-12-05 23:10:55,CN,tablet,0
d8952a74-77c1-49a7-a82d-c43cdc8b32f8,user_13,384.7,clothing,2025-12-05 23:10:55,RU,desktop,0
1cb3f838-5a84-4848-b98f-cea5bcdf81ab,user_18,79.71,gaming,2025-12-05 23:10:55,CN,mobile,0
1718a501-53ec-48fd-ace2-bdbde33a1060,user_2,335.97,home,2025-12-05 23:10:55,US,tablet,0
ff4d5116-0fbd-4328-bd50-d522024d0057,user_16,1013.25,home,2025-12-05 23:10:55,RU,mobile,0
07e982f1-b23b-4086-8710-5039e8fa72f2,user_15,739.31,clothing,2025-12-05 23:10:55,CN,mobile,0
9c4a15b2-9ee6-4290-9d43-19917eec1a67,user_14,270.1,clothing,2025-12-05 23:10:55,DE,mobile,0
9f2d74d3-17d5-43cd-901f-04ceea6cc646,user_8,607.01,books,2025-12-05 23:10:55,DE,mobile,0
1241509c-dcd5-4708-8e58-cdd312bc16e9,user_12,1649.68,electronics,2025-12-05 23:10:55,FR,mobile,1
33f24978-df4e-40a5-b7af-f1ac9cab2597,user_12,1775.74,electronics,2025-12-05 23:10:55,FR,tablet,1
b43d4d31-f064-4b7b-a19e-2ee50a35a57c,user_18,1011.35,electronics,2025-12-05 23:10:55,RU,mobile,1
8bd02da0-cd8c-4a36-95d3-29f1935cb77b,user_16,458.6,clothing,2025-12-05 23:10:55,DE,mobile,0
03abf6fb-5551-46a8-b1dc-92e5771c5389,user_14,972.44,books,2025-12-05 23:10:55,CN,mobile,0
90e88004-f451-4782-9910-96221d813c61,user_11,190.52,gaming,2025-12-05 23:10:55,US,tablet,0
33e9e409-48ed-4d87-95f7-3db5d61bc6f3,user_9,1882.23,gaming,2025-12-05 23:10:55,CN,desktop,0
56152bf5-384e-413b-abe5-d7865c4b4d0c,user_9,45.63,clothing,2025-12-05 23:10:55,FR,mobile,0
3b7a90ce-e891-4f21-96d3-2f6893b84296,user_15,423.46,gaming,2025-12-05 23:10:55,DE,tablet,0
8a72b6a2-d502-4069-b2d3-e42473158f3a,user_12,1827.32,clothing,2025-12-05 23:10:55,DE,mobile,0
88e6d6d3-6a76-44d5-8ef3-8cb3b50159d7,user_19,1906.98,clothing,2025-12-05 23:10:55,FR,tablet,0
6f6dcc00-073d-4af8-a08c-ad03144f237f,user_12,1369.16,clothing,2025-12-05 23:10:55,FR,desktop,0
2a3d7e6c-ba3a-45f8-853f-6e01b80fe7ac,user_9,686.54,electronics,2025-12-05 23:10:55,RU,desktop,0
3c97bf63-7c99-46f8-8193-3001c3984168,user_20,1009.71,electronics,2025-12-05 23:10:55,FR,desktop,1
76f64579-e86d-4fd5-ba5b-d6d7095e91ea,user_2,1675.22,gaming,2025-12-05 23:10:55,CN,tablet,0
e3d247a6-7975-43e2-9d10-f2f62acba2ff,user_5,1633.23,home,2025-12-05 23:10:55,FR,desktop,0
d1aa282d-86bc-41fa-9ac7-71872007f87c,user_20,1981.18,electronics,2025-12-05 23:10:55,DE,tablet,1
0747f985-cda3-438a-aeb7-f2565e5eca9f,user_10,229.76,electronics,2025-12-05 23:10:55,RU,tablet,0
07ac1134-b5fb-44c5-b223-4b8ce19d9cc8,user_14,1597.04,books,2025-12-05 23:10:55,US,mobile,0
96446ec0-f07c-4724-a734-7efef56fd7cb,user_3,1240.16,electronics,2025-12-05 23:10:55,CN,tablet,1
1450c1cc-4d35-41d1-96d7-515ce8646df6,user_1,135.06,electronics,2025-12-05 23:10:55,DE,mobile,0
449d3008-631a-401c-91d0-40b87e3c67c8,user_13,543.75,home,2025-12-05 23:10:55,RU,tablet,0
8250d98b-f58c-4dbf-8bec-a65e05499858,user_14,1537.09,electronics,2025-12-05 23:10:55,CN,mobile,1
e4eeeb42-a630-490a-83f2-9f11240ed8cb,user_2,499.9,electronics,2025-12-05 23:10:55,US,tablet,0
04aa96dd-3d61-4c88-8720-ab92c46e9e01,user_14,1910.87,books,2025-12-05 23:10:55,FR,desktop,0
f0b94599-8605-4f03-b502-a078018d972d,user_19,1554.45,books,2025-12-05 23:10:55,FR,mobile,0
be0325ce-383d-459a-844f-108ef39b1998,user_8,1174.2,electronics,2025-12-05 23:10:55,RU,tablet,1
ab4381b8-b060-4032-af58-aa3bae32d888,user_13,968.59,books,2025-12-05 23:10:55,US,tablet,0
7915b3c7-9ce6-46b4-bf13-df47de733d9b,user_15,687.75,home,2025-12-05 23:10:55,CN,mobile,0
a415adcb-58ed-4100-b4e8-406f37eacced,user_12,1254.09,home,2025-12-05 23:10:55,CN,tablet,0
00665cfc-9d63-4673-a9eb-c51de07a17cb,user_6,1931.9,electronics,2025-12-05 23:10:55,RU,tablet,1
1f5217f4-0e6d-4d7f-934e-1e226b206be4,user_4,1136.28,gaming,2025-12-05 23:10:55,RU,desktop,0
014597d5-e144-4c48-9070-a645b8665477,user_7,1566.02,electronics,2025-12-05 23:10:55,FR,desktop,1
44124d51-d9c1-4f6c-9b2a-15ddb3a9bce3,user_8,309.56,books,2025-12-05 23:10:55,US,tablet,0
b447637e-6882-4b22-bfb9-f596931f5fd1,user_2,991.05,home,2025-12-05 23:10:55,US,tablet,0
b5448474-a45d-45b9-bbd0-19981e4eb42d,user_7,568.5,home,2025-12-05 23:10:55,US,tablet,0
011106b7-bec8-47d9-a4a5-44cba5d7f635,user_11,92.57,books,2025-12-05 23:10:55,US,mobile,0
6e3c36cf-142f-48e0-9cc2-16ef43928fd5,user_9,1712.13,books,2025-12-05 23:10:55,DE,desktop,0
69b4610d-9745-4977-b0d3-cc677e0a908b,user_9,1516.72,clothing,2025-12-05 23:10:55,RU,desktop,0
cb79c146-524d-4653-bac2-a448f54a9dc2,user_5,755.43,clothing,2025-12-05 23:10:55,US,desktop,0
f4278623-4950-4de8-ab37-71746ec157da,user_13,932.77,clothing,2025-12-05 23:10:55,RU,mobile,0
8101ae5a-47f7-4310-a9ec-ff705e44a0fe,user_19,1182.41,home,2025-12-05 23:10:55,DE,desktop,0
831af82b-017a-49e6-94d9-8fee3c0781d7,user_6,1837.34,books,2025-12-05 23:10:55,CN,tablet,0
1b11849f-a84b-49d9-bfb5-1619696957ef,user_16,712.45,electronics,2025-12-05 23:10:55,FR,mobile,0
d71ee5e3-35de-44fc-a466-17fd589eb112,user_15,1225.41,books,2025-12-05 23:10:55,RU,mobile,0
da4efccd-1ae4-4ab5-a99a-d26c45bc0e02,user_7,679.42,electronics,2025-12-05 23:10:55,CN,desktop,0
4ddc6010-d665-417f-8504-5a1e15c9be15,user_18,765.61,gaming,2025-12-05 23:10:55,DE,desktop,0
5586f318-8d7a-4c9f-a4bc-922498b8e1bf,user_5,150.29,electronics,2025-12-05 23:10:55,CN,mobile,0
ebe26439-a3a4-4c19-87ed-34f4bb217b31,user_17,1231.67,gaming,2025-12-05 23:10:55,FR,tablet,0
45a38d55-8e73-4ce9-8b83-23659e451b90,user_13,996.59,home,2025-12-05 23:10:55,RU,mobile,0
e20e9f7a-7d31-4bb4-a69e-86d5651d98e4,user_3,1443.74,books,2025-12-05 23:10:55,DE,tablet,0
f1cc04a1-5e87-4551-8544-e846730931da,user_20,1537.16,electronics,2025-12-05 23:10:55,DE,tablet,1
2bd9c2b8-4e37-4881-911f-259d2071567a,user_7,331.32,home,2025-12-05 23:10:55,RU,desktop,0
33adab22-6a42-45f0-b972-4bd1dd77241a,user_13,20.64,books,2025-12-05 23:10:55,FR,mobile,0
c5eb9f04-61bf-4e62-a0ec-c3ddff135b9a,user_13,1961.53,gaming,2025-12-05 23:10:55,FR,mobile,1
b731092d-f26d-44d5-86ca-6867e74b16d6,user_15,87.19,home,2025-12-05 23:10:55,CN,desktop,0
7e31bd1a-80b2-4d60-bc3c-efff70c62f09,user_1,1057.04,clothing,2025-12-05 23:10:55,CN,mobile,0
df3b87e0-6549-4f7c-89d7-2d36a2a9065b,user_2,1780.52,electronics,2025-12-05 23:10:55,RU,tablet,1
43180e18-249e-423f-8f3c-bbd2b9e61eb6,user_4,1621.28,electronics,2025-12-05 23:10:55,DE,desktop,1
8baf7b81-57c1-43ec-af99-cb67dd273aed,user_12,920.83,home,2025-12-05 23:10:55,FR,mobile,0
87885821-ec9d-4fc8-a51b-c7544e3b8463,user_11,311.76,books,2025-12-05 23:10:55,US,tablet,0
844cdf01-4fda-4b05-b056-70cc0b9ac396,user_4,316.9,books,2025-12-05 23:10:55,DE,tablet,0
969e0c51-aaa9-426a-a084-173194d4c315,user_5,1941.92,gaming,2025-12-05 23:10:55,DE,tablet,0
8c231f02-589f-410a-bbd5-b4bf74c1525d,user_5,55.88,electronics,2025-12-05 23:10:55,RU,mobile,0
0c98de34-1dfa-48dd-874f-1e2020343daf,user_20,1485.77,gaming,2025-12-05 23:10:55,FR,desktop,0
60888e9c-5936-46fd-86e6-a73c3960676c,user_16,1843.12,books,2025-12-05 23:10:55,US,mobile,0
163c6bd5-0f0e-4659-9040-f6c3e267d3bf,user_17,673.9,books,2025-12-05 23:10:55,CN,desktop,0
1f9dd865-c993-4b8d-aecd-197a50248c06,user_1,1701.94,home,2025-12-05 23:10:55,RU,tablet,0
fed801e5-25e9-4e09-ab28-68c801d1aeff,user_11,1438.36,clothing,2025-12-05 23:10:55,US,mobile,0
1a5919b6-6ede-4e4d-8c28-99e0d77e20d6,user_16,1000.29,home,2025-12-05 23:10:55,FR,desktop,0
001390cb-3bbe-41e1-a03f-0f558d9774f0,user_2,1804.01,clothing,2025-12-05 23:10:55,US,tablet,0
62c9fd2d-2479-45ec-a8ea-bea36d66e62a,user_5,1219.61,gaming,2025-12-05 23:10:55,FR,mobile,0
dcf19b3d-32af-409c-ab0f-e43408b07b3e,user_17,1922.04,clothing,2025-12-05 23:10:55,FR,desktop,0
4c9d8930-df34-4984-a16b-bfd22789a20d,user_5,487.2,gaming,2025-12-05 23:10:55,US,mobile,0
d5c45056-12d8-48de-a1f6-d84419851c95,user_5,64.03,gaming,2025-12-05 23:10:55,CN,mobile,0
ea591517-a5cf-443d-875e-08b495170d19,user_14,1569.28,clothing,2025-12-05 23:10:55,FR,desktop,0
bcccfb78-82ae-4c1a-999b-799eeac68815,user_18,389.7,electronics,2025-12-05 23:10:55,CN,tablet,0
7e7282ac-6559-45f7-91bd-62ebfa5cab9a,user_9,866.71,home,2025-12-05 23:10:55,DE,desktop,0
4ddd30d6-4dda-49d0-a6ed-07d51bd71296,user_2,1742.85,electronics,2025-12-05 23:10:55,US,desktop,1
386e4dae-6f19-4d10-a341-61fa82294803,user_1,1754.52,electronics,2025-12-05 23:10:55,CN,mobile,1
300b7f3a-09e1-4c38-9572-482abf93910a,user_18,1327.3,clothing,2025-12-05 23:10:55,DE,desktop,0
44ca2b7a-dd21-4e19-bcc0-fe120b51d0ce,user_5,1775.62,books,2025-12-05 23:10:55,CN,mobile,0
91d6fafc-1913-49e7-8568-962057328c2e,user_9,628.72,gaming,2025-12-05 23:10:55,DE,mobile,0
479f46e4-9b6a-4d78-9e49-4e66c13d4966,user_15,232.99,electronics,2025-12-05 23:10:55,DE,mobile,0
c4422aff-2fd4-4a8e-8cdc-96a19d2a2b8e,user_16,969.75,home,2025-12-05 23:10:55,US,desktop,0
d9673f2e-1c02-4335-aff0-91dfedc5a2eb,user_17,1707.46,books,2025-12-05 23:10:55,CN,mobile,0
6de34335-df24-482b-838a-39f158a6349b,user_6,1567.59,clothing,2025-12-05 23:10:55,FR,tablet,0
39b0fa69-b9a2-4656-b03c-f7e066408f14,user_20,787.45,books,2025-12-05 23:10:55,RU,mobile,0
e98ad389-7305-4766-9f79-fff61ca37e43,user_2,598.34,home,2025-12-05 23:10:55,US,mobile,0
96190e2e-9f4b-4b4f-bb1d-80a9133bb0c1,user_8,1874.7,books,2025-12-05 23:10:55,CN,mobile,0
26503e25-972f-4049-a274-c13165ed85bf,user_1,1940.06,gaming,2025-12-05 23:10:55,CN,tablet,0
a77bf341-0967-4530-ab83-422951e09c5b,user_4,1318.34,clothing,2025-12-05 23:10:55,CN,mobile,0
0d201827-7699-451a-ae86-6ea15ca18e63,user_7,1.5,clothing,2025-12-05 23:10:55,DE,tablet,0
e12a12d1-404e-46b2-aaa7-169240d191be,user_6,1054.26,home,2025-12-05 23:10:55,RU,mobile,0
89780d91-f3e0-4da5-8178-114a88efaf63,user_2,1422.49,electronics,2025-12-05 23:10:55,RU,tablet,1
3925d00c-c779-459f-aa9e-742f09d6d609,user_15,420.8,books,2025-12-05 23:10:55,RU,desktop,0
1176cfb5-c5b3-4977-b3cf-42e3f70bac59,user_7,1947.03,electronics,2025-12-05 23:10:55,US,tablet,1
86ae8db7-f340-427c-a874-9066fcbdeff8,user_8,471.92,books,2025-12-05 23:10:55,RU,mobile,0
47c0b458-65c8-4dca-9e8f-ed0e4c044e83,user_12,786.96,home,2025-12-05 23:10:55,DE,desktop,0
ac5fe40d-ef1b-41e4-990e-3d31b6734465,user_4,1836.47,books,2025-12-05 23:10:55,CN,mobile,0
f2da8f3e-08ef-4598-9b42-7df0211485ce,user_15,528.23,clothing,2025-12-05 23:10:55,US,mobile,0
5e323c83-5770-4032-a141-d25107e2e06c,user_10,798.37,clothing,2025-12-05 23:10:55,CN,tablet,0
b6d7e732-ed49-46a6-88cb-427c9a5b757c,user_6,1536.58,electronics,2025-12-05 23:10:55,CN,mobile,1
dd04b35d-f4b7-41af-8410-d3f2abb6fd0c,user_11,1029.4,electronics,2025-12-05 23:10:55,DE,tablet,1
78494a9b-ca2d-4b66-ba41-273047b12220,user_20,84.64,clothing,2025-12-05 23:10:55,DE,tablet,0
e3bcf056-7dba-49fa-ab4e-f934f2ffb540,user_14,1623.71,books,2025-12-05 23:10:55,RU,desktop,0
1a76e61b-962b-4852-8480-fee7e101bca6,user_4,324.02,books,2025-12-05 23:10:55,US,tablet,0
8316942d-374d-44b7-90f3-0a53b41024b1,user_2,773.9,gaming,2025-12-05 23:10:55,RU,desktop,0
12aae159-5764-4fc7-9b6e-ce371a74da1b,user_3,91.39,clothing,2025-12-05 23:10:55,RU,mobile,0
730cd5d4-7947-4528-815d-0228a22f0c76,user_15,364.42,home,2025-12-05 23:10:55,DE,tablet,0
2dda6081-1910-4b20-b9bc-aef8055a6a85,user_13,1447.74,gaming,2025-12-05 23:10:55,US,desktop,0
44c68d0a-a69b-4e8c-a0ed-29ef40a6fad0,user_3,1712.24,gaming,2025-12-05 23:10:55,US,desktop,0
95b23195-4ec1-4a03-b902-7309400334f0,user_10,1418.84,clothing,2025-12-05 23:10:55,CN,mobile,0
1bb66a9d-f4a4-44d3-9d8a-c09122b3c68e,user_4,1179.17,gaming,2025-12-05 23:10:55,CN,tablet,0
79c87c2c-bb25-47b4-bbe6-a5df8e8bf9bf,user_20,1250.91,home,2025-12-05 23:10:55,US,tablet,0
5184cf49-421e-401b-8a23-f00a15b32113,user_16,1908.48,books,2025-12-05 23:10:55,US,desktop,0
255f16c8-312a-4709-a8e4-f732cabff4cb,user_3,1513.51,home,2025-12-05 23:10:55,FR,desktop,0
cc7cd37f-ac06-4123-b191-a0bb2d299ca2,user_10,1051.72,gaming,2025-12-05 23:10:55,DE,mobile,0
fb5f87cc-db08-4a47-aabc-7e7bb9747a72,user_9,1114.41,clothing,2025-12-05 23:10:55,RU,desktop,0
0919614f-6720-42aa-8824-c11c891cf2d9,user_6,1775.76,home,2025-12-05 23:10:55,CN,desktop,0
8f03d63d-637c-46db-9007-c66923b59fe5,user_19,1806.88,home,2025-12-05 23:10:55,RU,mobile,0
c7c1d3bd-c253-4b63-94fd-49fb1fd3d6c8,user_4,289.81,electronics,2025-12-05 23:10:55,DE,tablet,0
2b0457b4-9fe7-42aa-82ed-5d7db65ffe31,user_4,968.55,books,2025-12-05 23:10:55,DE,desktop,0
57621fd3-e236-4309-be88-be30b147442c,user_6,871.09,gaming,2025-12-05 23:10:55,DE,tablet,0
df99d4f6-ecdc-4816-ad6b-2925752db5cc,user_13,14.82,clothing,2025-12-05 23:10:55,DE,desktop,0
b4ff57d1-151c-46ca-8e69-3d0e835f9f0a,user_1,743.94,clothing,2025-12-05 23:10:55,RU,mobile,0
605836ed-d15a-4f9e-bfd5-8a82f820083f,user_13,1583.67,clothing,2025-12-05 23:10:55,DE,desktop,0
92193737-f759-4c65-8a52-5b21061218e0,user_14,1956.17,books,2025-12-05 23:10:55,US,mobile,0
5a7ec85a-4d89-4461-bad8-dabd09b879e4,user_11,1855.46,electronics,2025-12-05 23:10:55,DE,desktop,1
ca5eba50-953a-4e08-8eea-42f154529b3a,user_13,520.58,clothing,2025-12-05 23:10:55,FR,mobile,0
c538d836-11e0-4d18-a789-de409cfcada2,user_10,1330.67,gaming,2025-12-05 23:10:55,US,desktop,0
50e6d721-2980-4796-8969-ff03c537ba29,user_2,1879.84,home,2025-12-05 23:10:55,FR,mobile,0
88d2e21e-ca26-465d-a847-5e70469c58ec,user_5,1948.42,gaming,2025-12-05 23:10:55,RU,mobile,1
c7a881ca-a0e7-41c5-8eba-161ac362a884,user_18,733.9,books,2025-12-05 23:10:55,CN,mobile,0
84b73e91-4d6a-4632-9b54-03edafa436b1,user_12,1974.14,home,2025-12-05 23:10:55,US,tablet,0
d57735f1-07fa-4bac-ac5c-05d208038a36,user_20,554.15,home,2025-12-05 23:10:55,US,desktop,0
f7166cd6-0e70-4dae-83fc-a2075c2ee49a,user_12,1687.78,home,2025-12-05 23:10:55,RU,tablet,0
6a887be2-15e4-495d-a193-603ca60b62e6,user_11,1055.41,home,2025-12-05 23:10:55,FR,tablet,0
41288d3c-941a-4dc3-ab98-32276d948937,user_19,293.82,books,2025-12-05 23:10:55,CN,tablet,0
34202298-d2a0-4f51-8500-f529c7207850,user_18,846.85,home,2025-12-05 23:10:55,FR,mobile,0
82edef4b-7589-4412-9dc5-bb8a6ffd1164,user_19,1785.98,gaming,2025-12-05 23:10:55,US,mobile,1
3eec8e35-46c4-4635-8a10-4765a1919ef3,user_3,1824.94,gaming,2025-12-05 23:10:55,DE,mobile,1
c3020043-8976-4bfd-8cb8-3693af4f3d85,user_8,1383.8,home,2025-12-05 23:10:55,DE,mobile,0
99917b65-e474-4c39-beb3-ab1b2d1407b7,user_14,80.63,home,2025-12-05 23:10:55,US,desktop,0
cc202b6b-ba7f-43fa-8f9f-8ef236ccc820,user_12,1867.71,books,2025-12-05 23:10:55,US,tablet,0
a318439b-d216-48bb-8d57-d6b36be4bb40,user_18,341.5,electronics,2025-12-05 23:10:55,US,desktop,0
5332c2a9-2204-43d5-b2ce-a75c1a5a7b27,user_4,1645.08,books,2025-12-05 23:10:55,RU,mobile,0
dc3fcfed-0423-42eb-9ce6-ff1382d82d17,user_4,1358.74,gaming,2025-12-05 23:10:55,FR,mobile,0
60328b89-97a0-48b3-8634-f55b6f8b09ac,user_5,1092.52,books,2025-12-05 23:10:55,DE,tablet,0
ffe3332c-fd34-49af-9295-ffeee90969d2,user_19,1088.55,gaming,2025-12-05 23:10:55,CN,mobile,0
2d30a8d0-53d5-4c1d-a52c-b90b77133a67,user_9,492.93,clothing,2025-12-05 23:10:55,RU,tablet,0
38d6012c-b3ac-449f-9de2-e9d3b05e285e,user_14,1431.42,books,2025-12-05 23:10:55,DE,tablet,0
613176bb-41fd-4cdc-868d-d8885dd92874,user_10,1674.98,books,2025-12-05 23:10:55,CN,tablet,0
2a7b20be-05d7-4239-9008-91bf55e21485,user_4,1283.07,books,2025-12-05 23:10:55,DE,mobile,0
52fa3e1a-1802-4dc5-b401-503fef8a451f,user_15,129.55,books,2025-12-05 23:10:55,CN,mobile,0
ea782434-6d64-4586-8562-3be163fa36f2,user_10,530.99,clothing,2025-12-05 23:10:55,RU,mobile,0
affb25fc-bee2-4f27-be6e-0912b341b1bc,user_8,1105.44,gaming,2025-12-05 23:10:55,DE,tablet,0
e3a4f7a2-269f-4324-b66a-7dbb78afdc7b,user_9,1795.42,books,2025-12-05 23:10:55,DE,tablet,0
80d1627d-cc80-44ff-9c4a-8bd2581fe064,user_4,402.08,electronics,2025-12-05 23:10:55,DE,desktop,0
5e9a7d1b-30bc-4b7f-9800-28f138e37726,user_18,1394.89,books,2025-12-05 23:10:55,US,tablet,0
310ade5a-27b3-44ad-bd4f-290fa0b7bbd8,user_4,769.18,electronics,2025-12-05 23:10:55,DE,mobile,0
7efb23db-4bfb-415b-83d7-e5957326ea41,user_4,742.44,books,2025-12-05 23:10:55,US,tablet,0
ec439e1e-05a8-4fcb-9de7-0ede56f9d982,user_20,1624.02,books,2025-12-05 23:10:55,DE,desktop,0
30d35beb-5765-4708-b60a-5b57b77f3184,user_19,1410.19,home,2025-12-05 23:10:55,RU,tablet,0
92a62b43-09d4-4156-b330-542e4b6c2057,user_7,1763.17,electronics,2025-12-05 23:10:55,DE,desktop,1
359b16ac-7851-4bc1-a188-599c918638d3,user_14,52.2,electronics,2025-12-05 23:10:55,CN,tablet,0
ad88a471-8f51-448f-b358-3404b5fa56b5,user_3,1817.96,home,2025-12-05 23:10:55,CN,mobile,0
12a0cc68-cf23-476d-98cb-e3517e324fff,user_5,1797.01,books,2025-12-05 23:10:55,DE,mobile,0
40f5f2bf-bda4-490a-a23c-1e4eb4ac7b2d,user_5,1517.97,books,2025-12-05 23:10:55,DE,tablet,0
1e2be5bd-df5f-4a78-a70a-f1e4027e039c,user_5,1462.3,gaming,2025-12-05 23:10:55,US,mobile,0
4f1b0149-c0a2-4d94-9921-223b57127fe0,user_19,371.72,gaming,2025-12-05 23:10:55,CN,mobile,0
aaed56ef-574e-4f55-81cf-485f7730785c,user_20,150.54,clothing,2025-12-05 23:10:55,RU,mobile,0
f7b5b951-362c-42c3-b347-26f3b05fc940,user_15,1441.2,books,2025-12-05 23:10:55,DE,desktop,0
a5cb3851-f962-4e0d-9259-706517ff9519,user_4,367.11,clothing,2025-12-05 23:10:55,US,mobile,0
7fea40c9-96c4-4f8e-8a75-d449170af5ca,user_7,59.83,electronics,2025-12-05 23:10:55,US,tablet,0
f2f1b3f0-cb2d-4322-a41a-8daa83e46893,user_13,1438.05,clothing,2025-12-05 23:10:55,CN,desktop,0
76a08ecb-2b6c-4c70-a917-1ecf4f69e75b,user_7,436.69,home,2025-12-05 23:10:55,RU,desktop,0
5010312f-5bdc-4d8b-b444-5a0c707cd78c,user_10,1546.02,clothing,2025-12-05 23:10:55,FR,mobile,0
b40ff293-3a34-4c28-87db-1a77bf6a5843,user_1,886.55,gaming,2025-12-05 23:10:55,FR,mobile,0
ce396743-d2f0-49c7-b7e0-306098163b09,user_6,1852.8,clothing,2025-12-05 23:10:55,US,tablet,0
c0970dd2-df6b-4033-8062-24ddea6da3a1,user_16,979.05,home,2025-12-05 23:10:55,RU,mobile,0
2a42cfac-98d2-4baf-a93a-3db361912a19,user_5,1316.38,gaming,2025-12-05 23:10:55,DE,desktop,0
88ea8eb9-1797-45bf-8f0c-c57701261693,user_18,133.25,home,2025-12-05 23:10:55,DE,tablet,0
7f548f46-65fa-4cc0-8a45-312c77befb74,user_19,626.82,electronics,2025-12-05 23:10:55,FR,desktop,0
67436d56-8fe2-402b-a4fd-c4addbb62407,user_3,7.96,gaming,2025-12-05 23:10:55,DE,mobile,0
2d10c2e5-3369-460a-b0c2-ebebe636f6f8,user_16,419.66,electronics,2025-12-05 23:10:55,RU,mobile,0
d3abdde3-fae5-4a96-a881-a21cdeab7e71,user_3,1340.23,clothing,2025-12-05 23:10:55,CN,tablet,0
49f47533-a4e0-4430-8a43-cefe744130c7,user_9,809.34,gaming,2025-12-05 23:10:55,CN,mobile,0
d403e3b1-bc68-4ff2-82f4-8dcefcfcfce0,user_16,1498.95,gaming,2025-12-05 23:10:55,DE,mobile,0
4365bf4d-2856-468b-aa4a-2c07437a9611,user_4,902.02,home,2025-12-05 23:10:55,US,desktop,0
fb78ced1-0883-450c-8f16-e564fa259ff6,user_8,1398.21,books,2025-12-05 23:10:55,CN,tablet,0
28ddd69d-b521-4d6a-add4-9f46737c20a5,user_15,1428.98,home,2025-12-05 23:10:55,CN,mobile,0
b712644d-a462-4583-bb28-676d07537799,user_11,200.22,clothing,2025-12-05 23:10:55,DE,mobile,0
7e797dae-e3d2-4306-a498-94c2cd443924,user_11,939.87,home,2025-12-05 23:10:55,DE,desktop,0
ef6cd936-f4c8-4538-a6e0-168822897ceb,user_19,1806.1,clothing,2025-12-05 23:10:55,FR,desktop,0
f23af83b-3699-4dc8-9591-f12ded79449e,user_14,1774.63,books,2025-12-05 23:10:55,RU,mobile,0
02cdf214-97c9-43d6-b053-afe90228f1f2,user_15,225.68,books,2025-12-05 23:10:55,FR,tablet,0
c8e86499-7669-4e11-a331-57b8322c898d,user_6,1702.83,books,2025-12-05 23:10:55,RU,mobile,0
320fcdf8-6881-4dd8-8faa-eb908468e9ef,user_13,420.15,gaming,2025-12-05 23:10:55,RU,mobile,0
2f00d41c-08cb-4462-ac31-abc666376b31,user_16,1977.18,home,2025-12-05 23:10:55,RU,tablet,0
87142579-808a-4a91-9880-35d6f6d4217a,user_19,730.61,books,2025-12-05 23:10:55,RU,tablet,0
74de5c75-da51-4f61-826c-810e07b56b0d,user_19,1050.22,books,2025-12-05 23:10:55,US,mobile,0
0b7db6ca-84b7-4fc0-9b49-555769aefcff,user_14,1436.95,clothing,2025-12-05 23:10:55,CN,tablet,0
e4bc2a13-cd93-470d-ad33-6055b2cc0ca1,user_17,96.81,electronics,2025-12-05 23:10:55,FR,tablet,0
6844f491-088f-4957-8534-2dd4460e3d83,user_8,136.37,gaming,2025-12-05 23:10:55,US,tablet,0
3af17a9d-7050-4dfe-89d9-208f8ffe2c77,user_8,484.79,home,2025-12-05 23:10:55,US,desktop,0
f4de8c8d-4da2-44f7-81f9-05d305d042d1,user_17,965.64,clothing,2025-12-05 23:10:55,DE,desktop,0
4e0196da-9696-43a8-9481-fcffb2d63e63,user_7,1445.33,gaming,2025-12-05 23:10:55,FR,tablet,0
81896108-3894-4975-9dfe-40c5abe2d9af,user_6,373.4,gaming,2025-12-05 23:10:55,RU,tablet,0
4eb99b19-fe3c-4880-9d13-b7fb4f9e234e,user_5,1114.03,electronics,2025-12-05 23:10:55,RU,tablet,1
27a6aa7b-9184-41a0-b054-4d2f4af999c1,user_3,1247.38,electronics,2025-12-05 23:10:55,RU,mobile,1
ddbbd12e-cc80-47a8-bb17-1b6e84713a26,user_10,585.12,electronics,2025-12-05 23:10:55,CN,mobile,0
23e53a2c-a0a7-4d0e-9643-ef1293e562a6,user_19,866.59,clothing,2025-12-05 23:10:55,CN,mobile,0
f745859a-2f81-405e-b187-2a75d1f2ab93,user_5,1811.96,home,2025-12-05 23:10:55,FR,mobile,0
9f45b5f6-fb4d-4ccd-b152-e864b5bead3f,user_7,186.66,clothing,2025-12-05 23:10:55,DE,tablet,0
733bcfbc-40eb-497d-bd6b-dafdfc818fb4,user_7,449.0,books,2025-12-05 23:10:55,US,mobile,0
e76a3634-52cf-4a0d-92c6-3a3223e6b3df,user_12,1640.47,home,2025-12-05 23:10:55,US,tablet,0
21a222b5-6932-495e-b00c-57c407e1315a,user_5,1167.34,clothing,2025-12-05 23:10:55,DE,tablet,0
3de7b6d1-b19e-4db2-9480-e8225ddec362,user_1,888.7,gaming,2025-12-05 23:10:55,DE,mobile,0
99167906-c187-45b1-bfd4-59b3118a78b6,user_14,1515.56,electronics,2025-12-05 23:10:55,RU,mobile,1
81f41242-36a6-4f26-b6c3-2a83a3bee9d5,user_5,77.12,home,2025-12-05 23:10:55,DE,desktop,0
6c1644ce-2274-489f-96d4-71d9dabcb283,user_4,1244.19,clothing,2025-12-05 23:10:55,FR,tablet,0
aae63fec-e295-4649-98e8-ceb2006dfecf,user_1,1695.02,clothing,2025-12-05 23:10:55,RU,tablet,0
e0cf7152-2674-4f8c-940c-fa8cf11397cc,user_18,1010.26,home,2025-12-05 23:10:55,DE,desktop,0
9bbeb531-09d4-408b-9cba-5d5ac4715390,user_5,1584.5,gaming,2025-12-05 23:10:55,US,desktop,0
7e155602-7c65-4fc7-8043-d48c1011d699,user_18,1867.32,books,2025-12-05 23:10:55,FR,mobile,0
dcfaa50e-0406-49db-b1fa-ed08ddfa6849,user_10,1167.21,home,2025-12-05 23:10:55,DE,desktop,0
e9714234-2ff5-4880-a361-7613eb3f3a1f,user_18,692.13,clothing,2025-12-05 23:10:55,CN,tablet,0
b05e77e5-6941-46d6-8a98-9cdad9958c28,user_4,507.88,gaming,2025-12-05 23:10:55,US,mobile,0
4f3e83e7-592a-42c0-b111-f35b793454e4,user_14,711.32,clothing,2025-12-05 23:10:55,RU,tablet,0
95e17f93-0ffc-4cfa-891c-169064d701dc,user_17,361.67,clothing,2025-12-05 23:10:55,DE,mobile,0
c7286cf2-5842-43e4-ab5f-69d8e11dcd41,user_15,79.77,electronics,2025-12-05 23:10:55,DE,mobile,0
6cd88369-cb51-46d8-82a6-b0d6eb644ddb,user_10,1592.58,clothing,2025-12-05 23:10:55,US,desktop,0
97416de9-eca4-457c-a7f2-d9a141094738,user_7,488.49,clothing,2025-12-05 23:10:55,DE,desktop,0
de00ab9c-2e3a-494f-a8c8-5b350184a36a,user_5,1175.12,gaming,2025-12-05 23:10:55,US,mobile,0
3a527e39-0b78-47dd-8e58-7159215b3e5a,user_6,702.42,clothing,2025-12-05 23:10:55,FR,desktop,0
0153395e-a7c4-4c86-9e8f-12470f1f3392,user_19,54.45,gaming,2025-12-05 23:10:55,CN,desktop,0
e0db311b-59ad-43ec-95a3-24be74863f43,user_13,1378.1,home,2025-12-05 23:10:55,DE,tablet,0
77c7d778-2096-457f-b97d-313f6e6fd25f,user_11,1302.78,home,2025-12-05 23:10:55,US,mobile,0
7f91d90a-e288-486b-b9a7-422708872e79,user_5,1055.19,gaming,2025-12-05 23:10:55,CN,desktop,0
f969d8dd-af3b-4fbf-b82b-a3a91ada9c61,user_15,1659.5,gaming,2025-12-05 23:10:55,FR,tablet,0
dca58219-3624-4f4a-8d97-d3e5dee55da3,user_19,311.45,home,2025-12-05 23:10:55,CN,mobile,0
ba144ebd-5c59-4e2e-bd8c-31279ff098a9,user_17,236.84,home,2025-12-05 23:10:55,US,tablet,0
6f27ee00-fe00-40df-bbf0-2fa5812ed2b7,user_10,767.76,books,2025-12-05 23:10:55,RU,mobile,0
f0443e2b-6743-4a20-851b-e9fa1a63eb2c,user_17,1017.2,electronics,2025-12-05 23:10:55,CN,mobile,1
4c97be53-f48d-4794-b7ff-888d626c6d06,user_15,1820.64,gaming,2025-12-05 23:10:55,FR,mobile,1
8988ff97-e557-469a-b5bb-27095695ca5f,user_6,191.44,electronics,2025-12-05 23:10:55,US,desktop,0
ea27396e-d33c-4b4a-b813-55de24dc1001,user_10,1296.55,clothing,2025-12-05 23:10:55,RU,desktop,0
19918576-4a8e-42f9-bb3f-5ea0330a9517,user_1,1981.34,books,2025-12-05 23:10:55,FR,desktop,0
5f45386c-d212-455f-817a-51816482c879,user_8,1888.66,gaming,2025-12-05 23:10:55,FR,tablet,0
188bc435-33e2-40e7-9df0-27233d9032b4,user_2,76.6,books,2025-12-05 23:10:55,US,mobile,0
f5210455-9e0c-4af9-8df8-4b2a24019140,user_17,1276.58,home,2025-12-05 23:10:55,FR,desktop,0
a7c9ea98-70be-4c1f-a6fc-28025828c234,user_4,764.65,clothing,2025-12-05 23:10:55,FR,mobile,0
627c0ad7-fd69-4dd4-a993-87f37f3a588a,user_14,1480.19,books,2025-12-05 23:10:55,FR,tablet,0
9c55d60b-2a98-4978-8b4d-3c35760cead7,user_9,411.07,gaming,2025-12-05 23:10:55,US,desktop,0
321cc277-359d-4ada-999b-e4f8d805e9b7,user_10,296.42,home,2025-12-05 23:10:55,FR,tablet,0
38e2490c-6e14-4507-be13-33e23b6e2e46,user_9,572.46,clothing,2025-12-05 23:10:55,RU,mobile,0
4e27a2a0-22f4-4d00-8105-ebede15385b4,user_12,1413.4,books,2025-12-05 23:10:55,CN,desktop,0
a2ae29cd-2520-4609-859c-5a29f9cea6ef,user_17,1913.56,books,2025-12-05 23:10:55,RU,mobile,0
a0a1cc6b-b0e2-4dd3-aac3-0fc82fc9d9ba,user_1,1909.49,books,2025-12-05 23:10:55,US,mobile,0
b3844aa1-31f5-4679-826e-50b7ea28d331,user_11,1332.16,gaming,2025-12-05 23:10:55,DE,tablet,0
2e17423e-12c3-4b8c-857d-9e4b9138e0b2,user_19,732.99,gaming,2025-12-05 23:10:55,US,tablet,0
2321c334-cdc6-43b6-8456-cd422369a348,user_2,1827.96,clothing,2025-12-05 23:10:55,US,desktop,0
d6f4089e-a308-4607-b849-001fb33dc600,user_11,397.93,clothing,2025-12-05 23:10:55,RU,tablet,0
2b81773e-6b95-4297-a520-1e283c137106,user_4,62.91,electronics,2025-12-05 23:10:55,US,mobile,0
2414e48e-a6cc-4407-ace5-ea928f469c30,user_5,1048.38,books,2025-12-05 23:10:55,DE,tablet,0
00aba586-3485-4cb6-b628-bd609ac3a6c8,user_16,585.63,books,2025-12-05 23:10:55,CN,tablet,0
0cff392d-1a06-43f5-9cdb-502c7d53e10a,user_20,679.0,electronics,2025-12-05 23:10:55,US,mobile,0
f7b081b9-397a-46e5-9cbe-285ef7c56093,user_4,186.01,gaming,2025-12-05 23:10:55,DE,tablet,0
44e3e241-dd49-4e21-8136-0a7259c3f932,user_1,325.26,clothing,2025-12-05 23:10:55,RU,desktop,0
0da7efee-e380-47dc-93e3-3ca0f926bfea,user_6,604.53,clothing,2025-12-05 23:10:55,US,tablet,0
1050b845-20fd-4c15-89cd-4d9c9592cd76,user_11,1034.6,home,2025-12-05 23:10:55,FR,tablet,0
dcc35a56-a60f-467e-beba-fd1652fbb73b,user_2,1395.63,books,2025-12-05 23:10:55,FR,mobile,0
d9a27ec7-8aa0-452c-8b58-d9166da1ddd7,user_10,1068.01,electronics,2025-12-05 23:10:55,CN,tablet,1
69c2e4f3-446a-478b-8c40-9756f018d84e,user_10,631.92,clothing,2025-12-05 23:10:55,FR,mobile,0
30f332bb-2a73-47f5-b425-db7adc9e3a43,user_6,1635.5,clothing,2025-12-05 23:10:55,CN,mobile,0
7c973c1b-71b6-44c2-803f-1d0135407fcb,user_20,641.69,gaming,2025-12-05 23:10:55,DE,mobile,0
034b37b6-3f3e-49e0-a702-241b45ce4db0,user_12,1348.38,gaming,2025-12-05 23:10:55,RU,tablet,0
969c7c41-770f-4143-91b7-94e0995699bd,user_15,211.24,clothing,2025-12-05 23:10:55,DE,desktop,0
ef7aa3e4-64c7-44bf-9fe7-e4bdf7b12e60,user_11,1520.41,electronics,2025-12-05 23:10:55,FR,desktop,1
ec78b520-7222-49f3-937e-d3c5fd8454e9,user_2,110.27,home,2025-12-05 23:10:55,RU,mobile,0
58b6eb0b-288b-40ae-b75e-13bff80f298a,user_3,1815.91,gaming,2025-12-05 23:10:55,US,tablet,0
790822b3-0ba5-4c58-ba26-2324b0b11b32,user_2,176.19,books,2025-12-05 23:10:55,CN,desktop,0
fc98c3af-29ed-42e1-8e85-c251ff63c3ee,user_18,458.13,home,2025-12-05 23:10:55,FR,mobile,0
238abcb2-7a1d-4caa-a50e-7b4eb5b26095,user_11,1479.33,electronics,2025-12-05 23:10:55,RU,desktop,1
da94cd49-ab0c-411c-949f-add98747c597,user_1,444.15,home,2025-12-05 23:10:55,RU,mobile,0
4c567566-129d-44bd-8df0-24b5bc541af4,user_11,1123.94,books,2025-12-05 23:10:55,DE,mobile,0
6d8c3b67-995c-41c0-8da7-cebedd26d15d,user_7,2.87,books,2025-12-05 23:10:55,US,tablet,0
01ab72c5-583d-45b5-9b31-08cb927f3c7f,user_10,1792.38,electronics,2025-12-05 23:10:55,FR,mobile,1
42ee2e61-7878-409d-a83d-45e607ff5675,user_20,259.94,gaming,2025-12-05 23:10:55,FR,desktop,0
42b88171-2888-4af2-93b1-30b583dd6c71,user_1,1436.16,clothing,2025-12-05 23:10:55,CN,desktop,0
bc299f93-6629-4842-98c8-818acd194475,user_8,1787.05,clothing,2025-12-05 23:10:55,US,desktop,0
c05840cb-4bf2-463a-b34f-7a5d7a97fabc,user_1,196.2,books,2025-12-05 23:10:55,DE,desktop,0
87b3c80a-9f5c-4bd9-b3a9-582f169dd994,user_14,599.73,gaming,2025-12-05 23:10:55,RU,desktop,0
c0c6d933-c66f-4eb7-a2fd-40268c59509f,user_4,1557.24,books,2025-12-05 23:10:55,DE,desktop,0
e0120b21-4d3e-4fce-923c-a1e25d8999e5,user_11,656.82,books,2025-12-05 23:10:55,FR,tablet,0
5eac73e4-03dc-4ca6-941d-3da450850be9,user_5,949.79,electronics,2025-12-05 23:10:55,DE,tablet,0
a085b41b-2864-4713-87da-4f4aa59a9313,user_3,1666.29,home,2025-12-05 23:10:55,FR,mobile,0
38ed429a-421d-4993-b47a-4e6c58f1aa99,user_4,1986.85,books,2025-12-05 23:10:55,US,mobile,0
39657482-29d5-4968-bb16-d80a86ccd266,user_9,522.57,gaming,2025-12-05 23:10:55,US,mobile,0
09e7b291-3dc8-4080-8434-8347e1976139,user_3,1533.49,clothing,2025-12-05 23:10:55,US,mobile,0
af8b68ac-2a9f-4d67-b519-fd68751e976c,user_5,472.95,electronics,2025-12-05 23:10:55,DE,desktop,0
df00b82d-41b9-4055-b83e-364f31aaa5ed,user_18,1481.29,books,2025-12-05 23:10:55,US,mobile,0
85a4aa9b-0bc0-4260-bce4-ecf9dc108c81,user_9,389.01,electronics,2025-12-05 23:10:55,RU,desktop,0
e494dc48-41d6-4acf-a6cb-06eaed6469f6,user_5,267.61,books,2025-12-05 23:10:55,RU,mobile,0
c48e627e-eb08-4886-9168-069704cfab56,user_3,840.32,electronics,2025-12-05 23:10:55,RU,mobile,0
18760516-3a9b-4549-973c-6c43d8123f42,user_9,1565.82,gaming,2025-12-05 23:10:55,RU,mobile,1
2ae6e0a8-d770-41e8-80fa-56264149a400,user_13,1232.55,clothing,2025-12-05 23:10:55,RU,mobile,0
45dd4a2e-3858-4e70-bf35-28e65a8909c1,user_11,476.1,clothing,2025-12-05 23:10:55,US,tablet,0
f8d2da81-3323-4c43-86e2-e585c626715d,user_13,725.86,electronics,2025-12-05 23:10:55,DE,mobile,0
d864d22a-4c25-4d9a-8fcd-9567919ff8b9,user_13,1044.39,clothing,2025-12-05 23:10:55,DE,tablet,0
6e0859e7-d5cd-429e-b140-ee3712ff94ae,user_18,373.99,electronics,2025-12-05 23:10:55,US,mobile,0
fae07fc5-e0be-40b2-9530-d80e2450281a,user_2,1277.64,gaming,2025-12-05 23:10:55,RU,mobile,0
242275be-c2c9-46d5-84c8-bc20f1a60b7c,user_11,96.47,home,2025-12-05 23:10:55,RU,mobile,0
1ff427a0-aaa4-465f-8cba-5d3a3de0e942,user_11,1495.45,gaming,2025-12-05 23:10:55,DE,tablet,0
383518e3-4a9e-497d-b4ac-77703fe92c63,user_17,1665.27,home,2025-12-05 23:10:55,DE,tablet,0
515ab9f8-5477-4035-98ff-2d0c1a0d03c0,user_7,210.44,clothing,2025-12-05 23:10:55,DE,tablet,0
67ff0454-4ba6-40e7-9adb-43ee3ca4d12e,user_9,801.61,clothing,2025-12-05 23:10:55,RU,tablet,0
74d50e31-2b72-425f-9b7c-8f7f40d8ae74,user_14,878.13,gaming,2025-12-05 23:10:55,FR,tablet,0
a3e9e6b7-8bd7-4512-bc42-727e1a891616,user_15,726.48,clothing,2025-12-05 23:10:55,FR,tablet,0
4cc737df-1eb5-4885-85d0-0256e95605fb,user_1,1692.99,clothing,2025-12-05 23:10:55,US,mobile,0
9f160f2c-2f21-46b6-90a5-da1bfc677f74,user_14,581.52,gaming,2025-12-05 23:10:55,CN,tablet,0
70a8398a-e5da-424e-a5aa-c89a2bbac00f,user_5,1946.25,books,2025-12-05 23:10:55,US,tablet,0
0ef317bf-a9af-4ccb-bd02-3bd3c8a71dbe,user_17,628.59,gaming,2025-12-05 23:10:55,FR,tablet,0
3d0f7edd-7ce5-421e-80dd-35ffc81aa867,user_19,417.12,gaming,2025-12-05 23:10:55,CN,tablet,0
42c41526-1961-4f3d-8fe7-f1ba9a45567d,user_7,1021.58,electronics,2025-12-05 23:10:55,US,tablet,1
8ad7f2fc-ff18-489a-a33f-5bdf6f00ae8d,user_7,1061.96,home,2025-12-05 23:10:55,RU,tablet,0
8148faf3-54bb-47d0-b1bd-229ee72b2879,user_14,141.38,gaming,2025-12-05 23:10:55,US,tablet,0
e7614285-89a4-410f-ab88-70cbd5625bc8,user_1,1123.28,electronics,2025-12-05 23:10:55,CN,desktop,1
d2f4a2c3-14ca-42d4-98be-db7e700fd518,user_17,775.86,electronics,2025-12-05 23:10:55,FR,mobile,0
9c3ae0f7-98ef-4e66-9189-c68abaa2a7e0,user_6,1591.15,home,2025-12-05 23:10:55,US,mobile,0
d842be74-78d9-4be6-a408-18b7dac42bb6,user_13,943.07,electronics,2025-12-05 23:10:55,US,desktop,0
d58b8204-d004-4075-aa9e-42b89da3acef,user_18,1668.04,gaming,2025-12-05 23:10:55,RU,tablet,0
9b810c4c-03d3-407f-96be-9e4ce981ebcf,user_14,561.35,home,2025-12-05 23:10:55,RU,desktop,0
6ce0804c-c542-45a3-a5ba-5d6fa993303d,user_14,550.53,clothing,2025-12-05 23:10:55,US,tablet,0
bd618523-8525-4ce6-b394-59b89e28dbf5,user_1,1173.5,home,2025-12-05 23:10:55,DE,tablet,0
2e638e59-ae68-4660-ba88-da74f956271b,user_14,42.46,home,2025-12-05 23:10:55,US,tablet,0
f5b5faa5-530f-4c1f-ab67-10bc6148d8d9,user_13,3.36,clothing,2025-12-05 23:10:55,RU,tablet,0
53f562a3-8120-423c-96e2-f999b160825c,user_17,610.53,clothing,2025-12-05 23:10:55,RU,tablet,0
43f39185-638a-47d4-ad8f-85651a953763,user_7,438.56,clothing,2025-12-05 23:10:55,US,tablet,0
3f99277f-f030-497e-9eed-7ac2f0ee12f2,user_12,1837.31,books,2025-12-05 23:10:55,DE,desktop,0
691a84b5-780d-4943-a144-6cca16a6e98c,user_12,106.72,clothing,2025-12-05 23:10:55,FR,desktop,0
2286f5fa-9cf6-4690-8f13-4b4c0b39f7da,user_8,666.04,home,2025-12-05 23:10:55,US,desktop,0
5d3bff84-5691-4889-b7b0-d31ff10ba87e,user_3,213.07,electronics,2025-12-05 23:10:55,FR,tablet,0
36f1c959-d9fb-4f1f-a157-c12da371ac2c,user_4,1648.31,electronics,2025-12-05 23:10:55,CN,mobile,1
26921a8d-c049-42c1-b844-202aae808287,user_1,1214.08,clothing,2025-12-05 23:10:55,RU,desktop,0
4c282b12-a91a-460f-9b7a-1f7cb937d464,user_17,486.9,gaming,2025-12-05 23:10:55,FR,desktop,0
d65b31c8-6d09-4757-8f8e-758267de0c33,user_20,1569.32,clothing,2025-12-05 23:10:55,DE,desktop,0
a9b7c9f0-520f-4b9b-a8a9-d1a204c591f5,user_15,623.25,electronics,2025-12-05 23:10:55,RU,mobile,0
7a909639-9bab-4eb6-84c1-a22cff19ef18,user_10,1400.44,electronics,2025-12-05 23:10:55,RU,mobile,1
2c1bcf24-be6d-4383-acc2-41bb6f4c05ba,user_5,1952.55,gaming,2025-12-05 23:10:55,DE,tablet,0
ae194db9-8bfc-4141-b96c-f538d993b59d,user_14,283.81,electronics,2025-12-05 23:10:55,DE,mobile,0
c0244ad2-fb11-4ca9-a6f8-476b0813d715,user_17,1227.76,electronics,2025-12-05 23:10:55,CN,mobile,1
ccae965a-73af-44dd-b4a6-8f1821a6d85d,user_12,560.34,electronics,2025-12-05 23:10:55,FR,tablet,0
8890f229-d4d8-4d2a-8a4a-047e6a357119,user_15,673.2,books,2025-12-05 23:10:55,FR,mobile,0
c84402ba-2e3d-4f96-9373-f1f42fa00c09,user_12,978.23,electronics,2025-12-05 23:10:55,DE,desktop,0
f5605dde-6ee6-4bd2-97bf-7a4104751b92,user_11,1695.45,gaming,2025-12-05 23:10:55,RU,mobile,1
e8f46600-7d80-49ab-bc47-7f9dd88e900e,user_2,1576.71,electronics,2025-12-05 23:10:55,US,mobile,1
1ec4c7e7-20e5-4b06-acb7-7946ce3dce11,user_11,1741.15,clothing,2025-12-05 23:10:55,CN,tablet,0
3e22f32e-a57b-4a1c-954c-29007b3399ed,user_12,1804.41,home,2025-12-05 23:10:55,FR,mobile,0
cb90e645-9a1a-4002-9183-0caa8c4c5d4e,user_12,1722.18,home,2025-12-05 23:10:55,US,mobile,0
a3547ab8-bf7b-4daa-bb5a-65c7ac5885dd,user_10,907.79,gaming,2025-12-05 23:10:55,RU,mobile,0
8bd0c3e8-a2b9-4b1a-9df6-eab5d4da3db5,user_9,194.22,electronics,2025-12-05 23:10:55,US,desktop,0
b4cad993-d3bb-4e23-becb-a0709ce1677a,user_14,1158.51,books,2025-12-05 23:10:55,FR,mobile,0
c72d747d-863d-40bd-9c37-355acea5db85,user_6,1339.1,electronics,2025-12-05 23:10:55,DE,mobile,1
bdccd816-9781-45dd-acf2-436e4b704277,user_2,1608.46,electronics,2025-12-05 23:10:55,RU,mobile,1
3c564302-f17d-4c0a-b822-a8b36574ca11,user_1,1430.71,gaming,2025-12-05 23:10:55,RU,mobile,0
9fab4647-9cf6-4732-a1df-9783b268507b,user_18,240.06,gaming,2025-12-05 23:10:55,DE,tablet,0
d565d21f-de70-4b1f-a777-7a5c0640b29a,user_16,1776.5,gaming,2025-12-05 23:10:55,RU,mobile,1
8419d642-0ef2-43ff-8462-e3d6c5cdf3b9,user_6,448.18,books,2025-12-05 23:10:55,CN,desktop,0
1a009320-c148-4a80-8dbf-0d4368842302,user_11,437.3,gaming,2025-12-05 23:10:55,DE,tablet,0
50389d21-ee9c-479c-8c6f-16ae3a5bf18b,user_16,1134.7,home,2025-12-05 23:10:55,US,mobile,0
19c6996a-2718-41f6-83b1-b22f9e19de2c,user_11,1696.82,clothing,2025-12-05 23:10:55,US,desktop,0
13c9e2c0-9b0a-414a-bd5a-12f915550481,user_20,1299.05,gaming,2025-12-05 23:10:55,RU,mobile,0
3be76169-b26d-4911-bb6b-0434a310064b,user_15,1216.1,books,2025-12-05 23:10:55,DE,mobile,0
28eba26d-dae4-400a-b8b7-01bc3799e2db,user_17,538.84,home,2025-12-05 23:10:55,FR,tablet,0
5699927a-9e50-4625-8e53-41404e0fca42,user_14,1108.69,clothing,2025-12-05 23:10:55,RU,tablet,0
5b4b41ec-9f78-42d2-a814-90f099fd14b5,user_4,837.51,home,2025-12-05 23:10:55,FR,tablet,0
c8df9b19-e9ab-46c0-8e08-3c17e11e751c,user_8,343.92,gaming,2025-12-05 23:10:55,US,desktop,0
3cc8c783-bfaa-4704-8ec1-a0f4c04a4c7f,user_11,541.63,gaming,2025-12-05 23:10:55,DE,mobile,0
9a202f3d-4973-4ad9-9069-2a165ba5c63a,user_17,520.13,gaming,2025-12-05 23:10:55,FR,desktop,0
6e865277-d60b-464a-be91-5ea18bc4f25b,user_8,828.01,home,2025-12-05 23:10:55,US,desktop,0
2dfd066a-05a1-42ad-832c-2679326bd15a,user_16,550.04,home,2025-12-05 23:10:55,FR,tablet,0
5936c92f-f25f-4690-9a9f-787817ec56a0,user_1,1592.92,clothing,2025-12-05 23:10:55,RU,desktop,0
4990aaf6-9468-46b2-9e0c-97d15d88d680,user_7,1070.53,clothing,2025-12-05 23:10:55,CN,mobile,0
e6149bd5-2bf0-4092-8dd4-e078fa61f924,user_18,595.31,books,2025-12-05 23:10:55,RU,desktop,0
e64c97e2-067c-4070-899a-b5c632a6140a,user_18,1713.84,gaming,2025-12-05 23:10:55,CN,mobile,1
8b627a69-2db5-45d4-a2e3-908d7a60f764,user_16,1084.62,books,2025-12-05 23:10:55,FR,mobile,0
739f5313-d36e-4388-b8ba-16538d9ca297,user_14,1995.45,clothing,2025-12-05 23:10:55,US,desktop,0
a973e4ee-bed2-479b-a699-ad1bb4776609,user_20,1343.6,clothing,2025-12-05 23:10:55,RU,tablet,0
488d44d1-55f7-47b7-8e3b-0bd192dc2729,user_13,644.7,home,2025-12-05 23:10:55,FR,tablet,0
9d34a4bf-cb7d-4923-b024-443631c1ded9,user_18,1784.72,home,2025-12-05 23:10:55,RU,desktop,0
5283525a-53f1-4c0e-b166-0deeaa1e926c,user_19,591.87,electronics,2025-12-05 23:10:55,US,desktop,0
91296e06-e929-4e08-956a-8e2b5d25a15c,user_14,216.53,books,2025-12-05 23:10:55,RU,tablet,0
96ca1a25-6543-4168-955b-7215fdc1ebd6,user_17,858.36,gaming,2025-12-05 23:10:55,FR,tablet,0
4a885ae3-88a0-4c3f-a0f0-79d67081b547,user_14,1824.95,clothing,2025-12-05 23:10:55,RU,tablet,0
f0f04d74-e0f7-4ad5-b3b2-154ec8087706,user_14,593.85,books,2025-12-05 23:10:55,RU,mobile,0
7912ffc7-43bb-4f56-958c-b24b8b6b0e29,user_4,1538.94,gaming,2025-12-05 23:10:55,RU,tablet,0
c884e952-abdf-4235-a9cd-867eae1b811f,user_8,1564.3,electronics,2025-12-05 23:10:55,DE,tablet,1
a363694c-b2a1-4b98-ba40-842f4dd7af8b,user_11,273.75,electronics,2025-12-05 23:10:55,RU,desktop,0
bc489b43-b2eb-4cbb-b21c-ebe1e33efd41,user_20,1778.0,electronics,2025-12-05 23:10:55,RU,tablet,1
320d1017-a036-4472-b308-c6bf1ec8d704,user_18,1779.11,gaming,2025-12-05 23:10:55,DE,mobile,1
54660b94-1a43-4b1f-81ba-785e498f80a8,user_10,23.41,clothing,2025-12-05 23:10:55,FR,mobile,0
7f6d8ef4-ddb9-44b0-b9eb-0268a86c4fbe,user_14,1963.1,home,2025-12-05 23:10:55,US,desktop,0
92ac0b1f-e15e-4970-8434-899e6e71e696,user_16,535.67,gaming,2025-12-05 23:10:55,FR,tablet,0
e3045608-d111-4096-a75b-ade59e97310c,user_12,1589.52,clothing,2025-12-05 23:10:55,US,desktop,0
d1f4057a-3e03-4d43-a154-1c2de0edea58,user_16,1592.57,books,2025-12-05 23:10:55,CN,desktop,0
ade79c7c-dbcc-4357-b1f5-c079a4f2367f,user_2,193.03,electronics,2025-12-05 23:10:55,DE,tablet,0
6b610d55-b45b-43eb-b157-418edbe61977,user_16,328.15,gaming,2025-12-05 23:10:55,US,tablet,0
dfb371df-d7fd-48f3-b2da-07dd782b9eb8,user_20,200.0,gaming,2025-12-05 23:10:55,US,tablet,0
8adb41b7-5c72-45d9-ac92-c42fcb6164c9,user_1,1722.53,books,2025-12-05 23:10:55,RU,tablet,0
5ffb195f-7121-414a-8a04-083ff642a4e2,user_3,1042.66,gaming,2025-12-05 23:10:55,DE,tablet,0
68f306e2-093b-447c-bce3-14b16caa0538,user_20,1447.7,home,2025-12-05 23:10:55,FR,tablet,0
e2b4c2ee-5a1c-4c50-836c-9199f15faa79,user_19,164.44,electronics,2025-12-05 23:10:55,CN,tablet,0
fadfcbb7-618f-4a76-809a-47c5fbb3f72d,user_12,648.81,home,2025-12-05 23:10:55,DE,mobile,0
543688ae-a769-42fd-8d3e-ddaa20bfad50,user_20,1878.56,books,2025-12-05 23:10:55,US,tablet,0
e4a394a6-402a-4ad9-a30b-8c6d53586b25,user_2,457.7,clothing,2025-12-05 23:10:55,US,tablet,0
641e7682-a474-4f82-a2ff-db1319aaf3c4,user_4,61.28,books,2025-12-05 23:10:55,US,desktop,0
2f40b7d4-ddf1-4651-98ac-a81cb0b455e2,user_19,1594.31,clothing,2025-12-05 23:10:55,CN,desktop,0
305eb8c4-4862-4006-8bd2-0460633b10d7,user_16,460.95,books,2025-12-05 23:10:55,DE,mobile,0
a02c150e-d1f0-4da0-bca3-93a2fe41e602,user_9,1190.86,books,2025-12-05 23:10:55,US,mobile,0
3001b6c3-40d2-4130-ae9f-499d3d7442da,user_5,1939.99,electronics,2025-12-05 23:10:55,FR,mobile,1
6eeedce7-dc2a-4d2d-a6aa-75becbad66ea,user_5,23.29,electronics,2025-12-05 23:10:55,FR,tablet,0
7f8661e4-9e1b-422e-aa38-33cc84336be5,user_13,1547.64,gaming,2025-12-05 23:10:55,FR,tablet,0
0bf39e8d-a892-4ef2-a28c-010472d9faef,user_17,1388.9,home,2025-12-05 23:10:55,FR,mobile,0
00b14ee7-8401-4182-83c8-9d2cdb474ccb,user_13,494.16,electronics,2025-12-05 23:10:55,CN,mobile,0
d84e2109-35aa-4bc8-9493-f070972286c1,user_6,922.0,electronics,2025-12-05 23:10:55,FR,mobile,0
a8ec35e7-aa47-4eea-bc8e-c4534629ce8b,user_16,74.46,clothing,2025-12-05 23:10:55,DE,mobile,0
4f4dc589-ce15-41ed-8ec9-1894b49ee788,user_19,1537.91,electronics,2025-12-05 23:10:55,DE,tablet,1
bb0c575b-c540-440e-8f15-f53a806dabcd,user_1,1040.38,electronics,2025-12-05 23:10:55,DE,desktop,1
6d63f7ab-e645-4988-9b8b-425f5f752dce,user_12,1294.88,books,2025-12-05 23:10:55,US,desktop,0
d2f42771-e118-4b85-8899-88a0bd038801,user_8,576.6,books,2025-12-05 23:10:55,DE,tablet,0
4c349115-7c01-4228-8613-10aff1a330ed,user_5,650.93,home,2025-12-05 23:10:55,FR,desktop,0
cd8f8255-b08f-40fc-8a20-f6a5d0a43fb0,user_11,67.55,electronics,2025-12-05 23:10:55,RU,mobile,0
e4c949b8-a2ac-467f-a43e-91bd400f2ed1,user_7,1781.23,electronics,2025-12-05 23:10:55,US,desktop,1
deeeb79a-d2ba-4d47-b5e2-20d6046891b9,user_1,478.5,clothing,2025-12-05 23:10:55,DE,mobile,0
629ae890-9c8f-4434-809e-72619ba55828,user_9,1556.85,electronics,2025-12-05 23:10:55,DE,tablet,1
ad825fb1-ba4d-418c-87d7-3b98e02933e9,user_2,1962.96,books,2025-12-05 23:10:55,RU,tablet,0
e1f2d6bb-0e99-4814-80f3-8682e646439e,user_13,335.78,gaming,2025-12-05 23:10:55,US,mobile,0
69799aac-07a6-44df-b6b7-75c099785e2d,user_8,1324.21,gaming,2025-12-05 23:10:55,RU,mobile,0
0a3a9316-9116-4723-a3f0-d065f915f726,user_16,986.44,books,2025-12-05 23:10:55,US,mobile,0
b166eaba-ead8-4fdb-866c-bbd55175e4e6,user_7,1037.82,gaming,2025-12-05 23:10:55,RU,desktop,0
c0fa29c6-239c-472a-acef-f7d8fadbeceb,user_9,1986.33,home,2025-12-05 23:10:55,US,tablet,0
87a02372-6a88-48b2-b28e-26bccace113c,user_10,1402.33,clothing,2025-12-05 23:10:55,CN,tablet,0
b4181354-2ed2-4a09-a1f0-3379a1a2df33,user_11,1508.32,home,2025-12-05 23:10:55,RU,desktop,0
cd1b2e09-bd95-4886-aae7-b145213822b5,user_1,1377.31,gaming,2025-12-05 23:10:55,RU,tablet,0
5f5429cb-e871-4479-b8ba-d4e1fc8002a4,user_5,1085.19,home,2025-12-05 23:10:55,RU,desktop,0
cb2bac26-3dfa-4b30-b518-613945146604,user_12,582.3,electronics,2025-12-05 23:10:55,DE,desktop,0
64b643cf-60c9-431e-ba4a-cc33f1cec7ca,user_8,1076.06,clothing,2025-12-05 23:10:55,DE,tablet,0
43af35af-e2ab-47e2-beb9-ccc541ed0eb3,user_11,1801.2,electronics,2025-12-05 23:10:55,US,mobile,1
e5999f28-d9a3-4cc9-9474-07e4de9ae199,user_9,1039.33,home,2025-12-05 23:10:55,CN,mobile,0
3d95d3c8-2eaf-475f-ae4c-46fc1e8aac50,user_7,1860.41,electronics,2025-12-05 23:10:55,DE,desktop,1
8dcc7b86-8a9f-43b6-b038-cc47fc2c8f08,user_11,238.74,clothing,2025-12-05 23:10:55,CN,desktop,0
983bb050-7d92-4595-a9b9-d16fa4e5a646,user_2,492.99,home,2025-12-05 23:10:55,FR,mobile,0
7ddecccf-e076-4eec-8ad7-0c8f3d0bd409,user_5,874.59,gaming,2025-12-05 23:10:55,RU,mobile,0
30fcfddc-3756-4618-9775-95157072a581,user_9,412.98,books,2025-12-05 23:10:55,RU,tablet,0
8e9e101b-6d87-4da7-84c2-195b8352617f,user_6,1443.21,clothing,2025-12-05 23:10:55,FR,mobile,0
fafe0435-8f9b-4093-90a9-9a785cc33b08,user_13,1948.82,clothing,2025-12-05 23:10:55,FR,tablet,0
8c9051b8-f7aa-477b-8ab7-394b78d94aba,user_10,134.12,gaming,2025-12-05 23:10:55,RU,tablet,0
f430f7d5-627e-45cf-acba-4e418a906b19,user_15,1987.8,home,2025-12-05 23:10:55,DE,tablet,0
5a9111eb-9e4d-498f-a446-51a8c97180be,user_19,51.56,clothing,2025-12-05 23:10:55,US,tablet,0
a89ac4cc-8e32-42b5-88fd-075a229fb9f4,user_17,1885.48,gaming,2025-12-05 23:10:55,FR,desktop,0
8361b80d-4047-4c0f-98d8-981e4eac3b82,user_15,432.03,gaming,2025-12-05 23:10:55,CN,desktop,0
f5b93ae5-8408-4d25-89b7-8cac713654a1,user_6,1216.76,home,2025-12-05 23:10:55,FR,desktop,0
d1b35941-c5a2-47b5-8b5f-a2299010e70b,user_17,1553.28,home,2025-12-05 23:10:55,DE,desktop,0
784c5dac-b08f-4106-a3c8-7f1459330770,user_5,1717.5,electronics,2025-12-05 23:10:55,RU,tablet,1
0c0c6a73-cff7-462b-b114-b2eb28c4ba4c,user_6,417.43,books,2025-12-05 23:10:55,US,tablet,0
6e0bcf21-c352-42b0-b8b3-f6b240a3eb55,user_11,889.83,clothing,2025-12-05 23:10:55,FR,desktop,0
7c1540c7-705b-4b31-9a35-255d370bc140,user_17,1989.41,home,2025-12-05 23:10:55,CN,mobile,0
ef67c4cf-76b8-425a-aa6e-d7bc7346e1a7,user_10,1398.61,clothing,2025-12-05 23:10:55,FR,tablet,0
59e974a5-88cc-455f-be73-703ca12d681a,user_16,1683.22,books,2025-12-05 23:10:55,RU,tablet,0
6e8f66cb-90cd-40e4-8705-0aa0d4bd4cc9,user_5,1510.79,books,2025-12-05 23:10:55,FR,desktop,0
11239cb0-0a1a-4f4c-9fdf-ffe4509c77eb,user_17,122.74,books,2025-12-05 23:10:55,CN,tablet,0
825c07b3-f91b-4a5b-989f-a9348e397567,user_16,957.38,home,2025-12-05 23:10:55,FR,desktop,0
78cf1378-f5c1-4113-9a78-74d54d2560c3,user_7,632.53,electronics,2025-12-05 23:10:55,FR,desktop,0
e37f107f-198e-4a95-b7fe-5ac126093d73,user_19,109.76,home,2025-12-05 23:10:55,CN,desktop,0
d498ab8f-6c5b-4588-bca4-a02f36d6ce12,user_2,1037.76,clothing,2025-12-05 23:10:55,CN,tablet,0
86a4eb67-51ab-44bc-8135-4b284574c68f,user_11,841.67,clothing,2025-12-05 23:10:55,RU,tablet,0
7ebaafe3-e7fb-4b53-8d50-ef2d78d5e587,user_2,1516.38,home,2025-12-05 23:10:55,RU,tablet,0
a39080a5-75c5-4461-ba62-a9681b446d24,user_19,1193.79,home,2025-12-05 23:10:55,FR,desktop,0
c9da83b1-48c1-4102-adb7-92e5df7b194b,user_9,573.08,home,2025-12-05 23:10:55,US,mobile,0
a51edf82-2af3-4655-a7e1-a1cd1e227ed6,user_20,1920.09,home,2025-12-05 23:10:55,US,mobile,0
3bc21d1d-2172-46ef-9d6d-1ef47c9752c7,user_17,1508.94,electronics,2025-12-05 23:10:55,CN,desktop,1
78030bd4-9b19-4f43-a9c7-f7480ab69255,user_5,163.8,clothing,2025-12-05 23:10:55,RU,mobile,0
b93fd10f-b774-4bee-a065-604fefe9c3c1,user_11,1366.35,home,2025-12-05 23:10:55,FR,mobile,0
a07b927d-ed11-440e-bc5f-e17967524927,user_12,1378.27,clothing,2025-12-05 23:10:55,FR,mobile,0
2995eaa2-9572-47b7-acf1-9304b35bad38,user_15,1669.18,books,2025-12-05 23:10:55,RU,tablet,0
accf4a6b-45e8-470b-9a5e-0f012bf5a232,user_1,998.29,books,2025-12-05 23:10:55,RU,desktop,0
cef7468c-fcd2-4fd3-afc3-ab62280f2f9f,user_20,1588.02,clothing,2025-12-05 23:10:55,RU,tablet,0
0794d537-ecce-45eb-88ac-816f9e2ae22b,user_6,567.63,home,2025-12-05 23:10:55,FR,desktop,0
031deb0f-97ef-4bb7-a303-749791d18fe1,user_12,1185.67,gaming,2025-12-05 23:10:55,RU,mobile,0
42822739-d1d8-4173-9c7a-559851c25975,user_19,1209.99,clothing,2025-12-05 23:10:55,RU,tablet,0
d1b07f43-1808-4ffb-861f-f541eab6b7e9,user_7,1167.28,electronics,2025-12-05 23:10:55,CN,desktop,1
665acfc2-d9ed-48c4-addc-68d75fd91d33,user_3,1549.96,electronics,2025-12-05 23:10:55,CN,mobile,1
064ee43e-c7e3-4dd6-9ad7-142f80b2bac2,user_3,118.28,home,2025-12-05 23:10:55,CN,tablet,0
80ef8f62-31f6-45b3-8820-a78e3d6bc01d,user_9,1356.12,clothing,2025-12-05 23:10:55,DE,mobile,0
01665781-0862-469e-b66e-c93de850f339,user_20,344.04,gaming,2025-12-05 23:10:55,DE,tablet,0
7df8cdb8-6831-427a-b11b-26662313351a,user_8,845.83,clothing,2025-12-05 23:10:55,RU,desktop,0
d8bd1b4d-f627-47c7-98b7-ed40917de37e,user_5,648.31,clothing,2025-12-05 23:10:55,CN,desktop,0
f2e8bf2a-72d6-42cd-bbaa-1bf139767f0e,user_4,994.11,gaming,2025-12-05 23:10:55,FR,desktop,0
3dcec5df-319d-44ca-b279-0bcd16d78462,user_20,367.21,home,2025-12-05 23:10:55,US,mobile,0
0645f55d-78a7-430a-8a92-b43b3caa8b61,user_10,693.75,books,2025-12-05 23:10:55,RU,desktop,0
40a9cb13-b304-472c-a815-f63ee17432df,user_8,812.8,gaming,2025-12-05 23:10:55,DE,mobile,0
9db4bfd3-5715-4194-9d35-62e53e897883,user_19,122.22,clothing,2025-12-05 23:10:55,US,mobile,0
0d4442ec-d2d9-4ac1-8ac5-9c8bdbd248cf,user_4,474.14,home,2025-12-05 23:10:55,FR,mobile,0
4b0a547c-a0cb-4696-b8c0-3dba04c04790,user_17,1171.04,gaming,2025-12-05 23:10:55,FR,tablet,0
6b218318-ba4d-4632-a71b-9b6011370295,user_7,138.06,books,2025-12-05 23:10:55,FR,desktop,0
a2d1a1e8-93f9-4d59-b6f2-4695d9ae06b4,user_5,1216.09,clothing,2025-12-05 23:10:55,CN,desktop,0
ec9e3c8f-2ab1-4e49-b3ab-b1f275d4ae90,user_10,1595.48,clothing,2025-12-05 23:10:55,RU,desktop,0
88fd84e0-1852-4194-8381-72df484b77af,user_11,1976.77,books,2025-12-05 23:10:55,US,tablet,0
30e4f647-dacb-4029-9f23-ba82b3dc8518,user_2,973.19,clothing,2025-12-05 23:10:55,FR,mobile,0
6deb7b1e-03dc-4c9c-b14a-bc41df747232,user_17,1949.71,books,2025-12-05 23:10:55,FR,desktop,0
c2c18caa-5116-48cc-839d-e96aa27f1a97,user_13,1255.05,books,2025-12-05 23:10:55,RU,mobile,0
820ea2e5-4d71-4017-a664-94012a23b5a3,user_3,1202.19,electronics,2025-12-05 23:10:55,CN,desktop,1
f2befa48-0af3-40cb-912d-fbd6c1a6be40,user_7,1448.15,clothing,2025-12-05 23:10:55,DE,tablet,0
e1901d9b-5598-4fb5-975a-0acba830aa4b,user_11,125.32,electronics,2025-12-05 23:10:55,US,mobile,0
70ffa4e4-c299-4610-8ead-8063ca873b57,user_8,628.0,books,2025-12-05 23:10:55,FR,desktop,0
f91c6e00-61f4-4de4-8c85-e43c5a163632,user_19,1379.77,clothing,2025-12-05 23:10:55,FR,tablet,0
bf863005-a5f8-43bd-b71f-421164803d9d,user_13,1097.81,gaming,2025-12-05 23:10:55,RU,desktop,0
6a3c333f-e74d-4060-86a7-720f35dc876a,user_5,1451.95,clothing,2025-12-05 23:10:55,US,tablet,0
84e53712-4b6c-40a5-ad6f-f3cbb0326e59,user_10,889.41,books,2025-12-05 23:10:55,DE,mobile,0
4382ddfc-a633-48a8-ae72-24c29c76dcf9,user_15,442.59,clothing,2025-12-05 23:10:55,FR,tablet,0
19135b20-d96a-461e-bc44-f15062775517,user_8,1178.77,books,2025-12-05 23:10:55,RU,mobile,0
b56c48ec-c4a5-48dc-b5b7-2807c5c4ff71,user_20,720.78,home,2025-12-05 23:10:55,FR,mobile,0
71960218-582c-4f18-98ce-a66374f78cc6,user_9,1946.9,home,2025-12-05 23:10:55,RU,mobile,0
a89996dc-0227-4cc1-88f7-9850ff34d118,user_4,1718.72,clothing,2025-12-05 23:10:55,US,mobile,0
c2107330-c3b9-49e7-8372-3749cfa6d741,user_15,992.34,clothing,2025-12-05 23:10:55,CN,tablet,0
28cd9f8f-1bc4-4913-bf8a-7eb7e2b04599,user_12,1866.08,electronics,2025-12-05 23:10:55,DE,desktop,1
b5963aa3-c65b-4f08-9405-d39205ac7a9d,user_10,1399.49,electronics,2025-12-05 23:10:55,CN,tablet,1
ad394178-fad1-4572-9bca-494e39a1dd18,user_13,25.33,electronics,2025-12-05 23:10:55,RU,mobile,0
ef0f6d50-6536-4707-aeb7-db7b964fdf15,user_14,1142.86,books,2025-12-05 23:10:55,DE,desktop,0
70b01a33-5cd5-4bbc-8878-07feafcaabd6,user_5,567.37,clothing,2025-12-05 23:10:55,RU,desktop,0
c294a00f-89c7-4e39-8b28-92bfa9372cce,user_20,1036.66,books,2025-12-05 23:10:55,FR,mobile,0
872ad013-eaa8-4457-8efc-c1a08874ffc7,user_7,1300.81,home,2025-12-05 23:10:55,CN,desktop,0
2e6ea82a-48d9-4e74-9824-f294a3318326,user_16,1626.09,home,2025-12-05 23:10:55,CN,tablet,0
b1682643-3758-4a9f-be8e-b6606f44bb9d,user_5,1838.93,gaming,2025-12-05 23:10:55,CN,mobile,1
ce0a5feb-8e6b-49f9-8685-a573b516d58c,user_1,833.89,books,2025-12-05 23:10:55,DE,tablet,0
d4709f2a-6cac-46f9-b1d5-bd894e3a94a4,user_16,1935.23,gaming,2025-12-05 23:10:55,RU,tablet,0
bb2e1ea9-5257-4096-8ffc-44d3000cedcc,user_19,632.8,gaming,2025-12-05 23:10:55,CN,tablet,0
eb7920d4-feb0-4e80-a810-8d957160c158,user_19,193.8,books,2025-12-05 23:10:55,US,mobile,0
efee6413-aede-4993-8359-3936cc28070c,user_10,809.67,clothing,2025-12-05 23:10:55,DE,desktop,0
c356f31c-a641-4a0c-88ef-b7f372a39f08,user_1,472.88,home,2025-12-05 23:10:55,US,mobile,0
b22ed3dd-4ff1-4fe8-b867-c30c6adabec8,user_11,212.96,gaming,2025-12-05 23:10:55,CN,desktop,0
82c1b57c-fe0f-4ba9-9053-ced440e79ff4,user_19,1248.93,gaming,2025-12-05 23:10:55,CN,desktop,0
e67ed696-d022-4bad-9daa-7ae455a9e110,user_11,538.14,books,2025-12-05 23:10:55,FR,desktop,0
23d8f21f-20f0-4776-abd8-374841a7d6d6,user_3,1242.95,gaming,2025-12-05 23:10:55,CN,tablet,0
8bf640ed-35a3-41fb-a00f-3fa42a1c8d99,user_6,525.51,books,2025-12-05 23:10:55,FR,mobile,0
c53f3a81-1e4f-404b-a231-b58dc0a01d73,user_14,1527.92,electronics,2025-12-05 23:10:55,CN,mobile,1
c37497dd-deb1-418f-a7e3-9eef1762d2a6,user_7,1723.86,clothing,2025-12-05 23:10:55,RU,desktop,0
a1c403da-6ce2-44df-a86e-428c6555a247,user_7,1131.86,books,2025-12-05 23:10:55,FR,mobile,0
4889206b-94fa-447d-85c1-a2b60fdaa24a,user_11,1063.82,clothing,2025-12-05 23:10:55,RU,desktop,0
b1d29468-e510-403e-91e5-4c97c9bdd7d9,user_10,1210.23,books,2025-12-05 23:10:55,DE,mobile,0
e440f9e0-be22-472f-bfca-8c0b03e7e52f,user_5,698.12,electronics,2025-12-05 23:10:55,RU,tablet,0
8ef76fd0-d8e3-4673-8a98-b58de19868f0,user_19,1053.66,gaming,2025-12-05 23:10:55,FR,desktop,0
9fafc894-19f3-46f5-8b0f-dcc475c48ea1,user_5,1370.39,clothing,2025-12-05 23:10:55,RU,tablet,0
c53fb3c8-fd1f-4d47-966a-7e2ad980246b,user_3,649.36,clothing,2025-12-05 23:10:55,US,desktop,0
17eacccb-c7b1-4333-9c0f-d1a4066529c5,user_17,1594.3,clothing,2025-12-05 23:10:55,DE,mobile,0
fb1181a3-a773-4257-9e49-7aed8869e99b,user_8,1459.81,clothing,2025-12-05 23:10:55,RU,tablet,0
ebf53732-42cd-4d97-987f-cebdd1e4c34f,user_9,1108.04,clothing,2025-12-05 23:10:55,US,mobile,0
f55ffc1b-a44f-4643-aee1-6a288723eafc,user_16,1494.63,home,2025-12-05 23:10:55,US,tablet,0
769c24b4-99c5-485c-aacd-f8a8a53e180d,user_12,137.36,home,2025-12-05 23:10:55,US,desktop,0
9eae952b-4522-4af2-bb6d-3090c5236516,user_13,80.99,electronics,2025-12-05 23:10:55,DE,tablet,0
3c0808db-97dc-4edc-a7cf-1816306df330,user_17,830.51,gaming,2025-12-05 23:10:55,RU,tablet,0
35aed123-3883-47c2-9870-478ff22b5c2e,user_4,1027.02,electronics,2025-12-05 23:10:55,CN,mobile,1
a224c17a-c849-470c-b01c-17145b921a5a,user_1,485.21,clothing,2025-12-05 23:10:55,FR,mobile,0
73ccad97-df2c-48e5-a22d-490671397ed0,user_8,613.28,books,2025-12-05 23:10:55,US,desktop,0
a7a8e292-3c8f-4a95-8216-4d379562c62f,user_4,785.66,books,2025-12-05 23:10:55,CN,tablet,0
32a40643-bd77-437e-9799-a560c24c9255,user_5,1897.82,gaming,2025-12-05 23:10:55,FR,desktop,0
2e0e4543-8fb1-459a-b1ad-14118ba801d3,user_10,1428.89,clothing,2025-12-05 23:10:55,FR,desktop,0
9c323c92-56c6-4321-8bc9-d89545bd51a7,user_12,979.93,home,2025-12-05 23:10:55,DE,desktop,0
3ac6c9e8-2cde-4af3-9163-f324576050be,user_5,346.91,clothing,2025-12-05 23:10:55,RU,desktop,0
73dd9809-8b4a-443d-8cf0-9d43de9284d2,user_3,1529.65,gaming,2025-12-05 23:10:55,FR,tablet,0
528f0828-8c9d-41ba-9096-0b8f1a71cb8d,user_11,1875.86,clothing,2025-12-05 23:10:55,US,desktop,0
95a3ce31-541f-4bdd-9f37-126001755276,user_4,823.4,gaming,2025-12-05 23:10:55,DE,tablet,0
b902a300-a08d-426a-884e-81587531acc8,user_11,1570.91,books,2025-12-05 23:10:55,CN,desktop,0
59f00775-95cf-4e5e-b0b8-757b8c75b16e,user_18,1070.13,home,2025-12-05 23:10:55,FR,mobile,0
0b1913ea-3273-4760-bf14-dec34aa14a08,user_13,509.71,gaming,2025-12-05 23:10:55,US,mobile,0
1c8caa41-ab71-4c71-8e4f-4b447ceeda4a,user_20,1918.29,books,2025-12-05 23:10:55,FR,mobile,0
495fdd69-748d-46c5-914e-af55453d3cb7,user_5,1733.57,books,2025-12-05 23:10:55,US,mobile,0
f8ea436a-11af-4b6f-a127-fdc44d93617e,user_20,1280.0,clothing,2025-12-05 23:10:55,FR,desktop,0
971817eb-9a63-4c0f-8c4a-416a095b0793,user_15,1740.25,clothing,2025-12-05 23:10:55,US,desktop,0
9094be4b-fb73-45dc-ab7e-a95299aa5aa3,user_1,56.34,home,2025-12-05 23:10:55,CN,tablet,0
1c6a8250-4d62-4691-ae43-3c82f29fddf5,user_14,1047.22,clothing,2025-12-05 23:10:55,US,desktop,0
ac9bb2bb-e22f-4c69-a549-f1c75dcb00a1,user_5,1242.84,gaming,2025-12-05 23:10:55,US,tablet,0
8cb6fe38-f455-4314-8b8b-a5c9b4daf950,user_19,1204.08,electronics,2025-12-05 23:10:55,FR,mobile,1
98a06fde-cf96-446b-9142-7d7fddb7ce41,user_14,858.19,clothing,2025-12-05 23:10:55,DE,mobile,0
e05f0264-f2b0-42d5-9489-7f63e0307732,user_20,1826.37,gaming,2025-12-05 23:10:55,FR,tablet,0
bff32551-db69-47d0-ba48-2b4277aca5e7,user_5,185.6,electronics,2025-12-05 23:10:55,CN,tablet,0
7944bc68-f886-4c73-a6a7-61ee08cc61e3,user_15,96.28,books,2025-12-05 23:10:55,US,desktop,0
70e54c48-1e22-4c97-ad55-2ac507ec7ed1,user_16,1016.46,books,2025-12-05 23:10:55,CN,tablet,0
3dd0ef00-dee9-4b61-a4c7-c135234b69a5,user_7,1744.67,gaming,2025-12-05 23:10:55,DE,desktop,0
ff7ca1de-df6e-47ce-a254-435bbe738353,user_10,868.18,home,2025-12-05 23:10:55,FR,desktop,0
a8a7a3f7-efa1-4307-adcf-731330a8f3b8,user_15,756.88,home,2025-12-05 23:10:55,CN,desktop,0
dae90d6c-241e-4b36-a98a-ccdf31e330e0,user_13,493.6,clothing,2025-12-05 23:10:55,RU,desktop,0
d9c2af77-ad49-43d1-acc6-0544f16dc6a2,user_4,256.51,books,2025-12-05 23:10:55,US,mobile,0
d4380352-7120-440d-bcfe-5741972c959c,user_4,474.05,clothing,2025-12-05 23:10:55,DE,mobile,0
a7704911-3a05-49f5-8bd3-669c74a98061,user_15,1166.04,electronics,2025-12-05 23:10:55,FR,mobile,1
9bd4df55-d1ca-4cb0-a2ab-ee1aa9ea2414,user_19,1667.31,gaming,2025-12-05 23:10:55,FR,mobile,1
18335b57-4313-4f8c-8252-d8c25c7edabb,user_4,1911.42,gaming,2025-12-05 23:10:55,US,mobile,1
073c1106-1ae4-4af9-9d8c-01686d2851ce,user_3,999.77,electronics,2025-12-05 23:10:55,RU,desktop,0
c4412056-089f-4f38-a898-6ac8ca2e51e1,user_9,1387.23,books,2025-12-05 23:10:55,CN,mobile,0
7bf95fc5-38a5-421c-9c89-cc5616715ca0,user_12,180.74,home,2025-12-05 23:10:55,FR,tablet,0
d23f2a60-6a34-48fa-aa3a-a0e02cd4fc88,user_3,275.4,clothing,2025-12-05 23:10:55,RU,mobile,0
9d029026-dd3b-4770-b8df-f773d9eb6132,user_15,546.19,books,2025-12-05 23:10:55,RU,desktop,0
64344a9d-5caf-4d5d-9b0f-a86e493d9dbb,user_11,1448.43,gaming,2025-12-05 23:10:55,FR,tablet,0
be4fae5e-37b9-41c1-8f60-2813e41c93f7,user_6,1102.9,home,2025-12-05 23:10:55,RU,mobile,0
dc2bd8e7-431b-4ffe-8bfd-b9870b67b625,user_9,429.29,gaming,2025-12-05 23:10:55,CN,mobile,0
ca505bb0-3e5b-4dcc-b7a9-df20406608bd,user_20,1465.37,clothing,2025-12-05 23:10:55,CN,tablet,0
3c789c87-1c54-40b6-91d2-d9863a0d053d,user_20,182.59,clothing,2025-12-05 23:10:55,US,mobile,0
ee4b41d2-bcf1-47b2-a365-139454868fe9,user_13,916.21,electronics,2025-12-05 23:10:55,RU,mobile,0
1010aebb-0524-485b-9bb6-53bde4a2d64d,user_16,1428.91,home,2025-12-05 23:10:55,US,mobile,0
e52b07e1-c07a-4605-b278-f706350ef825,user_3,548.28,electronics,2025-12-05 23:10:55,RU,desktop,0
b9b78a9f-3527-4595-9f65-cfc962cd5f29,user_19,1153.44,clothing,2025-12-05 23:10:55,FR,mobile,0
122074ee-3002-4600-a4ce-dc6df9095b9b,user_7,1539.36,clothing,2025-12-05 23:10:55,DE,mobile,0
1d8f3fc2-d415-48bb-9fa8-0492cc676989,user_19,117.72,electronics,2025-12-05 23:10:55,CN,desktop,0
100f1d7e-56c2-4456-8fb0-c6011d255d7f,user_14,644.95,electronics,2025-12-05 23:10:55,CN,mobile,0
1c62dd3e-ad1d-45fa-897c-3cdb52f2113e,user_8,496.69,clothing,2025-12-05 23:10:55,US,desktop,0
e4899642-170f-455c-88fd-24c695f217cd,user_8,350.13,home,2025-12-05 23:10:55,FR,tablet,0
9701bef1-9844-4c96-8a8f-4944ffa2573b,user_17,279.05,electronics,2025-12-05 23:10:55,CN,mobile,0
64c6c7db-2130-4440-8b8b-dba8d9fd4f98,user_11,1996.15,gaming,2025-12-05 23:10:55,CN,desktop,0
aaf89917-2ba6-4233-98ce-de6a35f460f8,user_11,41.96,gaming,2025-12-05 23:10:55,DE,tablet,0
3b031404-e02c-4fba-b01a-2fe47c23d57e,user_15,1035.15,clothing,2025-12-05 23:10:55,US,desktop,0
257b2769-be44-4d0b-96ca-779edf542558,user_18,930.29,electronics,2025-12-05 23:10:55,DE,tablet,0
688e5958-3f5d-4b4f-9673-3cfe7f8624a0,user_20,205.05,electronics,2025-12-05 23:10:55,FR,tablet,0
c31eaf30-9956-4bb3-bf4c-ac8ec0d52018,user_18,99.72,home,2025-12-05 23:10:55,CN,mobile,0
3b13d33d-31b2-480b-bb15-850aa2bc083b,user_1,556.79,clothing,2025-12-05 23:10:55,RU,tablet,0
9b246d3d-ca2f-4e74-97c2-1d2e2d34d7a7,user_8,1876.17,gaming,2025-12-05 23:10:55,CN,tablet,0
72dc16eb-9c27-4ef5-97b0-092247a111ac,user_1,959.83,gaming,2025-12-05 23:10:55,RU,mobile,0
44ba9e38-6c37-4754-8687-4c93cc26af65,user_2,1224.09,clothing,2025-12-05 23:10:55,RU,desktop,0
0151d2a4-dd1a-4b99-b9b5-6bfe447801dc,user_7,1861.13,gaming,2025-12-05 23:10:55,RU,desktop,0
a1851cb5-f200-45ec-af1a-3d584a1ac08d,user_8,1280.32,clothing,2025-12-05 23:10:55,FR,desktop,0
8af16176-dc9b-45cf-9cab-74ee2206ef98,user_4,1102.07,gaming,2025-12-05 23:10:55,CN,tablet,0
2ff38595-2645-49f6-ad65-c4e118495007,user_6,1182.59,books,2025-12-05 23:10:55,RU,tablet,0
8a6e4da0-f3df-4f0b-84d2-3aa351a5101a,user_10,851.34,electronics,2025-12-05 23:10:55,DE,mobile,0
a7ff1df3-faab-4fa3-b1d5-fe237f772055,user_14,822.33,gaming,2025-12-05 23:10:55,FR,tablet,0
99e20c64-d494-451c-9097-c623a0d40832,user_17,1043.53,electronics,2025-12-05 23:10:55,US,mobile,1
afd39ac6-3500-4fcd-b9ff-0f8d40391514,user_17,263.38,clothing,2025-12-05 23:10:55,RU,tablet,0
2b34bbc2-835a-4750-b3c4-68a88378c293,user_17,1.31,electronics,2025-12-05 23:10:55,US,mobile,0
3dd0e0e0-8707-4dc6-9c10-6f4158cb1217,user_16,407.73,gaming,2025-12-05 23:10:55,CN,tablet,0
8993c09d-e38b-4d2d-a4df-8c25a8b4ec3e,user_7,1161.28,clothing,2025-12-05 23:10:55,FR,desktop,0
9d24a7a5-1004-4ab4-a8bc-891a00dfccdf,user_10,242.49,gaming,2025-12-05 23:10:55,FR,mobile,0
52037d3e-d80d-4a92-950e-957108eae65f,user_1,318.25,clothing,2025-12-05 23:10:55,US,mobile,0
ff8eda7f-e750-4489-a141-cd5e17da28fa,user_14,1006.66,home,2025-12-05 23:10:55,RU,tablet,0
e66aad9f-2f9c-417b-acde-d035a457e6b3,user_3,678.16,clothing,2025-12-05 23:10:55,CN,tablet,0
80e7e030-9dc4-425e-a0de-9f6d8c3170d8,user_3,1632.7,books,2025-12-05 23:10:55,FR,desktop,0
833d7d3c-13b2-479a-9c42-4df12b48b4d5,user_8,1784.15,gaming,2025-12-05 23:10:55,US,desktop,0
567ed869-8b87-4c69-a13e-4604acd738f3,user_6,617.12,home,2025-12-05 23:10:55,CN,tablet,0
0278fe5b-0889-4231-99e9-fc1fa705b761,user_6,340.75,home,2025-12-05 23:10:55,DE,tablet,0
fc8c9c22-dae3-4301-a098-b1374d186d90,user_5,814.22,clothing,2025-12-05 23:10:55,RU,desktop,0
a5c34e6a-142e-4a57-a63b-3744dff3f079,user_3,51.45,electronics,2025-12-05 23:10:55,RU,tablet,0
a6fb0a1a-5a9f-4681-b8ab-9a4603937880,user_6,224.51,home,2025-12-05 23:10:55,CN,tablet,0
a198b459-e5a4-4d6f-82be-93e56fc3840a,user_15,1864.35,gaming,2025-12-05 23:10:55,FR,tablet,0
2cbca0ac-7c9f-4d77-b721-00f9589d8746,user_20,1863.21,books,2025-12-05 23:10:55,US,mobile,0
6501c7fa-4b1c-4afa-807e-afef22990658,user_18,1130.52,home,2025-12-05 23:10:55,US,mobile,0
15e3394c-dc14-4f45-badc-765a72edaf53,user_13,1314.58,electronics,2025-12-05 23:10:55,RU,tablet,1
efc2cc34-9f19-4aa7-ba35-82ae0eee00d0,user_11,1346.32,home,2025-12-05 23:10:55,FR,tablet,0
8955eac5-b104-41bd-a29a-e0bd397a2da3,user_19,672.68,gaming,2025-12-05 23:10:55,US,desktop,0
f5fe5f52-5991-4176-b173-489d9fd2749f,user_5,1477.47,books,2025-12-05 23:10:55,RU,desktop,0
d678c225-df34-4bc8-b9a8-c8916761f9c4,user_8,1730.21,books,2025-12-05 23:10:55,CN,mobile,0
d0cc385a-23c4-43cb-9682-8fbef03fbb46,user_8,905.51,gaming,2025-12-05 23:10:55,DE,mobile,0
6ac4cebf-d19f-4fa7-a2ec-4da20e0f241e,user_7,967.74,clothing,2025-12-05 23:10:55,CN,tablet,0
75047d0b-0d79-4282-970e-9b90ff3724e0,user_15,1918.34,clothing,2025-12-05 23:10:55,RU,mobile,0
723212b6-12a9-4b1a-af87-e34e2c3e02a2,user_12,1095.54,clothing,2025-12-05 23:10:55,US,tablet,0
8f6d622e-476a-443a-ab8a-4fbcbac50635,user_2,1274.29,books,2025-12-05 23:10:55,RU,desktop,0
8fb0e51f-8ac0-4a9a-b0ee-c54d9880b35b,user_7,789.23,home,2025-12-05 23:10:55,US,tablet,0
02cef8fc-8cb1-47b2-b1d0-dc8c1e6be3a0,user_4,1901.25,home,2025-12-05 23:10:55,CN,mobile,0
23f01987-def8-408f-bc13-558e4a9baf06,user_8,84.96,electronics,2025-12-05 23:10:55,US,tablet,0
bea08e9d-f12f-4419-8d9a-f86a7892e9c7,user_2,235.54,electronics,2025-12-05 23:10:55,RU,tablet,0
908b4d5c-dde0-4a5e-b86a-56e9a69e8aa7,user_9,327.0,electronics,2025-12-05 23:10:55,FR,mobile,0
3d5d43bd-74de-48bd-91c5-cbe86196f4a6,user_1,1920.51,clothing,2025-12-05 23:10:55,FR,mobile,0
6531f6b1-4e55-4371-ad01-1772c9146a00,user_7,392.67,gaming,2025-12-05 23:10:55,US,desktop,0
d164d19b-a887-466d-bdb4-63c9ecc1e7d6,user_7,1774.31,gaming,2025-12-05 23:10:55,DE,desktop,0
0ae2b8e6-a9eb-47d1-a7e4-9ad223711aff,user_17,1820.95,books,2025-12-05 23:10:55,US,tablet,0
61e359f6-0634-4ba4-b761-ca56dc43d14d,user_5,694.47,electronics,2025-12-05 23:10:55,FR,tablet,0
07509d8f-10dd-41f8-b2b0-288ef4643c7e,user_9,1232.95,clothing,2025-12-05 23:10:55,DE,desktop,0
55ba9a96-2a50-4efa-af40-f64bc4483e40,user_5,791.85,gaming,2025-12-05 23:10:55,CN,desktop,0
c9f14c33-6386-4f5a-a7f4-de382697874e,user_2,1478.65,gaming,2025-12-05 23:10:55,FR,mobile,0
4856d053-ea8a-4ce9-ad23-52085528ea49,user_11,1321.16,clothing,2025-12-05 23:10:55,CN,tablet,0
5c3313cb-0836-417d-a2da-50d100788d52,user_15,103.82,home,2025-12-05 23:10:55,US,mobile,0
9bf7858b-7586-4585-a29e-c223a429b93e,user_10,911.84,books,2025-12-05 23:10:55,US,mobile,0
88904812-9e96-419d-b611-f7bc90ac8dd5,user_9,1952.1,clothing,2025-12-05 23:10:55,RU,desktop,0
a92d3a25-f2ec-456d-81c5-f346c6aa5cb5,user_4,1491.06,gaming,2025-12-05 23:10:55,US,mobile,0
6b590701-1a55-4cff-8773-921c04d04b7c,user_8,362.35,clothing,2025-12-05 23:10:55,RU,mobile,0
825c87e9-ee71-443f-b99a-c8514d7d921f,user_14,483.27,electronics,2025-12-05 23:10:55,DE,desktop,0
00b998d4-a93d-4adc-b29d-7cce63896f34,user_3,1981.61,home,2025-12-05 23:10:55,FR,desktop,0
1d8f0e0c-6f83-4813-8adc-04e087be0869,user_3,200.99,electronics,2025-12-05 23:10:55,FR,desktop,0
68d15998-57a5-4233-96c7-60235644d725,user_15,1986.42,gaming,2025-12-05 23:10:55,RU,mobile,1
f9948126-22e5-49e3-9a0a-20fe3e288aa7,user_8,1342.79,home,2025-12-05 23:10:55,CN,tablet,0
45477e8e-778e-4492-8af2-14e90f5bda2a,user_6,1839.5,electronics,2025-12-05 23:10:55,US,desktop,1
9504fb11-de9c-456f-9426-39560625c7f9,user_4,1968.58,clothing,2025-12-05 23:10:55,CN,desktop,0
cc389329-a7a7-409d-8ba1-2cf882034fb8,user_18,1142.89,clothing,2025-12-05 23:10:55,DE,desktop,0
12f75dea-7811-40e3-9ccd-73a914aa5c3f,user_17,1328.38,clothing,2025-12-05 23:10:55,FR,tablet,0
55379e0d-e476-4365-b317-3a42e2944d22,user_12,1557.91,gaming,2025-12-05 23:10:55,DE,mobile,1
ff2b67a0-1e03-410d-a089-8d69bbd7315a,user_11,280.92,clothing,2025-12-05 23:10:55,US,desktop,0
6d23f87e-84f7-4427-9ef9-67fe88974cd2,user_10,1683.47,clothing,2025-12-05 23:10:55,CN,desktop,0
53a52887-067b-4158-a449-bda9fe3909e8,user_12,1057.11,gaming,2025-12-05 23:10:55,RU,mobile,0
09e231fe-0670-4264-b553-efe678f6d90b,user_4,1464.04,gaming,2025-12-05 23:10:55,RU,tablet,0
9931b204-5304-43d6-beef-c010954a3a26,user_11,71.19,clothing,2025-12-05 23:10:55,FR,mobile,0
a16a0f9b-508b-4fbc-98cd-2a7c599292b9,user_6,1303.44,gaming,2025-12-05 23:10:55,RU,mobile,0
1434182a-7c9f-468f-8984-5a52ea6893d0,user_3,1890.78,home,2025-12-05 23:10:55,RU,mobile,0
f9f6ad31-29dd-495c-aefe-5e53bca38478,user_20,1735.13,books,2025-12-05 23:10:55,RU,mobile,0
35089ead-bbe2-41fd-ad95-76c798b7cae9,user_8,575.88,home,2025-12-05 23:10:55,CN,mobile,0
04c2d957-ff90-41d8-93ed-8da10a59e400,user_13,1629.8,home,2025-12-05 23:10:55,FR,mobile,0
f01abbbf-24fb-4cda-bf30-e385c495f6e2,user_2,409.03,home,2025-12-05 23:10:55,DE,mobile,0
6662d048-6281-4542-bfdd-2ced170b6583,user_11,411.36,books,2025-12-05 23:10:55,CN,desktop,0
36b816fe-76ee-4bd0-a4ee-9f3db2135c4d,user_17,1642.11,electronics,2025-12-05 23:10:55,CN,tablet,1
cb3b5088-efc6-47df-87ec-f387a63a94fa,user_8,1627.84,electronics,2025-12-05 23:10:55,DE,desktop,1
024a0589-d678-4340-b79c-c280e12b3715,user_4,895.18,electronics,2025-12-05 23:10:55,RU,tablet,0
7b0e782b-bc1d-4cb9-9215-8c5752d571cc,user_4,1885.47,gaming,2025-12-05 23:10:55,DE,mobile,1
7357e309-b3a4-4293-b966-8410354fcb22,user_10,1724.46,books,2025-12-05 23:10:55,CN,desktop,0
70e1cca4-1144-4f17-9b8e-0e6e9cd334c5,user_16,1930.37,gaming,2025-12-05 23:10:55,FR,mobile,1
ca0f21bd-c420-400e-a5ad-4e3c4da839d1,user_3,783.67,electronics,2025-12-05 23:10:55,DE,mobile,0
abf1f0f9-fbff-4515-b779-c442c106b004,user_12,1097.71,gaming,2025-12-05 23:10:55,CN,mobile,0
70db3e6e-92c7-4765-aecd-ced585e8ce43,user_7,461.91,home,2025-12-05 23:10:55,RU,mobile,0
69261794-afce-492c-859f-73863a329681,user_3,1280.17,home,2025-12-05 23:10:55,CN,mobile,0
16fcb78e-eefb-4f47-a363-6ea4c3ed6db2,user_9,234.77,home,2025-12-05 23:10:55,RU,mobile,0
d931b440-8a73-4933-91da-2faaa56c9616,user_12,900.91,electronics,2025-12-05 23:10:55,US,desktop,0
4176963a-799a-4aab-8ba5-1657246589b3,user_14,1674.33,clothing,2025-12-05 23:10:55,DE,tablet,0
85dc2eac-7b8b-4a04-9f60-a793a82fd889,user_12,1805.95,home,2025-12-05 23:10:55,FR,desktop,0
96f51ff6-242c-4c2a-9f96-e053853adc0c,user_1,1324.91,clothing,2025-12-05 23:10:55,US,mobile,0
aea60e7f-9e78-4698-8caa-602b102da702,user_4,577.27,gaming,2025-12-05 23:10:55,DE,desktop,0
a87617ab-1537-4409-ba66-f4cd5ab80785,user_16,13.57,books,2025-12-05 23:10:55,FR,desktop,0
e79409ec-3784-4cc6-8c65-ad95d76512b2,user_14,1340.5,gaming,2025-12-05 23:10:55,CN,mobile,0
63ae9a36-f30c-4372-ab83-030875a4d246,user_18,1122.91,gaming,2025-12-05 23:10:55,US,tablet,0
e44c07b7-0e59-4a79-b814-25eac4b00528,user_18,704.78,electronics,2025-12-05 23:10:55,US,mobile,0
b379a148-f5f2-4fd7-8935-3391bcdcf58e,user_11,1580.36,books,2025-12-05 23:10:55,CN,mobile,0
8efcbead-1185-4550-956a-6fca5ea14500,user_16,1392.83,gaming,2025-12-05 23:10:55,DE,desktop,0
e26b17ae-deac-4ae8-bd29-16ff6cfa0b74,user_17,1821.13,books,2025-12-05 23:10:55,CN,tablet,0
5ab8c6ea-f7f8-4d96-af0b-3f39f00aaa85,user_10,1855.84,home,2025-12-05 23:10:55,FR,desktop,0
2a058af2-fe1b-401b-87db-005c5cc4c1c1,user_20,464.68,gaming,2025-12-05 23:10:55,DE,desktop,0
7debe9ff-498c-49dc-abce-0f95d1ff56f5,user_2,1007.4,gaming,2025-12-05 23:10:55,CN,mobile,0
f5d98d1a-3d37-4eee-a644-744b9f52734f,user_13,653.64,books,2025-12-05 23:10:55,RU,desktop,0
00b14477-04ca-48b2-80ce-94029ff78a9b,user_17,1175.55,books,2025-12-05 23:10:55,US,tablet,0
f0944031-d72c-4160-9671-f7cbb7578bb5,user_19,837.87,home,2025-12-05 23:10:55,DE,desktop,0
2dce1b41-b05d-4512-a691-0bb05c9ba3de,user_18,877.02,gaming,2025-12-05 23:10:55,CN,mobile,0
a2de70a6-62f9-4a74-a230-dbb988e3db5b,user_6,24.95,clothing,2025-12-05 23:10:55,US,mobile,0
e1c8682f-68fa-446e-ac7d-9a5acbaa4b31,user_11,1035.86,home,2025-12-05 23:10:55,RU,mobile,0
302c0752-6da4-4c15-b706-bdca749b88d1,user_9,335.82,electronics,2025-12-05 23:10:55,FR,mobile,0
20804be5-72d6-44ae-9984-00717cc822b8,user_1,415.94,home,2025-12-05 23:10:55,RU,desktop,0
33bd99a3-2c21-4b0e-8693-5ff2d3eeda02,user_19,385.87,home,2025-12-05 23:10:55,FR,tablet,0
78f93b08-23ef-47e9-b5b3-b33d0d34a6a2,user_15,1798.55,gaming,2025-12-05 23:10:55,RU,mobile,1
1d98ab4c-fa44-400e-a43f-a56a4160f0b3,user_2,101.08,home,2025-12-05 23:10:55,US,tablet,0
9fa67fa1-aee3-4d6a-b464-089c26200bcb,user_6,1117.45,home,2025-12-05 23:10:55,RU,tablet,0
a6ba989f-4a3c-4064-9881-43ba7d41232f,user_18,978.52,clothing,2025-12-05 23:10:55,DE,tablet,0
f2c90840-ccd4-4907-8131-a3cc15915dc1,user_8,313.76,gaming,2025-12-05 23:10:55,FR,desktop,0
4c2193c5-8a24-41a4-979f-048c622d2ef6,user_16,172.52,gaming,2025-12-05 23:10:55,FR,desktop,0
7d7619da-57e3-479b-9813-8e636b4b3b1b,user_10,731.3,electronics,2025-12-05 23:10:55,US,tablet,0
a78a8d59-9812-4f1e-a0ec-1bce890066e6,user_10,902.46,electronics,2025-12-05 23:10:55,CN,desktop,0
c0f84b89-b372-415a-b974-6cbc2df188e9,user_20,228.68,electronics,2025-12-05 23:10:55,US,tablet,0
38e7b350-1b65-4068-b1dc-d043d8e414db,user_5,83.26,electronics,2025-12-05 23:10:55,FR,tablet,0
c43b8da7-13cb-4d99-9dfc-5d0b3ecde7f7,user_11,1159.92,electronics,2025-12-05 23:10:55,CN,desktop,1
5a60d5bb-583e-4b5b-82da-0731a954295d,user_7,491.29,gaming,2025-12-05 23:10:55,CN,mobile,0
2861c57c-80a1-4309-97fd-cc94ae98ece7,user_3,1490.54,clothing,2025-12-05 23:10:55,US,tablet,0
299d2193-fd8b-4117-87ab-e104419da00f,user_13,1118.24,electronics,2025-12-05 23:10:55,CN,tablet,1
058e4a10-eab0-4dae-9566-3fdf754920b9,user_20,1037.6,gaming,2025-12-05 23:10:55,DE,mobile,0
eb2eaf52-882b-4c09-9ed4-fa025ee72276,user_20,1261.03,books,2025-12-05 23:10:55,CN,tablet,0
5bbc57c3-bbc1-4af0-8887-b978d2d445be,user_9,644.71,home,2025-12-05 23:10:55,RU,mobile,0
ae864a6e-6325-4d67-9530-d3cc070dc01f,user_19,1601.86,books,2025-12-05 23:10:55,DE,tablet,0
cdba6f51-a930-4814-866e-e3314510f917,user_4,276.22,clothing,2025-12-05 23:10:55,RU,mobile,0
4594229a-30e4-4096-b793-81ff5b4195e0,user_18,466.53,home,2025-12-05 23:10:55,DE,tablet,0
7595763a-d842-4437-90ca-9560a3af569a,user_1,1510.64,electronics,2025-12-05 23:10:55,RU,mobile,1
718901a7-45cb-4ca0-9eca-e0e75ab2c5f3,user_2,534.39,electronics,2025-12-05 23:10:55,DE,tablet,0
32c85d3e-40d1-4915-9bbf-1c8acfb4e6da,user_13,799.91,electronics,2025-12-05 23:10:55,US,desktop,0
45c0bda6-5252-48d1-a357-87380a265825,user_12,705.19,electronics,2025-12-05 23:10:55,CN,mobile,0
6b2cd6f6-d754-4b61-946a-6d9e08660b5d,user_17,1588.25,books,2025-12-05 23:10:55,FR,tablet,0
97552766-15c0-4daa-beea-5383ed56a548,user_19,529.64,books,2025-12-05 23:10:55,FR,mobile,0
33cb8a83-889b-4c4a-b2a7-6c66988bff8f,user_18,1823.62,clothing,2025-12-05 23:10:55,US,desktop,0
0fd5b5cd-3720-4053-8e4b-5e175cd398af,user_4,1164.13,clothing,2025-12-05 23:10:55,RU,desktop,0
e1bf550d-888e-46ea-9e39-b75ec59197fb,user_14,930.36,gaming,2025-12-05 23:10:55,US,mobile,0
6bd4fb02-ab90-4556-9699-b0e6a1426d85,user_7,1280.93,gaming,2025-12-05 23:10:55,CN,mobile,0
1a4139ff-993e-42fa-a995-e51ced10094b,user_18,1859.91,electronics,2025-12-05 23:10:55,US,desktop,1
5f7063b6-c7e2-4d44-a5f4-a9a7e3b66cb8,user_13,473.34,gaming,2025-12-05 23:10:55,RU,tablet,0
168b9a54-3eb2-426f-98e2-3033688eb5ff,user_15,1992.2,books,2025-12-05 23:10:55,RU,desktop,0
5a6d90ee-e9b6-472f-a685-5dd94c575f18,user_6,959.19,clothing,2025-12-05 23:10:55,US,tablet,0
cba42565-79ae-4faf-9d07-738557bc5b12,user_11,571.03,clothing,2025-12-05 23:10:55,US,tablet,0
6e82dafe-4767-4314-820e-7470450a36e3,user_8,1174.42,books,2025-12-05 23:10:55,FR,desktop,0
8656c192-1fba-4d70-888b-8370ca375c56,user_8,1849.91,home,2025-12-05 23:10:55,US,desktop,0
17e27b9a-b39d-47ce-945a-4e58950e6b4d,user_2,330.95,books,2025-12-05 23:10:55,DE,desktop,0
7e5d9be9-ab36-4c5c-8569-bb3b6dcd994a,user_15,1482.14,gaming,2025-12-05 23:10:55,US,tablet,0
4dcd02a7-5ba9-40cf-9e9f-714a55ca5c65,user_17,677.11,electronics,2025-12-05 23:10:55,DE,tablet,0
ce5c6f7c-97f9-4b6c-b3b4-d729bc3bf627,user_14,896.92,electronics,2025-12-05 23:10:55,FR,desktop,0
b0eb2782-e5f9-452a-8cd5-0b28b466beb5,user_3,559.27,clothing,2025-12-05 23:10:55,DE,mobile,0
612e6370-6a26-4389-b151-54c8de784d33,user_4,1533.28,home,2025-12-05 23:10:55,CN,tablet,0
fe9be80b-942c-4db3-bc12-110c957cccf9,user_10,68.76,home,2025-12-05 23:10:55,FR,desktop,0
79c419c8-11a2-45f8-93f9-f10c0871766c,user_4,922.66,electronics,2025-12-05 23:10:55,FR,desktop,0
1ac73599-6062-4ba9-9a8e-73a6a04ea5e4,user_20,662.51,gaming,2025-12-05 23:10:55,US,mobile,0
3a7d25bf-4254-4cdf-8122-b9f6cdf9a542,user_3,1730.59,books,2025-12-05 23:10:55,CN,desktop,0
241ed047-1814-40e2-b840-707c5482e6f9,user_3,1562.13,books,2025-12-05 23:10:55,CN,desktop,0
7a8c868d-4990-4e90-862a-8a39cb8d46e1,user_16,226.3,electronics,2025-12-05 23:10:55,RU,desktop,0
e756fb06-cb62-4faf-b277-70759636340c,user_3,407.94,home,2025-12-05 23:10:55,FR,mobile,0
415361d8-0b7e-4385-869a-38607d93592d,user_15,1390.12,home,2025-12-05 23:10:55,US,tablet,0
03b10086-b5fc-41dd-a11a-18fbe693e15b,user_4,1139.22,books,2025-12-05 23:10:55,DE,mobile,0
c4b73c55-8e05-4945-bbda-7bf972380edd,user_13,1666.87,home,2025-12-05 23:10:55,FR,tablet,0
c604d559-6226-4047-bfd4-c96dd263ca1e,user_15,990.33,home,2025-12-05 23:10:55,FR,tablet,0
c66247ed-f32e-4235-ae8d-d328e6144c62,user_16,1856.81,gaming,2025-12-05 23:10:55,CN,desktop,0
88ed5fa7-a392-41ed-ae4e-d7349fb25685,user_7,820.39,books,2025-12-05 23:10:55,US,tablet,0
5262b7cd-0a1e-4a2b-917e-94aee1599fd8,user_12,415.24,clothing,2025-12-05 23:10:55,CN,desktop,0
caca0337-5626-4e82-b214-3059742a2f0f,user_5,220.2,books,2025-12-05 23:10:55,DE,tablet,0
e94a4abb-fdd7-4066-a4c0-d9dd7c7b5bb4,user_1,177.94,home,2025-12-05 23:10:55,FR,tablet,0
65d946ca-1e4d-41e2-9010-9f28eb596ca7,user_13,609.55,home,2025-12-05 23:10:55,RU,tablet,0
8ff5adbb-5a1e-4c88-8474-6a4e231ac4fc,user_13,68.58,gaming,2025-12-05 23:10:55,DE,desktop,0
8aa13acb-57d7-432d-b68f-d2861fb7ee3c,user_4,1807.53,clothing,2025-12-05 23:10:55,DE,mobile,0
03b066f7-5607-4cce-8647-7b58333d4230,user_13,1514.25,clothing,2025-12-05 23:10:55,CN,desktop,0
2a21c646-aeee-4165-acd1-5ca44227fb92,user_1,836.22,home,2025-12-05 23:10:55,FR,mobile,0
0481f024-18a8-4c63-91ef-2f5d447376af,user_9,199.33,clothing,2025-12-05 23:10:55,US,mobile,0
4b86a5f0-3596-45b1-8fdc-dfcb81ed5fd5,user_3,469.33,books,2025-12-05 23:10:55,FR,tablet,0
15993cfc-5e1f-4561-a46d-51fcd047acc9,user_17,845.85,books,2025-12-05 23:10:55,CN,mobile,0
543efd92-a298-492f-9646-b444f74bb7d2,user_7,703.03,gaming,2025-12-05 23:10:55,US,tablet,0
5e9c3607-a126-4672-b61b-63b52d5969f0,user_5,997.13,books,2025-12-05 23:10:55,CN,tablet,0
a8edfa1e-d36d-48a2-97bf-0181da2605c7,user_1,680.4,electronics,2025-12-05 23:10:55,CN,tablet,0
ab732b92-9a5e-48eb-abcd-4fa78bfb04d9,user_9,1275.5,electronics,2025-12-05 23:10:55,RU,mobile,1
1c7453ff-c8b9-4ddd-a4f0-24cbd296effa,user_11,815.96,gaming,2025-12-05 23:10:55,CN,mobile,0
b331f4d9-1ad0-426b-8137-e48488000303,user_7,1497.99,clothing,2025-12-05 23:10:55,FR,tablet,0
57c5de1f-60a6-411c-8307-f7d66421dbe8,user_15,151.86,home,2025-12-05 23:10:55,CN,tablet,0
9c783216-75f4-4d72-a071-7eb0c6f3bb12,user_4,891.11,books,2025-12-05 23:10:55,US,desktop,0
f1ab6743-06ee-4331-b698-bf6dd2e0ce05,user_14,115.64,home,2025-12-05 23:10:55,FR,tablet,0
c70da441-e3d4-4c76-97cd-6add1e891e58,user_15,535.97,clothing,2025-12-05 23:10:55,DE,desktop,0
8b20ddc7-e376-4e4d-8ab9-c01225ca357f,user_7,546.55,home,2025-12-05 23:10:55,FR,tablet,0
92f977f1-48fc-4dcc-a0c2-f339eafe2881,user_5,1053.05,clothing,2025-12-05 23:10:55,DE,tablet,0
c51e7c1b-ae58-45f8-8c47-1d352269b6f2,user_16,829.59,electronics,2025-12-05 23:10:55,FR,desktop,0
d384ed8f-e3f6-45d3-9d8f-1a50695c526b,user_4,1255.96,home,2025-12-05 23:10:55,CN,mobile,0
9a3a678d-fb92-4030-992b-d6d2a729f526,user_9,1675.83,gaming,2025-12-05 23:10:55,RU,mobile,1
2d0f0a64-8db8-4efa-bb14-66d3a04974ab,user_13,393.7,home,2025-12-05 23:10:55,US,mobile,0
4e2a038f-adf9-451b-b1a6-1df3a2dee2d1,user_11,1649.1,clothing,2025-12-05 23:10:55,DE,mobile,0
5a8df3e6-72d3-464f-a1f7-30e97778000b,user_12,1247.04,gaming,2025-12-05 23:10:55,FR,tablet,0
c1788327-1ffe-43ad-951f-6da198f599f9,user_9,275.24,home,2025-12-05 23:10:55,FR,mobile,0
50d5fa30-6545-4547-ad48-3cb2f8fbf44e,user_19,206.58,home,2025-12-05 23:10:55,RU,desktop,0
4abd3daa-46f6-4f8e-9cb7-8edfacd67b35,user_15,404.04,electronics,2025-12-05 23:10:55,FR,mobile,0
3ad7f153-9918-4c22-97d2-84dcf0f54a85,user_9,276.77,electronics,2025-12-05 23:10:55,DE,mobile,0
f9d43401-3b34-4e1a-aba0-91466363eaca,user_2,852.83,home,2025-12-05 23:10:55,FR,tablet,0
0143e179-3948-4369-8f8a-a6240c9f4b8b,user_9,543.64,books,2025-12-05 23:10:55,US,desktop,0
95b627a3-27cb-49be-addd-ae8abfea537b,user_20,1426.56,home,2025-12-05 23:10:55,DE,desktop,0
1e2ff984-08f8-4c29-a88c-d938c50f1e67,user_2,1718.43,gaming,2025-12-05 23:10:55,FR,tablet,0
38dd59ab-567e-47cf-bf39-44ce413051e3,user_15,474.27,clothing,2025-12-05 23:10:55,DE,tablet,0
d4b100d8-7565-460f-a79e-bea293c35661,user_6,1093.42,clothing,2025-12-05 23:10:55,CN,desktop,0
6c298ef3-5f2c-46ed-9a11-a22e3e484b6f,user_6,701.82,books,2025-12-05 23:10:55,FR,tablet,0
ff1ac9f8-6971-4091-b6ab-b4777c9026f7,user_9,504.15,gaming,2025-12-05 23:10:55,RU,tablet,0
600c94dd-d122-405e-a7ca-46eb3a123abb,user_6,1435.97,electronics,2025-12-05 23:10:55,CN,desktop,1
8064601d-18ea-4758-8107-363989636684,user_13,181.86,home,2025-12-05 23:10:55,DE,tablet,0
30e0cc3b-66fb-4462-aaaa-fa7ee92c3a71,user_9,812.7,clothing,2025-12-05 23:10:55,FR,desktop,0
ba38bb34-b73e-4af1-9099-045dc468847c,user_14,255.65,gaming,2025-12-05 23:10:55,DE,mobile,0
d09b9093-3702-4243-b4be-f99b084c45b6,user_15,771.84,gaming,2025-12-05 23:10:55,CN,mobile,0
1a7d30e2-825f-4cc4-84ea-509aa3685352,user_11,1911.64,home,2025-12-05 23:10:55,FR,tablet,0
f7d02130-9e4b-466e-bc1a-7fd795522bb8,user_2,1854.13,electronics,2025-12-05 23:10:55,US,mobile,1
47f4929d-5a42-4e91-94dd-7cae7c092e88,user_12,1718.51,clothing,2025-12-05 23:10:55,US,mobile,0
d46a2f94-c94b-4621-89b3-5d359f019be7,user_7,23.81,gaming,2025-12-05 23:10:55,CN,tablet,0
cea0a87b-a470-49f5-9a30-6968d358e4ea,user_8,1560.86,electronics,2025-12-05 23:10:55,CN,desktop,1
14a063c2-ca77-444f-ab43-52699c756951,user_7,41.45,home,2025-12-05 23:10:55,CN,mobile,0
64b8ff3e-9a72-438b-ab35-f62e6d48de85,user_13,298.05,home,2025-12-05 23:10:55,RU,desktop,0
625908cf-0604-433b-ad7f-5389b76563ec,user_19,1108.88,books,2025-12-05 23:10:55,RU,tablet,0
2d6acb7b-6c0b-4920-bfaf-c23d1cd5cfc5,user_13,1397.02,gaming,2025-12-05 23:10:55,FR,tablet,0
18528c66-c47e-4aae-9f9f-f987028badcd,user_20,1509.25,gaming,2025-12-05 23:10:55,DE,desktop,0
260c9b7d-31bb-488e-b300-23a4538063db,user_14,254.11,gaming,2025-12-05 23:10:55,DE,desktop,0
2906d29d-5d28-4ca6-8a2a-ce238fc71073,user_8,1412.51,home,2025-12-05 23:10:55,DE,mobile,0
e95953b5-9948-415d-b892-b3bc1193afdc,user_1,1811.49,home,2025-12-05 23:10:55,CN,tablet,0
a6e86c2e-c428-4041-a1ea-98d0006955e0,user_3,1802.4,clothing,2025-12-05 23:10:55,FR,desktop,0
1a4824e4-829b-4a42-8c0b-ed6d9b3c6d61,user_2,948.45,books,2025-12-05 23:10:55,US,desktop,0
c5cdd54e-1edd-40dd-8038-3849055b35bc,user_8,1086.81,electronics,2025-12-05 23:10:55,RU,mobile,1
c1a7cfab-07c8-472d-bfe4-9893e9fdc780,user_2,1816.89,gaming,2025-12-05 23:10:55,FR,desktop,0
be926917-42b9-48ed-a7e9-ec8c3a652610,user_10,1984.07,books,2025-12-05 23:10:55,US,tablet,0
5291a37a-8913-4cf3-b341-718de8b47861,user_16,713.62,clothing,2025-12-05 23:10:55,DE,desktop,0
1b2505c2-142d-42d8-8210-ca8d1103057e,user_8,1025.86,electronics,2025-12-05 23:10:55,US,desktop,1
e4ee398a-f64a-4be3-b2f8-9b81f3f272fc,user_15,85.88,gaming,2025-12-05 23:10:55,CN,tablet,0
70bd5858-06e6-4472-a16c-83e40abf8c45,user_18,1010.53,home,2025-12-05 23:10:55,DE,mobile,0
006cceb9-cc1e-4b6d-97e0-73294018653d,user_7,709.39,electronics,2025-12-05 23:10:55,DE,tablet,0
87e7cf8e-c0a8-4707-ba21-854d7f8e04bd,user_14,429.14,home,2025-12-05 23:10:55,FR,mobile,0
45933ccc-6e39-436a-abfd-7bcaf975f34e,user_19,52.53,clothing,2025-12-05 23:10:55,FR,desktop,0
04b367dc-9c96-4a72-b5be-03b460a0a1ae,user_13,1594.79,gaming,2025-12-05 23:10:55,US,tablet,0
4bd84cd2-7f1f-48f9-b254-1ebafa8fe668,user_7,1750.59,clothing,2025-12-05 23:10:55,CN,tablet,0
0f50366f-4274-4c3e-b5ab-55402a292972,user_11,126.38,gaming,2025-12-05 23:10:55,DE,mobile,0
b08f9c65-3156-4d50-a1c4-9e44f40e9250,user_7,705.06,home,2025-12-05 23:10:55,RU,desktop,0
1e0e0b93-3b4e-4302-92e3-089d2f1b3426,user_13,769.1,clothing,2025-12-05 23:10:55,CN,mobile,0
43041106-3b23-4b78-8a34-db9ca7376252,user_16,611.08,home,2025-12-05 23:10:55,FR,mobile,0
0aafdcdd-3c5b-4a2e-883d-acb11275c6d1,user_18,1551.97,books,2025-12-05 23:10:55,FR,mobile,0
7a267e45-4973-4e51-8a9c-acf1566a291e,user_19,1708.54,books,2025-12-05 23:10:55,RU,desktop,0
e4223209-a1fb-4423-b9e8-1d3871f19829,user_17,649.61,electronics,2025-12-05 23:10:55,FR,desktop,0
1a9e3ebf-d7ba-48c1-afbf-541bcca96425,user_15,50.04,clothing,2025-12-05 23:10:55,CN,desktop,0
ed7b8b47-98bc-4b90-8b2f-c9739550cf86,user_3,1171.97,home,2025-12-05 23:10:55,RU,tablet,0
185d1199-bdc2-46a5-8887-e76cfa4a5d1c,user_12,1852.75,gaming,2025-12-05 23:10:55,US,desktop,0
966312a9-12a1-476e-ad2e-e9485c49f602,user_11,843.1,books,2025-12-05 23:10:55,DE,tablet,0
7990207c-92e6-403d-87aa-b3f3557d85f0,user_12,440.94,clothing,2025-12-05 23:10:55,DE,mobile,0
5715cbbd-59bf-4796-8092-afdfc4f6a012,user_6,237.96,electronics,2025-12-05 23:10:55,US,tablet,0
1f6c80a7-3de6-46bc-95e8-5accd0fda236,user_11,1942.03,books,2025-12-05 23:10:55,DE,desktop,0
143e0121-f4a7-4821-983a-0524796ba0c8,user_13,1746.3,clothing,2025-12-05 23:10:55,FR,mobile,0
0b6317ef-dd3e-4cc6-9f87-5acbe4fb3e64,user_13,176.07,home,2025-12-05 23:10:55,DE,mobile,0
5445eaae-2391-46f0-9e9d-ed5081e45121,user_1,762.41,electronics,2025-12-05 23:10:55,FR,tablet,0
389cb6e5-6a85-4226-a283-2aa5d8215099,user_6,1746.98,books,2025-12-05 23:10:55,DE,tablet,0
4c102303-c401-40d1-9502-9dab5fc13418,user_6,1589.85,clothing,2025-12-05 23:10:55,RU,tablet,0
960b29b2-abb8-4043-bc4b-1b432432470a,user_7,1253.14,clothing,2025-12-05 23:10:55,US,tablet,0
f5be8cce-b30b-468e-b819-9ccd883f832d,user_8,1500.57,gaming,2025-12-05 23:10:55,FR,mobile,1
64e7f01a-556e-40b1-b1ec-04d2dc194866,user_20,1042.07,books,2025-12-05 23:10:55,FR,tablet,0
2fcb3cf1-371f-4a1b-8508-dd62465a7919,user_20,3.26,electronics,2025-12-05 23:10:55,DE,tablet,0
efa817cf-e8ca-446c-8c7a-01ba9125f3fa,user_14,1338.66,home,2025-12-05 23:10:55,DE,mobile,0
7b9dd160-1568-414b-9d47-57ad62b4138c,user_18,1157.73,clothing,2025-12-05 23:10:55,CN,mobile,0
c0c78212-72e9-4542-8d0c-2681e82da097,user_1,328.4,clothing,2025-12-05 23:10:55,FR,desktop,0
94496c16-f396-4d45-bc56-c5da9d586ca2,user_20,48.53,gaming,2025-12-05 23:10:55,FR,mobile,0
9d643632-ab28-4ff5-bb3b-ce6159e2c5f5,user_2,1373.41,home,2025-12-05 23:10:55,US,mobile,0
fd6012f3-8140-4322-a213-20df87f360cc,user_18,1727.76,electronics,2025-12-05 23:10:55,FR,mobile,1
9e22aa10-81a2-482c-8dc7-e4a315e2ddd6,user_15,1531.96,books,2025-12-05 23:10:55,US,tablet,0
2ba94b0f-bb97-42f7-afef-5ea45b0e72e9,user_14,433.15,books,2025-12-05 23:10:55,RU,desktop,0
18a2fe74-ddb9-496f-b71f-af7935ae1435,user_9,1269.08,electronics,2025-12-05 23:10:55,RU,tablet,1
42dbf49a-29c6-4fe7-9dee-a40d117893d9,user_18,400.58,gaming,2025-12-05 23:10:55,RU,tablet,0
fad004d0-dfb3-4657-b6a9-43ed2e34ec8a,user_12,1390.35,gaming,2025-12-05 23:10:55,RU,tablet,0
08338dad-c309-4c81-b757-88c93a7e17f5,user_13,1960.36,books,2025-12-05 23:10:55,CN,tablet,0
a3c97726-8df8-4ec4-9bbc-6a0d1a4f9777,user_12,767.8,gaming,2025-12-05 23:10:55,DE,mobile,0
49c689f2-915f-48aa-aad6-20d0027b9bef,user_10,1824.85,gaming,2025-12-05 23:10:55,US,desktop,0
2e8cce2f-a2e2-4104-9dc7-a3771b1a5c7d,user_18,1621.21,books,2025-12-05 23:10:55,CN,mobile,0
66236290-f46a-43de-925c-d81dffd85fcd,user_19,891.11,books,2025-12-05 23:10:55,CN,desktop,0
b17742a6-0a7b-4fd5-ac1c-859e9ef145f0,user_8,860.37,clothing,2025-12-05 23:10:55,CN,desktop,0
1d85319f-fa84-482c-adf1-3e0cf7cbd80d,user_13,906.12,books,2025-12-05 23:10:55,CN,mobile,0
b7125027-425b-4121-a7fb-686960dad65f,user_13,852.15,home,2025-12-05 23:10:55,FR,desktop,0
a83d7821-c543-43b4-b03b-6eb5954f45f8,user_5,1990.18,clothing,2025-12-05 23:10:55,FR,mobile,0
71fcf554-0144-4121-915a-c4b70a6ddc2f,user_14,1532.66,home,2025-12-05 23:10:55,US,desktop,0
fdf93d30-5ec9-47b4-b412-fa91b1887c09,user_1,531.59,books,2025-12-05 23:10:55,RU,mobile,0
d4647623-9b18-4607-b70d-678b8302e3f4,user_14,1916.91,books,2025-12-05 23:10:55,CN,tablet,0
faf52273-2b2f-4723-8ff2-ade2a900d39d,user_10,42.85,home,2025-12-05 23:10:55,DE,tablet,0
f2538a9f-6d10-4ccd-bcdc-511b2f4b8c37,user_2,1798.5,gaming,2025-12-05 23:10:55,RU,tablet,0
8857d404-0ba9-4a29-8928-460f6414d7c8,user_5,1135.33,home,2025-12-05 23:10:55,DE,desktop,0
ba8c578e-e000-439f-b502-a6daca34b8a3,user_7,402.42,home,2025-12-05 23:10:55,FR,desktop,0
d248f459-4673-48d5-b9c8-751a53980abe,user_20,1248.76,electronics,2025-12-05 23:10:55,US,tablet,1
f1c3470a-45e4-4bc6-ae6d-426fee2ca686,user_19,1847.47,books,2025-12-05 23:10:55,DE,mobile,0
29ed29c9-5e30-437f-a284-5860d258988f,user_9,636.94,books,2025-12-05 23:10:55,CN,desktop,0
a185df85-4642-4b03-9340-a59aea33cefc,user_20,304.52,home,2025-12-05 23:10:55,DE,tablet,0
cc26530a-26cc-465b-9f05-2277447cfebb,user_7,814.0,clothing,2025-12-05 23:10:55,DE,mobile,0
4b1483fa-ba11-4b5c-94b7-5a08b7523ac9,user_10,865.52,clothing,2025-12-05 23:10:55,US,mobile,0
bd0f70f9-2014-4e05-a2bc-348c42ba70d1,user_8,374.32,clothing,2025-12-05 23:10:55,DE,mobile,0
23080f93-5a48-41dc-8fca-c9b78ce1dab2,user_5,1700.45,clothing,2025-12-05 23:10:55,FR,mobile,0
a5da47d5-a80b-4881-81e1-b275063fb2c4,user_5,222.64,electronics,2025-12-05 23:10:55,RU,tablet,0
7e6ddb20-ba95-4536-aaf1-b69d1113984f,user_14,1418.61,home,2025-12-05 23:10:55,CN,desktop,0
b94f41d8-712d-4f38-89cc-e48859d20c6f,user_10,1362.13,books,2025-12-05 23:10:55,RU,tablet,0
adae9d64-5de5-4b50-92e2-614f5e17759b,user_15,410.76,books,2025-12-05 23:10:55,DE,mobile,0
df89a793-43d7-4706-8ac2-7c06cb42282f,user_8,993.01,electronics,2025-12-05 23:10:55,CN,desktop,0
78b05218-b8d4-4bdb-a1b3-5c75d6d55046,user_2,1684.51,books,2025-12-05 23:10:55,US,tablet,0
f80ca603-0af5-4278-8e81-bd6dc6af9c80,user_10,325.72,clothing,2025-12-05 23:10:55,FR,mobile,0
7b079f4d-1f1e-4a3d-baaa-048fbabdba1a,user_1,1992.0,clothing,2025-12-05 23:10:55,FR,tablet,0
6ef3e8eb-ee48-4a59-866b-ceda0b9d0ac3,user_19,528.07,clothing,2025-12-05 23:10:55,US,desktop,0
ca2634fa-5f33-4e16-8613-d24fc10b99c9,user_15,764.51,gaming,2025-12-05 23:10:55,FR,mobile,0
d9a85aa9-4550-4e5c-bb11-238c78f626ad,user_14,1652.89,electronics,2025-12-05 23:10:55,CN,mobile,1
378206e1-0298-4c67-8172-6f7e206b9a6b,user_10,612.32,books,2025-12-05 23:10:55,DE,tablet,0
ed00cba0-a859-4102-ace0-a56004fa7fc5,user_17,1911.37,books,2025-12-05 23:10:55,FR,tablet,0
bf46718b-516e-48dc-a6fc-6264a867f10d,user_8,216.52,books,2025-12-05 23:10:55,US,desktop,0
addcaefd-1a20-4eab-879f-20c617d135b3,user_15,1504.99,books,2025-12-05 23:10:55,CN,mobile,0
a586967b-b5cf-4a48-89df-661c665c8b09,user_5,1438.86,gaming,2025-12-05 23:10:55,CN,mobile,0
8f2b0d88-4947-44a2-b44e-ec8ab631ae00,user_16,1366.04,home,2025-12-05 23:10:55,US,mobile,0
75cb2395-c768-4612-8374-bd9d906ae3d5,user_10,1444.07,electronics,2025-12-05 23:10:55,RU,mobile,1
d7e61a95-35e9-405a-8080-d6bd3f249754,user_19,645.8,clothing,2025-12-05 23:10:55,US,desktop,0
a3da5825-806e-4e21-8136-aa5d9ba038a6,user_14,1279.6,home,2025-12-05 23:10:55,RU,desktop,0
4c4ffb4b-be1b-47e7-944e-ea2d6dfd4d77,user_11,1446.97,gaming,2025-12-05 23:10:55,US,tablet,0
997fcc87-ac4c-4282-93ee-ea3a5edc82ad,user_20,1679.97,books,2025-12-05 23:10:55,CN,desktop,0
61604cc9-fcb3-4796-b968-d5cf36264147,user_12,1717.99,electronics,2025-12-05 23:10:55,CN,desktop,1
3740c874-0929-494b-ba36-9b8b7911481d,user_20,1266.78,gaming,2025-12-05 23:10:55,FR,mobile,0
9cc0a373-bec5-4284-9a35-16688158d110,user_18,499.65,books,2025-12-05 23:10:55,CN,tablet,0
b61bbf0c-367c-4203-8860-71658d26c8b6,user_14,549.31,home,2025-12-05 23:10:55,FR,mobile,0
d00555b3-c01e-45a4-88b3-15126f3da3df,user_8,136.66,clothing,2025-12-05 23:10:55,FR,desktop,0
2ef8eae4-0912-4196-aa91-1e92f5e3821b,user_19,1434.17,electronics,2025-12-05 23:10:55,CN,tablet,1
b4842def-982c-4a2b-b133-c3aea181c5e7,user_15,1526.12,clothing,2025-12-05 23:10:55,DE,tablet,0
88886326-b7aa-450a-931d-b9d95268b697,user_14,1780.94,books,2025-12-05 23:10:55,DE,mobile,0
9a4a4045-1bf3-49f3-a9bd-4837717e814c,user_9,98.47,books,2025-12-05 23:10:55,CN,mobile,0
23f4e9ef-0e13-4d8c-93a1-ecaf21fe1efe,user_17,296.91,electronics,2025-12-05 23:10:55,US,desktop,0
86cc3b84-e99f-4eae-aaf2-2f1cde68ae40,user_2,1452.48,home,2025-12-05 23:10:55,FR,mobile,0
59853574-6d63-4311-9858-13c2f604f31a,user_5,453.49,gaming,2025-12-05 23:10:55,FR,tablet,0
c1f38950-21bb-491b-9cda-bae4a52d865d,user_6,1033.06,gaming,2025-12-05 23:10:55,US,desktop,0
fa54d9bb-1ecd-4b86-bfaa-7786545b1972,user_16,1121.4,home,2025-12-05 23:10:55,DE,mobile,0
834474ac-7539-41ba-9d10-9dd834fc120f,user_10,185.3,gaming,2025-12-05 23:10:55,DE,mobile,0
7f049cc8-4e86-4310-8a4f-49a23659bc19,user_17,1375.55,gaming,2025-12-05 23:10:55,RU,desktop,0
7106f83b-ab21-452e-b055-53aca1e68271,user_6,725.07,home,2025-12-05 23:10:55,US,desktop,0
f34db2f0-f3b3-4d91-8478-c9672ba35ca9,user_12,991.15,books,2025-12-05 23:10:55,FR,desktop,0
80b71e60-0cfd-4f9e-854d-2b3cf04c7f1b,user_19,253.12,electronics,2025-12-05 23:10:55,RU,tablet,0
d6fc5834-889f-4200-95c5-1dba7323ce8a,user_12,3.68,clothing,2025-12-05 23:10:55,FR,mobile,0
1c6d047f-ba70-4a08-9afd-5f9315667bd8,user_2,1291.37,home,2025-12-05 23:10:55,FR,desktop,0
09d34019-f841-40a7-9c9d-b2056288dc07,user_8,1917.03,gaming,2025-12-05 23:10:55,RU,mobile,1
a0926083-5d63-4331-818a-6d653542b711,user_13,207.43,gaming,2025-12-05 23:10:55,FR,desktop,0
10500b4d-5311-4179-af8b-997c89842f45,user_20,1256.44,books,2025-12-05 23:10:55,US,mobile,0
292eec38-d71d-4834-a18c-5fdf796b4f81,user_1,1384.88,home,2025-12-05 23:10:55,CN,desktop,0
42da456a-c98a-46e5-8071-72cbb58b104a,user_10,1053.74,electronics,2025-12-05 23:10:55,RU,tablet,1
6fce7030-229a-41c3-8d08-75dd0eccd90a,user_6,1509.95,clothing,2025-12-05 23:10:55,CN,mobile,0
d46d3df0-77ae-4729-b448-bad28bec48c0,user_18,890.41,gaming,2025-12-05 23:10:55,RU,desktop,0
c9d9e489-2002-4dbc-9788-9cbf7c01a767,user_10,235.74,clothing,2025-12-05 23:10:55,CN,mobile,0
e394cd04-4f4a-4ba4-8eba-a6a11e93c247,user_17,679.74,books,2025-12-05 23:10:55,DE,desktop,0
57207009-a048-4446-a24d-d82984382bec,user_12,230.22,clothing,2025-12-05 23:10:55,US,mobile,0
b206806a-8d8c-4c80-892e-4dd7914636bd,user_11,1068.08,clothing,2025-12-05 23:10:55,US,desktop,0
19dd696c-07fd-4f49-a95d-8fd4526fdbba,user_3,524.66,clothing,2025-12-05 23:10:55,US,mobile,0
96fbaa69-c20e-4cd2-989f-054adbc4c00d,user_20,581.24,electronics,2025-12-05 23:10:55,CN,desktop,0
11632f7b-eb56-4a7c-9558-81d090198e0e,user_3,1305.97,clothing,2025-12-05 23:10:55,CN,mobile,0
6b8c44e1-e1e2-4a09-9ae5-ddde8d4bb258,user_13,774.7,gaming,2025-12-05 23:10:55,CN,tablet,0
ea2bfaec-cbee-4ffa-a111-234f1755f545,user_1,1062.97,home,2025-12-05 23:10:55,RU,mobile,0
a2875392-d37e-4de4-ab43-6024d938d936,user_3,93.79,clothing,2025-12-05 23:10:55,FR,desktop,0
2a9ce3a1-06b2-4ad2-ab19-67ddd2850620,user_6,859.48,clothing,2025-12-05 23:10:55,CN,mobile,0
ae645882-e2f4-4fea-9fab-5a3aa29ead8c,user_15,437.84,clothing,2025-12-05 23:10:55,DE,mobile,0
c7d31cb2-76f6-4f5d-81a2-4d1fa8ec1b42,user_3,510.4,clothing,2025-12-05 23:10:55,US,mobile,0
714b9057-44d5-4784-9a7b-7e5a136b6da7,user_19,1594.57,gaming,2025-12-05 23:10:55,DE,tablet,0
4d9aa3bf-99a8-464d-9dba-0f0eb97d446d,user_1,1160.35,home,2025-12-05 23:10:55,FR,tablet,0
dc025d62-4533-4429-ab70-dbbc404e1518,user_18,79.25,gaming,2025-12-05 23:10:55,FR,mobile,0
a9aa1640-5610-4cba-bd03-ac58f807f39a,user_5,7.93,gaming,2025-12-05 23:10:55,US,desktop,0
6a0882d1-8a3d-4294-9e83-1b76e1ccad90,user_17,1795.26,gaming,2025-12-05 23:10:55,RU,tablet,0
6df19da5-00aa-4061-a935-c1bf9e845425,user_3,825.46,gaming,2025-12-05 23:10:55,FR,mobile,0
f12386e3-41b3-4b45-871f-6d9a899cfc34,user_18,1697.92,electronics,2025-12-05 23:10:55,FR,tablet,1
2fcb8abc-4bc2-4b09-b1af-931aac12f787,user_1,533.14,clothing,2025-12-05 23:10:55,US,tablet,0
63af6814-5b0e-4ed9-9330-a23e066e230e,user_7,934.8,gaming,2025-12-05 23:10:55,DE,tablet,0
82f2190f-f223-48e7-86e3-8bb22160d46e,user_19,1817.68,books,2025-12-05 23:10:55,DE,desktop,0
bc4492ad-0f8f-49bb-9a65-6e790857a6a2,user_2,1328.73,books,2025-12-05 23:10:55,DE,desktop,0
70a74635-fb6e-4f1a-9719-1c885517362e,user_16,1870.54,books,2025-12-05 23:10:55,DE,mobile,0
d73cb75e-ac73-4117-aaff-1e75792d4073,user_10,1923.18,home,2025-12-05 23:10:55,FR,tablet,0
263fa6aa-9c5d-43d3-a698-f0a8375b413b,user_8,33.1,electronics,2025-12-05 23:10:55,CN,tablet,0
d8c700c5-395c-45df-9f95-3e9575e446d4,user_1,101.37,books,2025-12-05 23:10:55,RU,mobile,0
eb92ab61-55d6-4527-8aa0-191d40cebca2,user_14,1894.17,home,2025-12-05 23:10:55,FR,mobile,0
5c05137d-3e7e-423f-87ef-fa88393e16c1,user_8,1538.7,gaming,2025-12-05 23:10:55,RU,mobile,1
5041fcc0-d3b4-4677-b918-7f2881f7905a,user_10,1288.01,home,2025-12-05 23:10:55,CN,desktop,0
9454725b-5e6b-410f-8c72-a55667ff485b,user_6,1129.31,gaming,2025-12-05 23:10:55,FR,mobile,0
b6aa0a43-dd03-4419-9273-9be13f97e220,user_11,911.57,gaming,2025-12-05 23:10:55,US,desktop,0
da383b11-9b05-4ccf-8b7f-28f5918e44b4,user_8,730.9,home,2025-12-05 23:10:55,RU,tablet,0
d38dc891-c08a-4d11-9e22-5c9f44a2989a,user_7,1798.54,home,2025-12-05 23:10:55,DE,tablet,0
b8fcb594-3e4c-40c2-aa7d-e6698025f3a2,user_15,483.74,gaming,2025-12-05 23:10:55,RU,mobile,0
2315fcba-47c4-4437-8c5f-9f325c70043f,user_17,970.37,clothing,2025-12-05 23:10:55,US,tablet,0
3c44e63b-df00-4790-93bc-5de969617be0,user_19,86.35,clothing,2025-12-05 23:10:55,RU,tablet,0
67aab7db-e327-4979-a857-92a135bda61d,user_4,640.01,clothing,2025-12-05 23:10:55,US,desktop,0
835e5a6a-ab70-4e9b-936c-b3146ab05ebb,user_3,1635.72,home,2025-12-05 23:10:55,US,mobile,0
792dd206-f5f3-4576-96e2-ebe3f7a214f0,user_14,949.76,electronics,2025-12-05 23:10:55,FR,tablet,0
c2e45474-9c21-4c0f-b4ef-086f5f893be6,user_6,275.84,books,2025-12-05 23:10:55,US,desktop,0
f4255ad9-2d36-43bb-b3eb-1ea255804886,user_10,818.45,home,2025-12-05 23:10:55,CN,mobile,0
1869135a-ca35-4cbb-abfd-63d836b3b713,user_5,1994.11,books,2025-12-05 23:10:55,US,mobile,0
8316a0e2-645d-44ec-adf8-e3678b6e03c6,user_20,88.71,gaming,2025-12-05 23:10:55,CN,desktop,0
c36d3ba6-c256-49e9-9277-999b0d653b2f,user_20,754.79,home,2025-12-05 23:10:55,US,tablet,0
b2c35cbf-56f7-425b-926c-c2044485bd3b,user_13,1411.88,electronics,2025-12-05 23:10:55,DE,mobile,1
9c2c1aea-5990-430d-ab80-3eeca5365b69,user_9,1734.04,books,2025-12-05 23:10:55,DE,tablet,0
6afa6bdc-7dac-4a2d-9c39-e05e2e6f9e4f,user_1,1087.9,clothing,2025-12-05 23:10:55,RU,tablet,0
4adcb3db-b00a-41c2-8d98-5bffcf44c178,user_1,241.98,home,2025-12-05 23:10:55,US,desktop,0
f7f2f9d7-28c6-490a-ba0e-cf3698165d2c,user_17,457.26,clothing,2025-12-05 23:10:55,DE,desktop,0
dd78e351-650f-491e-b652-c3710e2e0bc9,user_14,790.03,gaming,2025-12-05 23:10:55,RU,tablet,0
e6a549c8-3170-40ee-9fba-bee900aef343,user_15,987.76,electronics,2025-12-05 23:10:55,CN,desktop,0
48d887ca-47d0-4fa6-869e-adbe204817f0,user_20,779.67,electronics,2025-12-05 23:10:55,FR,desktop,0
9ba080e5-5724-4b5c-b6be-7b243069a4f7,user_3,805.68,home,2025-12-05 23:10:55,US,desktop,0
e3d81da8-4327-4c11-b584-d5c557d42d92,user_8,658.74,gaming,2025-12-05 23:10:55,FR,tablet,0
2190861b-1a22-4493-9d53-821d7463e35a,user_15,1051.96,electronics,2025-12-05 23:10:55,FR,mobile,1
f5692a8d-4a93-48fb-ba2a-0b056c7648b4,user_15,305.42,electronics,2025-12-05 23:10:55,DE,desktop,0
9e8a157e-1ed9-43ec-8981-daecba9e65a0,user_15,1299.18,electronics,2025-12-05 23:10:55,RU,tablet,1
f945cca8-6c57-4356-96a8-c3e0401737bb,user_7,464.08,home,2025-12-05 23:10:55,RU,mobile,0
a4818849-f523-4fbd-b44c-12f171fb4c6e,user_20,631.56,gaming,2025-12-05 23:10:55,RU,mobile,0
3def267e-3adb-40d7-a57d-c4e7fb7b10dd,user_15,157.55,gaming,2025-12-05 23:10:55,FR,tablet,0
7726ff74-c1be-4ed6-806d-26430b59e3db,user_3,428.56,books,2025-12-05 23:10:55,FR,desktop,0
dda76dd0-111d-4e58-beef-f0828808e56c,user_18,417.7,gaming,2025-12-05 23:10:55,RU,desktop,0
dbeff56a-9cc8-435a-a268-f7dd901d4518,user_5,1349.76,electronics,2025-12-05 23:10:55,RU,tablet,1
822fc67b-00e2-418a-9e04-a0bacd257d64,user_6,1828.34,books,2025-12-05 23:10:55,DE,mobile,0
9121f9f8-b5c5-46fb-aeff-a1225d662e3b,user_13,1163.85,gaming,2025-12-05 23:10:55,FR,desktop,0
4da66ac9-c9c7-4afe-81d5-f288bf55de47,user_9,531.09,electronics,2025-12-05 23:10:55,FR,mobile,0
57ee4fc3-1896-4d50-8571-49355d384d4e,user_18,732.43,books,2025-12-05 23:10:55,US,mobile,0
c3d4c959-d935-441c-963f-b24b9f80da91,user_12,219.31,gaming,2025-12-05 23:10:55,CN,mobile,0
eaff0127-37e5-4595-a61a-e9fbdfe45d35,user_11,807.58,clothing,2025-12-05 23:10:55,RU,mobile,0
593599e9-6e8d-4e62-b0bf-94d4b45147bb,user_2,142.22,home,2025-12-05 23:10:55,CN,desktop,0
4e270078-2af8-4c70-8d1a-522114f816de,user_8,1638.94,clothing,2025-12-05 23:10:55,CN,tablet,0
5d9fcc16-dee1-4c17-9b16-9db31cb0e4eb,user_10,808.85,home,2025-12-05 23:10:55,DE,mobile,0
7cac5c98-f724-4c60-8c65-81455d5f71ec,user_8,1660.41,clothing,2025-12-05 23:10:55,FR,tablet,0
b8521e55-766b-44a6-b348-098a90ab5ff6,user_18,815.27,books,2025-12-05 23:10:55,FR,tablet,0
02604009-0fc9-46aa-82ce-d2e6fda7fc45,user_6,994.85,books,2025-12-05 23:10:55,DE,tablet,0
07c44178-8087-403f-8e15-65bb0978821e,user_13,1427.57,books,2025-12-05 23:10:55,FR,desktop,0
6e6bfba8-6a8a-42df-833a-fb301a66b30c,user_1,1639.27,clothing,2025-12-05 23:10:55,CN,desktop,0
9b1d72b4-4070-4264-8fe7-56fa500bfc26,user_4,651.71,books,2025-12-05 23:10:55,FR,mobile,0
ae2df8f0-a739-4551-b267-c961e7a6cd11,user_8,1263.63,clothing,2025-12-05 23:10:55,DE,tablet,0
d69ccb1b-d58f-4daa-a178-6ff932ef4c69,user_4,1942.84,electronics,2025-12-05 23:10:55,CN,tablet,1
a4ce52ac-0f06-4de2-b7b4-c10f5ec3b883,user_16,1214.03,home,2025-12-05 23:10:55,CN,desktop,0
ca89070b-b549-4836-a98d-2c26619df37e,user_10,71.37,home,2025-12-05 23:10:55,FR,desktop,0
5c93bc0c-6e76-4b77-a4b8-c76e923640d7,user_17,1834.58,electronics,2025-12-05 23:10:55,US,desktop,1
4f6ae23f-9660-42cb-b556-0bef4414673c,user_5,1281.62,electronics,2025-12-05 23:10:55,DE,desktop,1
af941188-7193-4a29-82df-0a48617f2643,user_14,83.91,gaming,2025-12-05 23:10:55,CN,mobile,0
cde910ae-d171-4d4f-8620-a118017ff8ef,user_3,750.28,home,2025-12-05 23:10:55,FR,desktop,0
929202e6-dbff-478a-a56e-29d115acc1d8,user_20,848.36,electronics,2025-12-05 23:10:55,RU,mobile,0
d467b2d7-c143-4a1f-b634-14ec9098b906,user_8,1574.69,clothing,2025-12-05 23:10:55,FR,tablet,0
003f6f8e-5180-4aae-ba9f-bddb7e712c3d,user_4,591.01,books,2025-12-05 23:10:55,US,tablet,0
ef9bf789-6dfe-4a56-adf3-232d995b20a5,user_7,1643.94,gaming,2025-12-05 23:10:55,DE,tablet,0
2a584ddb-9ee9-4b1a-b4ec-eedb28122763,user_14,722.27,electronics,2025-12-05 23:10:55,CN,tablet,0
8bb1f060-bcde-45f3-b331-89b70dd6d0b9,user_6,1437.49,gaming,2025-12-05 23:10:55,CN,desktop,0
ae124036-1c67-4f34-9d4c-5fffe66560b2,user_11,317.56,home,2025-12-05 23:10:55,RU,tablet,0
f0342241-773e-42fd-bd71-df48e7d364c1,user_11,396.53,electronics,2025-12-05 23:10:55,US,desktop,0
6c0b010b-a9a2-4029-8a3f-f2f49fe82350,user_2,618.28,clothing,2025-12-05 23:10:55,FR,mobile,0
fbee9e3c-3a47-492e-ac7e-87b511f4115e,user_5,1416.87,gaming,2025-12-05 23:10:55,RU,desktop,0
4f39f0c3-819a-4957-bf16-bab05144763a,user_1,1534.81,electronics,2025-12-05 23:10:55,US,desktop,1
9790ccb3-70d6-4cb5-a7a1-b0ed712f5be4,user_8,134.83,clothing,2025-12-05 23:10:55,CN,mobile,0
b95ded7b-18b8-45ca-9e10-9aa773ceb903,user_11,585.95,home,2025-12-05 23:10:55,FR,desktop,0
c7de39d4-8bf3-4658-ba12-317ae3796efe,user_19,1610.4,electronics,2025-12-05 23:10:55,FR,desktop,1
b52b573e-ebcd-4843-9ed9-40072e1367e9,user_18,548.59,books,2025-12-05 23:10:55,DE,desktop,0
ab4da451-f6a5-4687-ae36-208d99a34c0d,user_17,1845.92,books,2025-12-05 23:10:55,RU,mobile,0
81439ad3-70b1-4327-8429-8c810a2a1ee3,user_8,1481.01,clothing,2025-12-05 23:10:55,DE,mobile,0
00e71783-4ac8-4c9e-96b7-635ca71b6720,user_5,1174.59,clothing,2025-12-05 23:10:55,US,desktop,0
fc5e79bf-6137-4506-b739-ac31e9a114fa,user_19,1687.95,books,2025-12-05 23:10:55,US,desktop,0
2563ef7d-2a9f-47d5-b07a-317095b74d21,user_18,691.71,electronics,2025-12-05 23:10:55,DE,tablet,0
c2a12139-92ad-4c40-a2f7-9b45e6190ede,user_20,9.1,books,2025-12-05 23:10:55,CN,tablet,0
b5ce96ff-2cfa-40b6-bd7b-876e1efa3c71,user_6,935.78,gaming,2025-12-05 23:10:55,CN,desktop,0
9866a49e-4cad-4a7f-a071-efe5b71a49dd,user_10,1454.35,books,2025-12-05 23:10:55,US,mobile,0
01771a7d-ac6a-4055-b957-6fb2e30392ed,user_2,1942.97,clothing,2025-12-05 23:10:55,US,tablet,0
18102d71-1a91-42d0-998b-32520cc0c269,user_14,324.46,home,2025-12-05 23:10:55,US,desktop,0
96d1c02c-4e96-4c73-972c-51cb6d2387f5,user_13,1555.74,electronics,2025-12-05 23:10:55,CN,desktop,1
7876291b-274f-423a-a5c4-fe0b2eb2a127,user_3,341.32,books,2025-12-05 23:10:55,US,tablet,0
d4ed2a1a-0f5e-46a0-abed-8cc92662875a,user_6,118.71,home,2025-12-05 23:10:55,US,mobile,0
cf61c407-84be-4c24-af6a-b02dc03d9849,user_5,853.31,electronics,2025-12-05 23:10:55,DE,tablet,0
0be84c2b-bf3d-4ea3-be7e-9c38d6ba8a40,user_10,419.72,clothing,2025-12-05 23:10:55,FR,desktop,0
b7c64a91-9d6a-4370-b2d7-68bfbfdfe8cf,user_9,1224.75,books,2025-12-05 23:10:55,RU,desktop,0
eda2edab-4328-4f49-8333-20b7d98a3417,user_12,379.48,electronics,2025-12-05 23:10:55,US,tablet,0
900fa9fd-9fe2-4204-ac1a-136efa6874d8,user_13,692.47,home,2025-12-05 23:10:55,RU,tablet,0
50a56eb9-cce2-4b9e-b4eb-39e0c15ceb6b,user_19,707.63,books,2025-12-05 23:10:55,DE,mobile,0
9ab5de07-6bac-4a4a-9d29-e6528e1cb6b8,user_7,842.96,electronics,2025-12-05 23:10:55,FR,desktop,0
c8793126-ac9c-48ee-8542-617737fafb71,user_4,1128.43,books,2025-12-05 23:10:55,CN,tablet,0
e3fe466d-dd08-49a6-bd66-577b0738350b,user_17,1873.13,clothing,2025-12-05 23:10:55,FR,mobile,0
91cad1cc-18e7-4c38-b93d-616b6b24b0cf,user_16,1963.68,books,2025-12-05 23:10:55,FR,desktop,0
bfa1f88b-0e64-4a6b-87e6-cdede16c1661,user_1,1602.27,home,2025-12-05 23:10:55,CN,mobile,0
d4aa7000-dd20-4e2f-97c5-deae8e1392e7,user_8,1669.49,clothing,2025-12-05 23:10:55,US,tablet,0
dc9d7d96-1105-42d4-81fa-f3f16d347b81,user_13,739.78,clothing,2025-12-05 23:10:55,CN,desktop,0
2fba8761-caeb-4c9f-85c5-7f5ad4081a93,user_14,323.81,home,2025-12-05 23:10:55,RU,desktop,0
577f9f4c-87ac-47ce-88c7-cd8087c9990a,user_18,1972.2,clothing,2025-12-05 23:10:55,US,desktop,0
9fc92457-abc3-430b-813f-2c7c02151c7f,user_20,1439.11,clothing,2025-12-05 23:10:55,DE,tablet,0
269a29f2-1273-4881-ac06-e1b4145b5858,user_8,1540.98,home,2025-12-05 23:10:55,FR,desktop,0
d91b8c87-b485-47fe-9db6-a56a49bef1f5,user_10,263.49,home,2025-12-05 23:10:55,DE,tablet,0
6f90ffd0-ecb8-40e4-b6ae-6a80bcf17a3f,user_19,1267.88,gaming,2025-12-05 23:10:55,US,tablet,0
6732c95f-5d9d-4a6f-97b1-d86350f430de,user_7,1186.78,clothing,2025-12-05 23:10:55,RU,tablet,0
586891f5-2d51-42aa-830b-fd3e4f370b56,user_9,1151.4,electronics,2025-12-05 23:10:55,US,desktop,1
6ceac17c-a063-439a-8434-99a9b52f4851,user_15,1673.24,gaming,2025-12-05 23:10:55,US,mobile,1
7d931307-942a-42da-9c06-4c769d3ae2a3,user_5,275.49,gaming,2025-12-05 23:10:55,FR,desktop,0
d21b2198-a685-4fb4-98f8-098d5cfe90ad,user_3,63.77,gaming,2025-12-05 23:10:55,CN,desktop,0
38f872c3-1908-4093-869a-cd9c6108aae4,user_8,849.35,gaming,2025-12-05 23:10:55,DE,desktop,0
b96f795d-1d90-41b9-9c16-4eb8fed9b09e,user_3,1799.37,clothing,2025-12-05 23:10:55,RU,desktop,0
adbd05f2-9283-4eb6-bedf-8c522f29b14d,user_1,1554.66,electronics,2025-12-05 23:10:55,FR,mobile,1
7fb9684c-5f56-46e4-ae9a-3a92f6712c03,user_6,177.94,books,2025-12-05 23:10:55,US,desktop,0
f76b0b78-a984-4d8b-93a0-1f44dcef6857,user_9,1710.45,gaming,2025-12-05 23:10:55,US,desktop,0
2a64a873-d37b-4ca6-b6e7-be3f6be841fe,user_18,510.71,gaming,2025-12-05 23:10:55,FR,desktop,0
af23f5fd-d51c-47a0-b7b5-24734546e056,user_12,1187.68,books,2025-12-05 23:10:55,DE,mobile,0
8bb86d4d-1d90-441a-9fad-538c22b005f4,user_3,1409.24,clothing,2025-12-05 23:10:55,RU,mobile,0
cfd07bdc-2819-4654-a0c2-290989dbccca,user_10,226.26,gaming,2025-12-05 23:10:55,RU,desktop,0
f37b75e8-383f-46b7-bf10-4454da273298,user_3,156.02,gaming,2025-12-05 23:10:55,FR,desktop,0
13f7e9d1-9906-43d7-870e-b62948b23b74,user_10,869.65,books,2025-12-05 23:10:55,DE,desktop,0
7742335a-e023-41e6-9282-60c2455fdd0c,user_6,772.7,gaming,2025-12-05 23:10:55,RU,tablet,0
5a0fc254-0647-44a7-88a6-fede7b7bf88d,user_18,1264.6,books,2025-12-05 23:10:55,DE,desktop,0
0d8b406a-2827-4b1f-9f1c-a8583215251e,user_9,847.78,home,2025-12-05 23:10:55,DE,mobile,0
0b637f0d-c2ae-4cd1-897f-df64dd2f27aa,user_11,290.44,books,2025-12-05 23:10:55,CN,desktop,0
2d256622-6f6f-480e-a748-fd6057548b98,user_14,1349.04,electronics,2025-12-05 23:10:55,CN,mobile,1
1c91a5ea-3a2f-48b0-8530-a29e56c0f898,user_16,1515.17,gaming,2025-12-05 23:10:55,RU,desktop,0
e87e3360-3589-46e5-b0ea-580a13790046,user_2,1766.86,clothing,2025-12-05 23:10:55,CN,mobile,0
9d00402a-248e-4b71-bcc1-676f79cc8977,user_11,1346.58,gaming,2025-12-05 23:10:55,FR,tablet,0
3af43e42-7b39-483b-8681-2f99d0c8f971,user_9,1684.12,books,2025-12-05 23:10:55,DE,tablet,0
d0b1391d-2674-4493-bc7d-9e819a4493d9,user_2,845.65,home,2025-12-05 23:10:55,FR,tablet,0
876be792-a3e9-4976-addf-2da5dfa7e877,user_14,398.5,clothing,2025-12-05 23:10:55,US,tablet,0
1a12d250-63a4-4ca1-9821-b0ec18823e60,user_14,135.89,gaming,2025-12-05 23:10:55,DE,desktop,0
d50b3230-ca4c-4ced-8a01-19899800d1c2,user_17,1061.92,books,2025-12-05 23:10:55,FR,desktop,0
9b2773e7-00c8-4f03-a1c2-47784ad6be2f,user_4,489.82,electronics,2025-12-05 23:10:55,CN,tablet,0
d414a479-2433-495c-973a-ce4f00ccb8a2,user_4,928.16,clothing,2025-12-05 23:10:55,CN,mobile,0
92349ffa-2328-4cbd-9474-6195372a9506,user_8,1348.91,gaming,2025-12-05 23:10:55,FR,tablet,0
4dc49caa-b0d1-4d43-9381-5a6e8680e703,user_11,312.65,home,2025-12-05 23:10:55,RU,desktop,0
0ec2e969-9234-4897-b3fc-40e4034c9c77,user_7,1176.77,electronics,2025-12-05 23:10:55,FR,tablet,1
8f3b30e1-2003-4df1-8e0d-e4cede772643,user_8,493.0,gaming,2025-12-05 23:10:55,DE,desktop,0
b7e7c6f9-0cf6-4619-ade6-7c76ada74d2d,user_10,1210.65,gaming,2025-12-05 23:10:55,RU,mobile,0
af4379c4-245b-4331-8bf6-fd5449f141f6,user_7,815.17,gaming,2025-12-05 23:10:55,FR,tablet,0
994aaac8-10f8-4b89-ac9a-9b694220e2ec,user_20,1045.31,books,2025-12-05 23:10:55,DE,desktop,0
e29560f4-c8de-4707-ab6b-0afbdf3d7759,user_5,268.21,clothing,2025-12-05 23:10:55,DE,tablet,0
9e683e2b-55ae-4c11-8675-a971ff25ee0e,user_12,732.67,gaming,2025-12-05 23:10:55,CN,mobile,0
27201432-bf6a-47ee-bed4-de92e780951e,user_1,1187.82,clothing,2025-12-05 23:10:55,US,mobile,0
f936f258-9d66-4ab1-a6d7-021e863d8ba6,user_13,703.23,electronics,2025-12-05 23:10:55,FR,tablet,0
62d5378c-e486-4653-a7af-aa7596bfbf1d,user_15,555.21,home,2025-12-05 23:10:55,RU,mobile,0
bc1c26cf-4ad9-42d2-aa97-3889c3189627,user_15,878.12,home,2025-12-05 23:10:55,FR,desktop,0
3258d60b-1021-4d0e-afd8-aa6e4a4fb998,user_1,1490.43,electronics,2025-12-05 23:10:55,FR,desktop,1
1e4df0ea-540b-40a0-b318-5310539e400d,user_1,280.53,books,2025-12-05 23:10:55,FR,mobile,0
27053a2a-7626-4a2d-9c88-3f4563e40e59,user_6,343.65,electronics,2025-12-05 23:10:55,DE,tablet,0
c0dc27ec-74d1-4047-a8d5-19b1e16c8c4b,user_13,1833.8,home,2025-12-05 23:10:55,RU,desktop,0
c2d8fa02-c498-4a25-b560-9fed7c83507b,user_10,1190.63,clothing,2025-12-05 23:10:55,US,tablet,0
3c6a63e0-1327-4389-8095-eaa11e887d97,user_19,147.31,clothing,2025-12-05 23:10:55,CN,mobile,0
125cd945-37a1-45c9-9977-eef2a3ce464d,user_14,1204.36,home,2025-12-05 23:10:55,CN,desktop,0
40c340af-0830-4c5d-aaf4-8dd1ef3c1db5,user_19,545.45,electronics,2025-12-05 23:10:55,CN,tablet,0
da91c28b-4ce9-4b00-b162-631ea503677d,user_9,1048.4,gaming,2025-12-05 23:10:55,FR,tablet,0
9d2f3e69-8f09-45ec-af33-3e125b554a3b,user_9,1222.01,gaming,2025-12-05 23:10:55,US,desktop,0
0da9081d-09c9-4e7a-bffa-985ccf508f5a,user_15,1236.33,clothing,2025-12-05 23:10:55,FR,tablet,0
82a806ba-175a-4d18-ac21-8e66afc4f64a,user_1,1358.71,clothing,2025-12-05 23:10:55,CN,desktop,0
1eb21d33-337d-4286-8a2a-f253bc72eed2,user_8,1515.42,clothing,2025-12-05 23:10:55,FR,tablet,0
7f2ce022-510c-4768-a2e2-6b48d537e3be,user_4,158.09,gaming,2025-12-05 23:10:55,US,desktop,0
2d75559e-352f-41d1-807f-2641b7930c50,user_2,1160.2,gaming,2025-12-05 23:10:55,CN,tablet,0
01754168-623f-400b-9e4d-889462d77f04,user_4,385.52,home,2025-12-05 23:10:55,RU,tablet,0
99754c3a-49de-4bda-b38b-1db4803f540f,user_7,1299.48,books,2025-12-05 23:10:55,DE,tablet,0
1a586118-f0fc-423b-aefd-9353d2cd5093,user_17,840.11,clothing,2025-12-05 23:10:55,CN,tablet,0
866a7499-3d12-4fab-a626-ee1cdd8388df,user_9,1471.46,electronics,2025-12-05 23:10:55,DE,mobile,1
23078896-2d42-4e04-817f-e8a026798941,user_14,1740.98,books,2025-12-05 23:10:55,FR,desktop,0
845551d0-6b44-40e1-ad9c-78eadb5c3d88,user_1,593.52,clothing,2025-12-05 23:10:55,FR,desktop,0
9b6c1c06-5d79-4be2-a381-4e76a334b9e7,user_17,356.11,electronics,2025-12-05 23:10:55,DE,mobile,0
daf2689a-ac2b-412e-8db4-ebd5f6ae1e22,user_2,209.22,books,2025-12-05 23:10:55,RU,desktop,0
1fcc3109-458d-4cbb-84bb-318232068c29,user_2,889.27,books,2025-12-05 23:10:55,RU,tablet,0
1e4d1772-b1bd-4fec-b18b-4f2e65a13978,user_1,850.7,electronics,2025-12-05 23:10:55,DE,desktop,0
4d3127ea-74e9-4427-889c-2f73cbe88129,user_3,1066.62,home,2025-12-05 23:10:55,CN,mobile,0
baff6d75-89ea-43b5-a400-75ff8991299c,user_10,1459.36,gaming,2025-12-05 23:10:55,DE,mobile,0
ea4c4c0f-1590-43d6-878a-1944bb0afaad,user_16,1943.07,gaming,2025-12-05 23:10:55,US,tablet,0
2ce0cc46-8161-495b-885d-82b9935dc380,user_11,1635.61,clothing,2025-12-05 23:10:55,DE,mobile,0
3a7cde13-2735-48fd-a25a-d7f97f2f86fe,user_10,113.53,home,2025-12-05 23:10:55,FR,desktop,0
04d91e5a-9592-4a1c-8831-d5dbfffe9dc5,user_13,1434.2,gaming,2025-12-05 23:10:55,US,tablet,0
7476ab62-9145-47ac-859a-98919fb6001c,user_6,302.21,gaming,2025-12-05 23:10:55,US,tablet,0
665d9187-8e26-4a8a-80cc-f6214d024e5e,user_10,754.5,books,2025-12-05 23:10:55,FR,desktop,0
9ee5c7c1-5aae-475a-b202-e4da81674963,user_10,489.57,clothing,2025-12-05 23:10:55,CN,tablet,0
7eebabf9-ef17-4cb2-a48d-2361b7cd50a5,user_13,1241.65,electronics,2025-12-05 23:10:55,DE,desktop,1
3cf602db-27e7-4b20-8cb7-cad8b7aecd01,user_10,473.15,gaming,2025-12-05 23:10:55,FR,desktop,0
6eb56f92-396d-428a-a7cc-8549fea937a3,user_9,862.78,books,2025-12-05 23:10:55,US,desktop,0
21447b93-b51b-4b25-8c69-2d93679d0278,user_12,1000.56,books,2025-12-05 23:10:55,RU,mobile,0
28bf033f-21a5-404c-bd69-bd04faccadb3,user_2,1282.03,electronics,2025-12-05 23:10:55,FR,desktop,1
3a145c98-039a-4b6a-b58c-a45fe365908b,user_11,1574.49,electronics,2025-12-05 23:10:55,DE,mobile,1
5be88e33-d04a-428c-8483-b7d7232bfa0b,user_13,579.65,clothing,2025-12-05 23:10:55,US,tablet,0
f4410020-16bd-4921-b1f6-d26187c35a3c,user_6,93.06,gaming,2025-12-05 23:10:55,RU,tablet,0
82a6c854-913e-454c-b7f4-3ec60cd30ab9,user_3,1920.87,books,2025-12-05 23:10:55,DE,mobile,0
e81ac64f-ae44-47bb-8765-d777d4ebc7fe,user_12,52.02,books,2025-12-05 23:10:55,FR,mobile,0
84aa2243-70ae-4ccb-bae3-c4bd7485af39,user_7,1476.28,clothing,2025-12-05 23:10:55,RU,desktop,0
ac955d81-f0a0-4e22-b5a1-0768306bad6d,user_5,1461.32,home,2025-12-05 23:10:55,FR,tablet,0
df4da124-62b0-4832-97d3-b4664662a8aa,user_14,1951.59,books,2025-12-05 23:10:55,DE,tablet,0
7d270842-e46b-481e-829b-bc85c31c517c,user_16,1306.14,electronics,2025-12-05 23:10:55,RU,mobile,1
9b0c76e9-2cee-478a-8a12-0925bd95395d,user_3,1877.49,electronics,2025-12-05 23:10:55,CN,mobile,1
542a303d-799e-4e39-8db0-be8dcc270d13,user_5,1081.69,gaming,2025-12-05 23:10:55,RU,mobile,0
86b37738-e620-45d2-a148-167c19a53f22,user_1,230.21,books,2025-12-05 23:10:55,RU,tablet,0
72537800-6db5-413a-b775-45f87f9e1310,user_2,1242.61,gaming,2025-12-05 23:10:55,US,tablet,0
b0f36828-237a-4c96-84cc-b5820b88f399,user_4,468.76,gaming,2025-12-05 23:10:55,DE,mobile,0
22965404-cabd-4c87-bd0b-234a1dce6fee,user_6,49.87,home,2025-12-05 23:10:55,RU,mobile,0
17c98ddf-2ffb-47b2-8ad4-487f8e7691ac,user_19,260.45,clothing,2025-12-05 23:10:55,FR,desktop,0
015a3e5b-e2fb-442e-976a-f1b546a5b414,user_16,1114.19,home,2025-12-05 23:10:55,DE,mobile,0
910408e2-ee56-4fe9-95b3-4a272f0fdf0c,user_9,860.05,gaming,2025-12-05 23:10:55,US,desktop,0
8a0e06b4-8d40-4a15-80e1-1747b2eb9535,user_17,1150.59,books,2025-12-05 23:10:55,DE,desktop,0
06cfa8fe-5fed-45fe-a7a2-80928654fa03,user_14,1907.62,books,2025-12-05 23:10:55,DE,mobile,0
7b1d8913-9bab-41c1-93b4-0f7060e1a87a,user_19,407.5,clothing,2025-12-05 23:10:55,RU,desktop,0
4aece2b6-1f23-4318-a6d1-2b8b249060c6,user_6,1720.72,books,2025-12-05 23:10:55,RU,mobile,0
262373f4-fa39-4b00-abd1-ac25b04de71f,user_13,742.24,books,2025-12-05 23:10:55,FR,tablet,0
4d01da54-01a9-4e5c-8197-b147369cf906,user_10,1599.91,books,2025-12-05 23:10:55,CN,mobile,0
83cc4fc3-e313-40c1-98e9-03db502ff4c4,user_8,1779.58,electronics,2025-12-05 23:10:55,CN,tablet,1
28f26c18-33fb-4cf5-b766-8288231193a2,user_9,325.68,home,2025-12-05 23:10:55,US,desktop,0
f34c1e78-b632-40fb-adf6-bf3b5effe017,user_1,53.3,books,2025-12-05 23:10:55,RU,desktop,0
aaf716ae-a4d8-4ca8-844d-aa815e675f07,user_20,1915.98,books,2025-12-05 23:10:55,RU,desktop,0
5d15ec37-ac85-4c83-a87c-2e8d1942cb16,user_6,646.42,books,2025-12-05 23:10:55,RU,mobile,0
6e6829e3-a52a-47a0-8318-cc4051900309,user_8,663.18,books,2025-12-05 23:10:55,CN,tablet,0
cda496cd-7b09-49fe-bd3a-912d26501b8f,user_2,96.96,clothing,2025-12-05 23:10:55,US,desktop,0
89caa5fa-9299-4cb5-a8ae-37cffbc545e2,user_17,1646.65,gaming,2025-12-05 23:10:55,RU,mobile,1
7ed20e4e-ef70-4354-b4ac-9150a972eb92,user_8,834.31,clothing,2025-12-05 23:10:55,CN,mobile,0
5e9c0bf9-b012-4120-80f8-d66fdf763de2,user_15,580.63,books,2025-12-05 23:10:55,CN,mobile,0
f6bf03de-9e04-4406-a6a4-8a43b27dd955,user_6,1669.39,home,2025-12-05 23:10:55,RU,mobile,0
f35bbd72-8a84-406a-9e5a-c268a26932af,user_5,409.52,home,2025-12-05 23:10:55,FR,desktop,0
d92ecbc7-09bc-403c-a846-de546b7af586,user_4,1198.29,electronics,2025-12-05 23:10:55,FR,desktop,1
57a83c4d-9226-4094-9e8e-8ddb629e1339,user_10,301.24,gaming,2025-12-05 23:10:55,US,desktop,0
fd6ec6fc-fdc4-4e9f-ac5f-0a8a77daf3a5,user_5,193.42,home,2025-12-05 23:10:55,CN,mobile,0
7221d4b7-a7b8-41b5-bae4-b2bc101719f6,user_4,885.98,home,2025-12-05 23:10:55,US,tablet,0
09c9158c-23f0-43bf-98f5-6586b81fb0dc,user_13,1805.88,electronics,2025-12-05 23:10:55,FR,desktop,1
437b8ad5-ccfb-4a07-8185-01fa4d11dda6,user_19,648.74,books,2025-12-05 23:10:55,DE,tablet,0
67ccf876-eae8-4856-9e7b-be0dec3ac0d8,user_11,1900.18,books,2025-12-05 23:10:55,RU,mobile,0
ddc1fdc4-6186-4538-b095-a84fc55afe9d,user_17,1828.12,clothing,2025-12-05 23:10:55,US,mobile,0
48c9e02a-da85-4c09-a9f7-9964f3e1cfc2,user_7,24.52,books,2025-12-05 23:10:55,RU,mobile,0
152ba330-bef6-4eec-81e4-144ca2a4d488,user_4,47.86,gaming,2025-12-05 23:10:55,RU,tablet,0
8349074f-d82c-4abc-b701-d6796fe73e0f,user_3,1425.88,books,2025-12-05 23:10:55,DE,tablet,0
98ca61ab-1e12-487d-83e5-a869f6a31a2e,user_14,1691.74,books,2025-12-05 23:10:55,DE,tablet,0
c283a67d-c138-4b1b-ab1b-3218452f596b,user_3,708.23,home,2025-12-05 23:10:55,RU,mobile,0
bb2306f7-0dce-44f9-bbd4-82dd0e073eaf,user_12,1178.57,home,2025-12-05 23:10:55,FR,desktop,0
36d20dd0-ef74-4e90-bf98-4923fbd635d6,user_9,75.87,books,2025-12-05 23:10:55,US,tablet,0
84c6f79f-87df-47f1-9366-3f2af69d0a77,user_3,1349.4,books,2025-12-05 23:10:55,CN,tablet,0
c6db3ed4-c7f0-48bc-9f03-a82de4eb1da8,user_14,67.96,home,2025-12-05 23:10:55,CN,tablet,0
84d08b58-4aa5-40f1-b5a1-e57619c29f4e,user_10,22.33,gaming,2025-12-05 23:10:55,DE,tablet,0
80be141b-7689-44f4-b01d-16458b8dce25,user_20,1128.41,home,2025-12-05 23:10:55,DE,mobile,0
f5cb4e91-48a9-4a38-8d53-c7d62a493bdd,user_13,54.7,clothing,2025-12-05 23:10:55,RU,desktop,0
cfbc943a-9b88-4cfa-b5e0-f72ce3ad1384,user_18,1319.3,clothing,2025-12-05 23:10:55,DE,mobile,0
5c33500c-7a93-416b-b8ba-ac7aeb74e2db,user_18,28.39,gaming,2025-12-05 23:10:55,CN,tablet,0
609e6ecb-dead-49da-bb24-903359cd4720,user_8,742.77,clothing,2025-12-05 23:10:55,RU,tablet,0
3698861f-15c3-43b5-b6eb-000ae9b93d6b,user_2,1986.23,electronics,2025-12-05 23:10:55,US,desktop,1
17f53cf5-e447-4491-8f41-0d361a6ec2a3,user_1,203.33,electronics,2025-12-05 23:10:55,US,mobile,0
afad3eec-9d4f-4623-a58a-c9eaa87eddc8,user_10,558.29,books,2025-12-05 23:10:55,DE,tablet,0
255ab45f-0e31-4014-8d7f-58d5ca453383,user_16,923.09,gaming,2025-12-05 23:10:55,CN,mobile,0
54da29a3-cd0a-44b3-b9c7-3e90fb20a681,user_2,1209.7,clothing,2025-12-05 23:10:55,RU,tablet,0
8cf746dc-9903-4553-be63-ad856f96c45a,user_14,484.3,electronics,2025-12-05 23:10:55,US,desktop,0
a94887f7-3fc3-4ca4-940e-e6af0a4e36f5,user_7,1288.74,gaming,2025-12-05 23:10:55,CN,tablet,0
1454331f-d3ac-4065-a091-7a2b021e5105,user_10,1640.19,clothing,2025-12-05 23:10:55,DE,mobile,0
1e8bb831-e016-404a-8b28-4a157191e117,user_15,1654.36,electronics,2025-12-05 23:10:55,CN,tablet,1
cbce5a43-0b31-47a5-94ed-f576f9aeb318,user_18,482.31,clothing,2025-12-05 23:10:55,RU,tablet,0
c6341562-7460-44d0-8308-606f3779e769,user_8,195.92,home,2025-12-05 23:10:55,DE,mobile,0
38a12f6a-9d9f-4fbb-a31d-90d832869c81,user_20,479.22,electronics,2025-12-05 23:10:55,RU,desktop,0
7cc9ee0d-1512-4dbb-8ddb-7190a274a262,user_8,774.13,clothing,2025-12-05 23:10:55,RU,tablet,0
fb5f0b69-26d2-47e3-ab5c-2db385ec9a84,user_10,875.52,books,2025-12-05 23:10:55,US,desktop,0
7d05304e-166d-443a-852f-62b45fe49127,user_11,698.41,books,2025-12-05 23:10:55,US,mobile,0
c434c0d7-676b-42ca-bd6d-2f7960466a47,user_17,1948.39,home,2025-12-05 23:10:55,CN,desktop,0
6db599bf-33f6-44e0-9537-5fa072be5969,user_20,692.24,books,2025-12-05 23:10:55,CN,desktop,0
602b2be6-d56f-4ce9-a3c5-c979c0c11cb5,user_3,908.32,clothing,2025-12-05 23:10:55,US,mobile,0
4c53451e-0e5a-473e-a460-433146c39bd9,user_6,1551.75,books,2025-12-05 23:10:55,DE,tablet,0
be5ea4d2-ecaf-4cd4-8a1f-d2b7d73e7424,user_2,1419.31,electronics,2025-12-05 23:10:55,FR,mobile,1
62df3686-f482-4e1c-8bdf-e1af1a180e92,user_18,1378.7,gaming,2025-12-05 23:10:55,DE,desktop,0
7de02036-fb74-4433-9b84-cdd9161f2cb0,user_12,1943.44,electronics,2025-12-05 23:10:55,RU,desktop,1
012a1785-2956-496e-a668-6858a272712b,user_12,1869.17,books,2025-12-05 23:10:55,FR,mobile,0
ac823377-f594-4e2a-b22e-6dcbcaa7c608,user_7,822.88,clothing,2025-12-05 23:10:55,CN,mobile,0
0cf839db-3708-4bb1-8679-a3bfe8bea6df,user_13,1044.21,clothing,2025-12-05 23:10:55,DE,desktop,0
230813ee-0df9-453d-973c-301716b9d234,user_9,1315.42,electronics,2025-12-05 23:10:55,FR,mobile,1
b94afd54-e162-4f63-87de-c3c79f5712af,user_2,1103.53,books,2025-12-05 23:10:55,DE,desktop,0
dd5dfc0d-5865-4936-91e7-b625787f42db,user_7,498.29,electronics,2025-12-05 23:10:55,US,desktop,0
70bcb8f1-45fe-4029-bdca-d7a9f973f570,user_20,1580.39,books,2025-12-05 23:10:55,FR,tablet,0
3109fea8-2755-4a23-9c57-5fd7024cef13,user_20,1272.64,home,2025-12-05 23:10:55,FR,mobile,0
c1611bd6-0b58-4fab-8df2-26e13092e47b,user_17,1209.65,gaming,2025-12-05 23:10:55,DE,desktop,0
a8f773d5-374f-488f-974a-71a9bac82046,user_1,1513.83,gaming,2025-12-05 23:10:55,RU,mobile,1
df4e2135-3d3b-45b5-a3df-2d7badcd890a,user_1,1536.38,home,2025-12-05 23:10:55,RU,tablet,0
06730986-ab34-4825-b74f-5a16168eafca,user_18,1190.62,electronics,2025-12-05 23:10:55,US,desktop,1
44e02b89-92e9-4d84-8f10-6abff41ad971,user_5,1767.26,clothing,2025-12-05 23:10:55,CN,mobile,0
5c11643a-cb08-475d-afba-7565e075b63b,user_9,1634.46,electronics,2025-12-05 23:10:55,FR,mobile,1
df4bccd9-c23d-42b3-9fa2-f789401dda33,user_20,1582.29,home,2025-12-05 23:10:55,CN,tablet,0
5f5a5a60-9803-4df3-901d-054d3d0e0987,user_7,1278.96,home,2025-12-05 23:10:55,FR,desktop,0
30e146cb-2a79-4d3a-9ba6-d8acb7fae5b7,user_14,982.4,clothing,2025-12-05 23:10:55,RU,desktop,0
fce7362b-e665-44de-9309-3707a00d3cf5,user_2,1352.32,clothing,2025-12-05 23:10:55,DE,desktop,0
5999d295-f096-4316-a67a-d2d3ab874ca3,user_11,520.01,books,2025-12-05 23:10:55,US,desktop,0
9aef2828-ee52-44ba-9fca-513d37f83fb0,user_15,272.66,electronics,2025-12-05 23:10:55,DE,mobile,0
6762d2a7-fa23-45fa-8309-71b7b00544b7,user_12,416.31,home,2025-12-05 23:10:55,US,mobile,0
a4cdec0d-e747-46c8-b8ad-da2f06a3ce69,user_7,1661.25,books,2025-12-05 23:10:55,DE,mobile,0
12205703-4703-40ea-8ba2-d7a3d84a55c4,user_6,540.47,books,2025-12-05 23:10:55,RU,tablet,0
a144aadf-b49a-47b6-aa13-0f35226fb403,user_20,191.17,gaming,2025-12-05 23:10:55,FR,mobile,0
3d1c6f3c-6c30-462f-9847-e3d60ecd7d05,user_19,162.71,clothing,2025-12-05 23:10:55,DE,mobile,0
73d33d34-2171-456e-a452-4fb5b88bbf20,user_14,770.9,clothing,2025-12-05 23:10:55,US,mobile,0
736eca93-e9c2-4313-9782-cbf11fbcd515,user_4,133.78,clothing,2025-12-05 23:10:55,RU,mobile,0
84dcef34-02f2-4a34-a76e-c2a14797b3dd,user_6,858.72,gaming,2025-12-05 23:10:55,CN,mobile,0
f3d13653-5dca-41bd-b116-ae11bb0bccd6,user_13,188.41,electronics,2025-12-05 23:10:55,FR,desktop,0
2fcbd997-dd70-4e54-a898-0ed19883bc13,user_11,189.78,gaming,2025-12-05 23:10:55,FR,tablet,0
c7b78d94-aa07-473b-a631-342cb2649794,user_2,1416.18,electronics,2025-12-05 23:10:55,DE,tablet,1
9952a4d1-6f68-47cf-8059-558b65107c64,user_3,1514.61,books,2025-12-05 23:10:55,US,mobile,0
71a1f423-e7d5-4e98-bb34-a0f9e609638c,user_1,1121.75,clothing,2025-12-05 23:10:55,DE,tablet,0
cd7ead89-ebd1-4b3d-9371-5ae3358c0381,user_9,353.24,home,2025-12-05 23:10:55,DE,mobile,0
657ed145-e90b-4549-9974-02f46e75ea86,user_10,208.26,home,2025-12-05 23:10:55,US,desktop,0
5dbf6ff3-ca44-4a9a-9fb6-9f9be3fc378e,user_4,1265.98,books,2025-12-05 23:10:55,FR,desktop,0
0285226d-303b-45fd-a46a-c4e31a341ed7,user_14,1334.16,electronics,2025-12-05 23:10:55,RU,desktop,1
d64b19cc-325f-46a7-82f6-6e4d9f501478,user_6,540.22,clothing,2025-12-05 23:10:55,RU,desktop,0
a13bd04d-b6d3-4253-a541-71da47f73c5e,user_12,356.47,books,2025-12-05 23:10:55,DE,tablet,0
84c2e3fe-6af7-4edf-b72f-cabaf594549c,user_9,588.75,gaming,2025-12-05 23:10:55,DE,mobile,0
4ff72fd3-0f99-42bb-b001-f3c21b62ca48,user_17,364.77,gaming,2025-12-05 23:10:55,DE,mobile,0
a5d8d91b-8468-4f29-bd28-c68983de2c0d,user_18,446.69,home,2025-12-05 23:10:55,CN,desktop,0
c3f73df5-0609-4bfd-9d47-1c052fc0570e,user_13,1847.87,clothing,2025-12-05 23:10:55,FR,tablet,0
80b871f3-ae38-42e6-b5be-0aca5090f250,user_8,198.28,clothing,2025-12-05 23:10:55,US,tablet,0
0722d2aa-29c8-469e-a9f0-cb4fbc1c220d,user_18,594.6,clothing,2025-12-05 23:10:55,DE,mobile,0
1f83878e-7cc6-41a6-a5f4-c3ca2ae04db8,user_17,761.94,clothing,2025-12-05 23:10:55,CN,tablet,0
ca8327d4-c7eb-486c-8f0b-4a27a7bfca7c,user_14,332.24,gaming,2025-12-05 23:10:55,RU,mobile,0
5a9a9e40-9d8d-4892-ace3-9c30dfd3ecbd,user_5,266.9,clothing,2025-12-05 23:10:55,US,desktop,0
2b687e76-5143-47e0-b2a9-0db22d6bf253,user_13,1292.1,books,2025-12-05 23:10:55,DE,tablet,0
87777647-0892-4d21-bb3a-18e4c819d7be,user_9,291.04,gaming,2025-12-05 23:10:55,RU,desktop,0
f8a40225-4de2-4575-ac38-a7c6ccab01e0,user_7,766.64,clothing,2025-12-05 23:10:55,CN,desktop,0
9b278fd2-c99c-4401-a0e9-eb8333f97fda,user_9,1934.9,electronics,2025-12-05 23:10:55,FR,tablet,1
a8ef7c71-90c3-4078-b45f-b713ca73747e,user_6,1078.52,clothing,2025-12-05 23:10:55,DE,tablet,0
4ced481d-aff3-4000-a6e1-274dc31d0d0a,user_5,1426.52,gaming,2025-12-05 23:10:55,FR,desktop,0
f13a373e-ba44-4b70-b598-4b7eb1e96c4f,user_4,52.96,gaming,2025-12-05 23:10:55,DE,mobile,0
5a4a24fb-260c-4c7e-8f55-a12fd18ddf11,user_7,1611.7,electronics,2025-12-05 23:10:55,DE,desktop,1
5d452ddf-4300-4297-91fe-e68ce6d9c08f,user_17,1661.32,books,2025-12-05 23:10:55,US,tablet,0
d42855c4-0168-4dd9-bd8e-bf582a3e02f9,user_2,438.47,home,2025-12-05 23:10:55,CN,mobile,0
43f3af42-bc08-43b5-8bc6-3744abbac44b,user_15,1184.54,electronics,2025-12-05 23:10:55,DE,desktop,1
c606e166-ad85-483e-be45-a2eaf8b4be55,user_16,1278.74,gaming,2025-12-05 23:10:55,RU,mobile,0
5e211576-f842-4f63-bce2-3c9a4fd064fd,user_11,511.02,home,2025-12-05 23:10:55,FR,desktop,0
f21af790-2766-4396-828d-5413d23c0367,user_3,819.27,electronics,2025-12-05 23:10:55,US,desktop,0
3e182c1f-2fd4-4967-8476-1f313b8ad1f7,user_14,914.88,home,2025-12-05 23:10:55,US,desktop,0
95c95415-85cc-43c4-86fc-d688e7048026,user_9,1523.3,clothing,2025-12-05 23:10:55,US,desktop,0
b495d97c-2545-4501-8656-f0e476a7dd21,user_6,1816.59,gaming,2025-12-05 23:10:55,DE,desktop,0
3c4ff147-da44-4f08-8d4d-37bfda11a4f2,user_19,767.15,electronics,2025-12-05 23:10:55,FR,tablet,0
0da72be0-28a3-464b-9cb1-20ad77f6302a,user_17,594.36,home,2025-12-05 23:10:55,FR,tablet,0
03437c59-70b9-4445-994f-2c0385b607b0,user_7,1222.41,home,2025-12-05 23:10:55,RU,mobile,0
959b3bf7-f964-4a9b-97bd-3bff2388375e,user_19,1050.83,gaming,2025-12-05 23:10:55,CN,mobile,0
5ce9cefd-52eb-4a7c-83f8-f15904d3c25b,user_5,129.24,electronics,2025-12-05 23:10:55,US,mobile,0
7c1af361-88bd-4526-a282-3d31c589af19,user_9,204.58,home,2025-12-05 23:10:55,US,desktop,0
c7249837-a40f-4dcc-9263-cd441e259966,user_3,1049.12,gaming,2025-12-05 23:10:55,FR,desktop,0
988c5d10-dd99-47a4-93a9-f6db2b4f0dc1,user_12,53.26,electronics,2025-12-05 23:10:55,RU,desktop,0
f0389eee-2714-481f-b39e-252a40bad114,user_3,1301.73,gaming,2025-12-05 23:10:55,RU,desktop,0
920700be-7dc5-4068-bf4a-211acaee1837,user_6,1579.74,home,2025-12-05 23:10:55,CN,tablet,0
e91e35f3-b0c7-4f14-82d0-31ed30eb7f50,user_18,455.27,home,2025-12-05 23:10:55,RU,desktop,0
9e330eab-8916-49a8-886d-f3d565e8a969,user_11,1543.77,home,2025-12-05 23:10:55,CN,desktop,0
68f787c9-8492-49c8-8272-0987825f3e44,user_3,1633.73,gaming,2025-12-05 23:10:55,RU,desktop,0
19e94f16-c527-4352-81cb-1ae3c5448426,user_1,1770.66,home,2025-12-05 23:10:55,DE,desktop,0
44768709-6d53-4f15-8157-f3ef02ec100f,user_10,3.41,books,2025-12-05 23:10:55,RU,mobile,0
dd27780e-2d95-4b5f-aed0-22c96e3c51c0,user_4,1111.61,books,2025-12-05 23:10:55,FR,tablet,0
03ec2c2e-df82-4fc3-9a1a-a5334840ec50,user_11,951.27,electronics,2025-12-05 23:10:55,RU,desktop,0
be27666d-de8a-4ed5-b102-71831784d075,user_6,1491.16,clothing,2025-12-05 23:10:55,DE,tablet,0
50ee8071-b7c8-46a7-aa36-78770eb195a7,user_18,455.41,electronics,2025-12-05 23:10:55,US,mobile,0
eb26db55-59d5-4048-a2da-ac981a995413,user_1,1470.41,clothing,2025-12-05 23:10:55,DE,desktop,0
f5509f4b-c951-4fc1-92a3-4a22684a44e6,user_3,887.03,books,2025-12-05 23:10:55,CN,desktop,0
64329010-9ac7-4d10-86cf-630a84e9f1f7,user_7,730.47,electronics,2025-12-05 23:10:55,US,tablet,0
977590da-f3c7-4eca-9f02-3e1152fb6c9e,user_20,1940.49,books,2025-12-05 23:10:55,FR,desktop,0
5a789836-3a7e-4ede-8994-c00a4860cf83,user_5,293.1,gaming,2025-12-05 23:10:55,CN,mobile,0
f7d64afa-2e4e-4b47-964b-fa0f9b1ef35d,user_20,1945.89,home,2025-12-05 23:10:55,FR,tablet,0
a92599cd-45be-486e-9267-b05468892835,user_1,171.83,gaming,2025-12-05 23:10:55,US,tablet,0
66cfe7cc-87d2-48d5-9934-0af35f8e27ae,user_9,666.38,books,2025-12-05 23:10:55,FR,desktop,0
29a3a4cf-fc50-4d0b-b7d9-360eef2b29c2,user_18,1252.81,clothing,2025-12-05 23:10:55,FR,mobile,0
8b9a3dda-b46f-4c61-a468-2a1f828bd8f8,user_5,712.38,clothing,2025-12-05 23:10:55,DE,tablet,0
78006a36-8819-4e13-9952-18d256b8a4bc,user_13,1554.77,gaming,2025-12-05 23:10:55,RU,mobile,1
3b89b808-ccfb-446d-aa18-0bd8682f5b05,user_19,1313.8,electronics,2025-12-05 23:10:55,FR,mobile,1
ccbc17cd-c227-43b9-b7ec-4d1399cda9c6,user_9,1161.56,home,2025-12-05 23:10:55,CN,desktop,0
81c92840-222c-489e-a656-80b5478657cb,user_15,1855.6,books,2025-12-05 23:10:55,FR,mobile,0
6e9a973b-b235-4bda-954b-d9b72997b961,user_19,702.33,electronics,2025-12-05 23:10:55,CN,mobile,0
1e59efff-9e82-4f61-b52f-4f5c49ae7192,user_8,306.06,gaming,2025-12-05 23:10:55,RU,desktop,0
92052bef-bb97-4d5d-bd8c-c8b2cbade4f9,user_2,1558.83,electronics,2025-12-05 23:10:55,FR,mobile,1
aface643-68ae-4af8-a8e1-f29268195078,user_5,368.91,gaming,2025-12-05 23:10:55,CN,tablet,0
3c98b57f-b38f-4c25-9812-8d459e63bc76,user_3,1131.19,books,2025-12-05 23:10:55,FR,tablet,0
9ac1c74c-fe22-4d57-bce1-75781448a129,user_12,1538.19,gaming,2025-12-05 23:10:55,FR,tablet,0
f0529dbf-5a0f-4633-809a-f757ae2a91ea,user_14,1538.55,books,2025-12-05 23:10:55,US,mobile,0
e7e78565-0bcf-4937-9a61-e9e84d30f313,user_8,616.85,electronics,2025-12-05 23:10:55,FR,mobile,0
9b305d8b-ec63-4f87-aefb-f4a3f5230c06,user_15,411.89,clothing,2025-12-05 23:10:55,CN,mobile,0
0bd87662-cfed-4638-b3f6-5dbfc14cc224,user_3,679.82,electronics,2025-12-05 23:10:55,CN,tablet,0
cd307dfa-1492-4884-adc1-eb310c1b5443,user_20,1587.57,gaming,2025-12-05 23:10:55,CN,desktop,0
3f46aa83-565d-4c76-99da-35f4dfaa2bd2,user_5,986.19,home,2025-12-05 23:10:55,CN,mobile,0
2c488e37-f670-4f64-937c-57c3244ae48b,user_5,1608.19,books,2025-12-05 23:10:55,CN,tablet,0
18a420b6-deb4-4e95-9597-8f7fea874ad4,user_17,658.65,home,2025-12-05 23:10:55,CN,tablet,0
6b9e3fed-c034-4d39-b9ab-e90f1cfd40ad,user_6,1468.14,home,2025-12-05 23:10:55,FR,desktop,0
ed903ae6-bc11-44c9-9878-4cc5fcf0afb9,user_7,1532.83,electronics,2025-12-05 23:10:55,US,tablet,1
aeebf53f-84f3-4800-8c1b-9aad9b121db0,user_9,710.26,clothing,2025-12-05 23:10:55,DE,tablet,0
8e321c8f-7153-44f7-9506-849f825422cf,user_16,1816.75,home,2025-12-05 23:10:55,CN,desktop,0
0469274e-34ff-494a-93f9-f403c5eced20,user_8,573.68,electronics,2025-12-05 23:10:55,FR,mobile,0
923e6a18-9b6b-44ed-802e-be9ee9602802,user_9,577.28,books,2025-12-05 23:10:55,RU,desktop,0
6bd1bdfc-10eb-4947-814a-a11e0b6af921,user_16,1206.02,electronics,2025-12-05 23:10:55,US,desktop,1
aa7a9de0-e411-4782-af5c-f2f685a80ea9,user_8,1328.34,home,2025-12-05 23:10:55,US,mobile,0
eb8c31ed-80d8-46c5-8d35-8b6f8b7b6b2f,user_2,45.24,clothing,2025-12-05 23:10:55,DE,desktop,0
3be2ccdd-ac5f-4da0-9ddb-9f7bed3c1e20,user_16,1486.54,gaming,2025-12-05 23:10:55,DE,tablet,0
9e9d8f9f-6cea-4752-9c19-3f1e1ef1728a,user_5,450.5,gaming,2025-12-05 23:10:55,DE,desktop,0
faf10e35-1694-499b-9fa3-8b5150ab47fa,user_17,1805.71,books,2025-12-05 23:10:55,RU,tablet,0
10f14bdb-a773-4471-a78e-8424d55fc0eb,user_20,1566.99,electronics,2025-12-05 23:10:55,CN,tablet,1
fa197d4f-d634-4873-9599-feda0601d6e7,user_5,1287.54,books,2025-12-05 23:10:55,RU,mobile,0
bef1d52c-b747-4fef-9579-d8edb32be5d3,user_14,45.45,electronics,2025-12-05 23:10:55,FR,desktop,0
d5f383da-ff50-4249-adc4-46c788bae054,user_1,475.4,clothing,2025-12-05 23:10:55,DE,desktop,0
179b22fb-8d8c-42c0-ac1d-60f14109af11,user_20,1479.17,clothing,2025-12-05 23:10:55,CN,desktop,0
27c7fa30-80bc-43db-ac56-b6a9c1b639a9,user_16,90.82,books,2025-12-05 23:10:55,FR,mobile,0
b95879a9-8632-497e-ad40-fc59e1e1dc14,user_11,112.08,books,2025-12-05 23:10:55,DE,tablet,0
388ac75a-043a-490c-83b2-b4fa2e5e5da2,user_20,1136.55,books,2025-12-05 23:10:55,DE,tablet,0
2be3eade-e8ec-495b-8e1d-3d1bcb5e0d44,user_3,1463.07,electronics,2025-12-05 23:10:55,CN,mobile,1
2cf0a790-4678-40db-be48-c658fb603476,user_12,742.6,clothing,2025-12-05 23:10:55,RU,desktop,0
3cec4836-f9d8-4842-86a5-90b54a28992b,user_14,1572.1,gaming,2025-12-05 23:10:55,DE,tablet,0
debba68e-0eb0-4468-bb9e-ef987fa1efb1,user_6,1773.88,gaming,2025-12-05 23:10:55,DE,tablet,0
3ba60b1c-f83e-48da-9aa9-f880f6160f95,user_6,687.19,clothing,2025-12-05 23:10:55,FR,tablet,0
df325560-ee2e-42b3-81f1-3579e48d0196,user_16,532.3,gaming,2025-12-05 23:10:55,RU,mobile,0
d1d12f1a-6d47-4b16-9f5a-534222b16ed7,user_11,231.71,home,2025-12-05 23:10:55,US,tablet,0
26903f7c-0df9-4383-b66a-5842e8426c43,user_4,903.91,electronics,2025-12-05 23:10:55,FR,tablet,0
ac6e5cb1-3c9f-49e6-9630-6517921cc2e6,user_19,1242.02,electronics,2025-12-05 23:10:55,RU,mobile,1
4c429c38-c211-485d-b7da-586b1fc59caf,user_13,1528.6,clothing,2025-12-05 23:10:55,DE,mobile,0
b8c2137c-9002-46a4-ace4-3a953141b0f6,user_15,1610.39,books,2025-12-05 23:10:55,FR,tablet,0
67dfe6be-d70b-4951-8f58-660fb17f1d08,user_14,1612.93,electronics,2025-12-05 23:10:55,DE,tablet,1
34211027-fd98-43d8-b18b-39cfeead548d,user_8,1525.97,home,2025-12-05 23:10:55,US,tablet,0
9328ec30-0303-4fb7-8fed-3d0608582dd8,user_16,710.94,electronics,2025-12-05 23:10:55,FR,tablet,0
4a92ad93-520c-4984-b592-3fc97770fcb5,user_1,1962.85,home,2025-12-05 23:10:55,RU,mobile,0
dfa61965-4022-4012-9deb-001fb1bf9e27,user_9,1670.64,clothing,2025-12-05 23:10:55,FR,desktop,0
63cbd4fd-ffd0-45cb-b930-d8dabf2a4f98,user_11,1505.75,home,2025-12-05 23:10:55,US,tablet,0
a262bcac-7427-4da2-8e4c-34c28b732fb9,user_6,1657.37,books,2025-12-05 23:10:55,FR,desktop,0
adf31abf-0d0d-4e44-80d4-a05eed3dddf9,user_9,1323.25,clothing,2025-12-05 23:10:55,DE,mobile,0
c94f20fb-bf6d-479e-98ba-1b9e5d23bc4c,user_15,629.23,home,2025-12-05 23:10:55,CN,mobile,0
8483351f-2fd1-4401-9cff-1b7347e577f4,user_17,1753.7,gaming,2025-12-05 23:10:55,RU,mobile,1
8cd41cc1-9bfc-41b7-bdb0-08bf80df53de,user_17,1939.49,home,2025-12-05 23:10:55,DE,tablet,0
66da7a55-0a50-4a50-9255-fa3d247bfecb,user_10,1166.47,electronics,2025-12-05 23:10:55,DE,desktop,1
9d3d1988-4e36-49ea-b607-eb68148e6917,user_20,430.01,books,2025-12-05 23:10:55,FR,mobile,0
d132a53e-944c-44e4-aa71-6291ae436de7,user_11,377.34,home,2025-12-05 23:10:55,FR,mobile,0
45f68962-e708-47e5-b3c6-b74179c62c91,user_1,1012.81,books,2025-12-05 23:10:55,DE,mobile,0
dbef98cd-2993-4748-b937-a986e7233880,user_5,1045.73,clothing,2025-12-05 23:10:55,DE,mobile,0
90a6051c-d2d2-47f1-a057-ef956fec5fe1,user_8,1498.07,electronics,2025-12-05 23:10:55,DE,desktop,1
55330922-93e5-4f56-bbea-ab294883451d,user_12,740.1,books,2025-12-05 23:10:55,DE,tablet,0
4d9a5b07-428f-48ea-b696-ec129ae45095,user_19,480.2,clothing,2025-12-05 23:10:55,FR,mobile,0
36a6ef78-9a44-42ea-a899-c67d403449bc,user_12,950.81,gaming,2025-12-05 23:10:55,FR,desktop,0
1ef80f2b-1394-4819-94de-efd4a2fe0bd1,user_1,72.99,home,2025-12-05 23:10:55,CN,tablet,0
db74980d-3e56-4593-a2db-bec8dd5db02b,user_15,1334.85,clothing,2025-12-05 23:10:55,US,tablet,0
5f637572-be84-4150-bb71-667feecb5f92,user_5,48.65,books,2025-12-05 23:10:55,FR,desktop,0
3c97e3be-2971-4c9d-afd7-3072fdba2d28,user_18,353.21,electronics,2025-12-05 23:10:55,DE,tablet,0
db05e175-3bd2-4957-9d53-c48e9134182c,user_5,844.18,electronics,2025-12-05 23:10:55,DE,desktop,0
971a50ea-471c-432f-9a61-7092ca9b6eb6,user_5,919.29,electronics,2025-12-05 23:10:55,FR,mobile,0
d31c0a14-16cf-47fc-8e7a-120a1a72cb16,user_6,211.21,books,2025-12-05 23:10:55,RU,tablet,0
a4419c81-aecf-4f95-a55c-62985908a80b,user_7,1432.78,home,2025-12-05 23:10:55,RU,desktop,0
0264e220-763c-4edb-b9c0-e38c44c0be31,user_11,533.51,home,2025-12-05 23:10:55,CN,desktop,0
62e7d2d8-aa8d-4c47-8306-2d6242029b96,user_12,799.88,home,2025-12-05 23:10:55,US,desktop,0
20c79fab-8335-45b5-b9fb-e179c176b858,user_13,1806.89,home,2025-12-05 23:10:55,FR,mobile,0
2404d0b2-637a-476a-a0af-9ec3526cd6bf,user_11,1888.59,home,2025-12-05 23:10:55,CN,tablet,0
cd4504fc-738f-41f7-9c1e-0c813ea2de09,user_2,1163.46,gaming,2025-12-05 23:10:55,RU,tablet,0
35ce4246-c0b1-4595-8a0b-abc48f1e88a4,user_12,490.59,home,2025-12-05 23:10:55,FR,desktop,0
1ecd6c72-094e-4e80-92a1-be6ca8226d8d,user_11,1466.7,gaming,2025-12-05 23:10:55,CN,mobile,0
9b81d8ff-2be0-47f9-ae04-667449c5e8ea,user_14,643.02,clothing,2025-12-05 23:10:55,DE,tablet,0
78d2c440-a4e0-4654-ada1-cfbc1a665a71,user_10,1487.68,books,2025-12-05 23:10:55,FR,tablet,0
d9c481cd-3fd8-40f3-84a8-a2698cf6eb34,user_2,465.28,gaming,2025-12-05 23:10:55,FR,mobile,0
3d11ae26-8e3e-40b8-99f8-969ba6c404f6,user_4,1280.92,gaming,2025-12-05 23:10:55,DE,desktop,0
84e232b6-e10f-4357-a6d5-b22455a9cb18,user_9,62.21,books,2025-12-05 23:10:55,CN,tablet,0
d30d196f-2945-4950-bd5d-a2334df0f91e,user_12,16.0,electronics,2025-12-05 23:10:55,RU,mobile,0
668bdd0f-cacc-4192-bfed-c5b4b5fe7c6b,user_10,466.47,home,2025-12-05 23:10:55,CN,mobile,0
171a1fee-5551-431b-9434-ed4788188462,user_18,85.94,electronics,2025-12-05 23:10:55,US,mobile,0
3007842b-a89e-42e1-843f-2689185e3f40,user_3,117.19,home,2025-12-05 23:10:55,CN,mobile,0
24857190-f563-4bcf-8e69-063aa25ab8ad,user_10,768.37,gaming,2025-12-05 23:10:55,CN,mobile,0
03457f8d-eda0-4793-bf29-88eb2e418892,user_17,1951.75,clothing,2025-12-05 23:10:55,CN,desktop,0
c53aba99-08ae-4242-a7fa-43c12c4c44ef,user_2,1974.92,gaming,2025-12-05 23:10:55,CN,desktop,0
db3d98dd-505c-429a-843c-dcea85081faf,user_14,1859.88,books,2025-12-05 23:10:55,US,tablet,0
8a9c9da8-8c80-4446-bdb7-727f02c4c698,user_15,429.03,electronics,2025-12-05 23:10:55,US,tablet,0
04c53fa6-2326-421d-b518-e1dee91019e2,user_10,1610.68,books,2025-12-05 23:10:55,RU,tablet,0
fbd1a083-1e3b-4753-b7ba-f77ab167f96d,user_8,228.12,gaming,2025-12-05 23:10:55,FR,tablet,0
1c4e2c82-a460-43e1-b4aa-26b52bf8248f,user_7,1012.83,electronics,2025-12-05 23:10:55,RU,mobile,1
a83a9db3-c09a-45e4-bbd9-3e70d9a916ad,user_1,622.7,gaming,2025-12-05 23:10:55,RU,desktop,0
da2e2c93-792d-4969-bd35-c740d8c767a0,user_16,306.27,clothing,2025-12-05 23:10:55,CN,tablet,0
ad20d311-17d4-4fa0-9159-907274429e80,user_12,685.73,clothing,2025-12-05 23:10:55,US,tablet,0
eed82598-7d01-4da1-be2c-145ccd091483,user_13,1481.47,home,2025-12-05 23:10:55,FR,mobile,0
7c2c0c66-383a-45b2-9b94-cc96100dd90a,user_7,707.55,books,2025-12-05 23:10:55,FR,mobile,0
4faea067-bf54-4ffa-aa11-2d2dea350032,user_8,1587.82,books,2025-12-05 23:10:55,US,mobile,0
8bdd5377-d98d-4425-bcab-fbd57f1dca45,user_17,1108.29,books,2025-12-05 23:10:55,FR,desktop,0
8ec49bee-2ffe-470e-915c-e2da4cb85d00,user_4,1063.65,home,2025-12-05 23:10:55,US,mobile,0
d90f5cf9-55ed-4906-af0a-8402620e2219,user_2,725.43,books,2025-12-05 23:10:55,US,mobile,0
0be521e3-ce5a-4289-8de3-821df31811f6,user_12,393.03,books,2025-12-05 23:10:55,CN,tablet,0
0ba712cc-890b-4e0a-8b94-8b1ca363f7f3,user_12,1719.12,gaming,2025-12-05 23:10:55,RU,tablet,0
912cbca1-fdd4-4f09-81a6-1b2353f491a2,user_17,38.48,clothing,2025-12-05 23:10:55,FR,mobile,0
0d4e253a-31d7-40eb-a954-271a33bdfc26,user_19,1339.58,electronics,2025-12-05 23:10:55,FR,tablet,1
4f192db3-a3e1-4383-bf6a-df362eff2c67,user_3,1266.52,electronics,2025-12-05 23:10:55,FR,mobile,1
0d08ed5e-d4bf-4ebb-b7e2-373698fe6323,user_3,1121.38,books,2025-12-05 23:10:55,CN,tablet,0
23c67b61-e615-4182-87a8-184063bc4faf,user_20,1600.2,clothing,2025-12-05 23:10:55,RU,mobile,0
4208a419-172a-4eb3-b08b-da76a6c441d0,user_3,574.04,books,2025-12-05 23:10:55,FR,mobile,0
c0d89ed0-4046-41e9-924b-b402514d4328,user_12,1687.46,gaming,2025-12-05 23:10:55,DE,tablet,0
dc57af1d-ac8c-4c39-afbe-40ae5ed17863,user_20,223.72,electronics,2025-12-05 23:10:55,US,desktop,0
1b6f6347-a1d2-4a34-a20f-823b3c122ec7,user_11,17.61,electronics,2025-12-05 23:10:55,CN,tablet,0
0431afac-bdf4-40e4-a2ea-58aca92da349,user_17,1877.42,gaming,2025-12-05 23:10:55,RU,tablet,0
c82edd0e-362b-44df-8f33-e3dc7fdb4890,user_9,305.49,gaming,2025-12-05 23:10:55,US,tablet,0
4b016cd2-9c68-4ecb-b355-e3a41dfa07d6,user_7,672.5,clothing,2025-12-05 23:10:55,US,tablet,0
daa5ea39-91c5-488f-a4b5-aae513d436c2,user_10,1898.97,electronics,2025-12-05 23:10:55,US,tablet,1
7634695c-76dd-4365-b140-dc0b60aab93f,user_18,1301.2,books,2025-12-05 23:10:55,FR,mobile,0
d2defcb1-9ddc-4d63-ad3f-189504e04ef1,user_12,1346.21,books,2025-12-05 23:10:55,US,desktop,0
8ae418ef-d0c4-4867-bab0-6da732e83bac,user_15,415.47,electronics,2025-12-05 23:10:55,DE,desktop,0
13918838-2a79-4145-a86d-77ec2f5a5727,user_13,566.18,clothing,2025-12-05 23:10:55,DE,mobile,0
c9c8dd76-cfe8-418a-8dfb-40afa2529436,user_12,598.14,home,2025-12-05 23:10:55,FR,desktop,0
f5722e27-ce31-4e96-a312-7a2c268a51af,user_17,22.6,books,2025-12-05 23:10:55,US,desktop,0
cae92732-0a64-42e0-84cf-6320b72193f2,user_8,1416.23,clothing,2025-12-05 23:10:55,RU,mobile,0
b3371ea7-083f-4926-add6-63f682c6f69d,user_15,941.43,clothing,2025-12-05 23:10:55,FR,mobile,0
435bed40-d3d8-49ac-b13a-44e9e70cb851,user_16,116.31,home,2025-12-05 23:10:55,CN,desktop,0
22411258-2052-4ac7-8ad4-ba19a0436d1c,user_16,494.1,books,2025-12-05 23:10:55,US,desktop,0
f9403fff-c18f-4026-b342-a14c172fc8b5,user_3,402.56,home,2025-12-05 23:10:55,RU,mobile,0
2cc0edcd-521f-428a-9629-f3f99c9dfc1f,user_1,1968.14,clothing,2025-12-05 23:10:55,FR,tablet,0
4952e32c-5272-4ea2-9c8a-b554d5634043,user_15,1916.97,home,2025-12-05 23:10:55,RU,mobile,0
def8dbb1-dcf3-46cc-9999-e122108c0b2e,user_9,1006.71,clothing,2025-12-05 23:10:55,US,mobile,0
63179bf1-dbe8-4f43-b799-15f0e22e8cf9,user_3,201.33,electronics,2025-12-05 23:10:55,DE,desktop,0
8ca560a8-252e-4ee6-b2eb-d0360b6539b2,user_15,1326.84,electronics,2025-12-05 23:10:55,CN,desktop,1
0d874b95-24bf-45e9-94f6-087ce6421c08,user_9,1213.52,gaming,2025-12-05 23:10:55,FR,tablet,0
a066a106-a952-444b-9ba2-62afb8c08b93,user_11,906.73,books,2025-12-05 23:10:55,FR,mobile,0
da2c2f9e-b63a-48e0-af24-8a87447775e8,user_4,1106.48,electronics,2025-12-05 23:10:55,CN,mobile,1
eb4ecb80-a191-441f-b914-7d77b39d8379,user_20,1610.05,home,2025-12-05 23:10:55,RU,mobile,0
4ac777a5-be10-4387-9f25-da6f168133ef,user_12,1738.19,gaming,2025-12-05 23:10:55,FR,desktop,0
bae31b32-06ea-4b97-acec-1ee7d700eb8f,user_14,627.64,gaming,2025-12-05 23:10:55,CN,mobile,0
07362b55-808d-4235-9ec6-fcb48040ea8d,user_13,203.14,gaming,2025-12-05 23:10:55,DE,mobile,0
a05610ab-2767-40cc-b6e1-8119ce447fa7,user_10,1283.11,home,2025-12-05 23:10:55,DE,tablet,0
9bfe9e95-e4b2-44d5-9bd0-66e4065709f4,user_17,1789.02,gaming,2025-12-05 23:10:55,FR,desktop,0
21e6e06e-8269-41b8-9946-2bca9382366c,user_15,1275.13,books,2025-12-05 23:10:55,FR,tablet,0
cb736b13-e1f7-4900-92ee-e0a4b9c9711f,user_11,1670.56,clothing,2025-12-05 23:10:55,US,desktop,0
0600a8ec-2c18-45a4-9069-2d4e64495cf3,user_18,332.47,electronics,2025-12-05 23:10:55,CN,tablet,0
f8a2dddb-b790-4d10-b044-8a0f4dba93e2,user_9,739.72,electronics,2025-12-05 23:10:55,FR,tablet,0
e0df55fb-fcb0-4870-ab89-4a717f352bc1,user_6,1753.58,gaming,2025-12-05 23:10:55,RU,mobile,1
ee746528-3a7a-4031-a822-5e83624d5ea2,user_4,1020.07,electronics,2025-12-05 23:10:55,US,tablet,1
0a37d620-f527-4e48-a439-8245eb27cc16,user_20,27.79,books,2025-12-05 23:10:55,CN,tablet,0
b3c5aefc-8cee-45d8-b300-e1335ae417a4,user_13,1985.25,electronics,2025-12-05 23:10:55,FR,desktop,1
9dbf2c15-44e4-4431-bacc-39c7ce478a63,user_16,1925.59,clothing,2025-12-05 23:10:55,US,desktop,0
6b02c6c8-ec8c-4c70-a60a-7b7c2ede036c,user_3,1730.81,books,2025-12-05 23:10:55,US,tablet,0
05dc1e99-776d-471a-a3fd-f0c8598e5662,user_9,234.37,gaming,2025-12-05 23:10:55,FR,tablet,0
e00ea7c0-000f-4523-ac69-ea5a1026b918,user_13,921.62,home,2025-12-05 23:10:55,US,mobile,0
48e540e0-55fc-46a7-adc5-e1e1d1407031,user_9,772.6,home,2025-12-05 23:10:55,CN,mobile,0
9b02cc35-8fad-4018-ae5b-ac1920e6da81,user_3,749.29,gaming,2025-12-05 23:10:55,FR,tablet,0
cd19718d-3a47-4e9b-a6ca-d7d6bb57f50e,user_5,1695.35,books,2025-12-05 23:10:55,FR,tablet,0
766d1270-ef46-4245-9345-e96619910bf5,user_15,485.12,gaming,2025-12-05 23:10:55,CN,desktop,0
18b6a5a9-5112-4f00-a9ea-fe3db6928f47,user_12,1010.51,books,2025-12-05 23:10:55,US,mobile,0
fb38c4ac-c9ed-4043-a3bd-bc848d6e492c,user_1,1822.64,books,2025-12-05 23:10:55,DE,desktop,0
652bb082-0b08-42de-aa82-8a33c67e4be0,user_7,1684.36,home,2025-12-05 23:10:55,US,tablet,0
28d495e3-f003-4006-a3b6-82a69adea4e4,user_1,875.79,home,2025-12-05 23:10:55,RU,tablet,0
79d0ac2c-0778-4734-bf6e-dce77b3b8105,user_19,1650.11,books,2025-12-05 23:10:55,DE,desktop,0
8db7ed40-ef39-4125-9e21-e280b8b0d600,user_7,1143.88,books,2025-12-05 23:10:55,DE,desktop,0
d3d4fd79-b999-4866-8311-ba7d6767fe3a,user_4,435.03,home,2025-12-05 23:10:55,DE,desktop,0
01d0e90d-8f08-442f-bf80-54614b1a4f9a,user_3,146.84,gaming,2025-12-05 23:10:55,US,tablet,0
3430220f-b2ed-4312-bc9f-ee3e246406d7,user_20,587.91,clothing,2025-12-05 23:10:55,RU,tablet,0
6353340e-d49e-4d62-b0ae-296b79f70e3b,user_19,1880.21,clothing,2025-12-05 23:10:55,FR,mobile,0
fc8d061d-fb66-4cf8-ab80-f524be7ae9d5,user_10,211.53,home,2025-12-05 23:10:55,FR,mobile,0
6f00ecf1-4f07-4403-9d8f-c9e2c4400fa3,user_9,137.12,books,2025-12-05 23:10:55,DE,tablet,0
d3cbcaca-4eec-4aaf-8846-6046f9cf8f3c,user_3,1776.17,books,2025-12-05 23:10:55,DE,tablet,0
4166a30a-dfa2-4236-a43d-b998e35826a6,user_19,1638.96,electronics,2025-12-05 23:10:55,US,desktop,1
db7bd68e-dd6b-4215-88bb-7c98475adf6a,user_5,23.19,home,2025-12-05 23:10:55,DE,desktop,0
f47745f9-24f1-43aa-b654-9df78d44a5a7,user_17,1866.5,books,2025-12-05 23:10:55,DE,mobile,0
3c9949a7-6b1c-48a1-9f55-fceec19c1098,user_13,511.51,clothing,2025-12-05 23:10:55,DE,desktop,0
99f31a6f-11b1-49ee-8064-60c437bbf4ec,user_7,50.67,home,2025-12-05 23:10:55,US,desktop,0
ce10e7c0-d00f-4833-a46d-feb12e19cd03,user_19,546.87,electronics,2025-12-05 23:10:55,RU,mobile,0
7e6f618f-ba37-49e9-97a5-a3e51597d65c,user_4,455.91,books,2025-12-05 23:10:55,FR,mobile,0
9f584213-7159-4cd0-b391-6b628ad5a913,user_3,1954.24,electronics,2025-12-05 23:10:55,CN,desktop,1
010dfd18-f6b5-4485-b858-f8d0fee71ff1,user_4,1088.74,gaming,2025-12-05 23:10:55,CN,tablet,0
235f715c-6539-4657-8cc6-f2c3b80770cb,user_12,1677.39,books,2025-12-05 23:10:55,RU,mobile,0
4fc1a7b8-78e9-40e9-82b8-ab18d46397a7,user_13,1646.41,clothing,2025-12-05 23:10:55,RU,tablet,0
670b9779-7c3b-431a-a25f-6df603001d81,user_17,413.15,home,2025-12-05 23:10:55,CN,tablet,0
d022c990-2457-4287-8600-94d69a63d2e5,user_13,1281.18,books,2025-12-05 23:10:55,RU,mobile,0
97272daf-19f8-42bc-95da-76855041b188,user_7,466.2,books,2025-12-05 23:10:55,DE,tablet,0
150dcca8-c5b1-4e9e-a10f-2180619b193d,user_12,336.08,home,2025-12-05 23:10:55,RU,mobile,0
57abf26c-bec7-4e1c-8ffe-b4fc8ea5745d,user_11,187.87,clothing,2025-12-05 23:10:55,RU,tablet,0
aeb053ec-13b7-468a-8796-b09c33106e4c,user_11,11.33,books,2025-12-05 23:10:55,US,tablet,0
b7c963d9-cc8e-417f-9943-4ad5ec7fe66a,user_12,1338.83,books,2025-12-05 23:10:55,DE,desktop,0
55b78ccf-8662-4d41-b276-21cb03439eeb,user_18,1607.83,electronics,2025-12-05 23:10:55,FR,mobile,1
0231a397-b334-45db-ba2f-8b955df9a352,user_4,748.03,home,2025-12-05 23:10:55,FR,desktop,0
dd524753-9f88-4520-93bd-6d9989de8451,user_3,487.61,clothing,2025-12-05 23:10:55,CN,mobile,0
43860109-f007-45fb-bbb5-cd39c5623545,user_14,948.25,electronics,2025-12-05 23:10:55,CN,tablet,0
20e42575-946d-4080-aaab-818518e8feff,user_16,48.37,electronics,2025-12-05 23:10:55,RU,tablet,0
75689127-09b0-414a-99b0-e62ceed77f82,user_4,1486.75,electronics,2025-12-05 23:10:55,CN,mobile,1
f34dc794-c47a-4737-b0d0-27df5b0dc8e9,user_14,1947.16,gaming,2025-12-05 23:10:55,FR,mobile,1
b6416563-c6e4-4168-830c-0b6938ad8686,user_4,1067.08,clothing,2025-12-05 23:10:55,CN,tablet,0
f3102fb0-e115-43e1-9340-f396643d997d,user_9,817.54,clothing,2025-12-05 23:10:55,RU,desktop,0
66efa13f-e632-4fbc-9cf9-e7606be0cecf,user_17,91.52,books,2025-12-05 23:10:55,CN,tablet,0
da1999c6-8957-49db-92ad-56226713f989,user_10,1233.34,electronics,2025-12-05 23:10:55,US,mobile,1
88658d8f-fc92-4ddb-9dd9-407bc46beaec,user_8,1809.18,electronics,2025-12-05 23:10:55,FR,mobile,1
75931b92-9f7a-48fc-9bd5-ae2126af5fc1,user_9,995.52,clothing,2025-12-05 23:10:55,DE,mobile,0
134aa8a9-4ab2-4e3c-9b38-520a4d97ae58,user_16,548.52,books,2025-12-05 23:10:55,US,desktop,0
a06dff5c-3279-4efb-bd47-cd283017b4ac,user_17,1468.54,electronics,2025-12-05 23:10:55,CN,tablet,1
2eceeb3a-95d5-445b-adbd-018e029db92e,user_17,1750.52,gaming,2025-12-05 23:10:55,CN,tablet,0
963e835e-da4e-4cdf-b32b-782f30c44849,user_3,829.78,books,2025-12-05 23:10:55,DE,tablet,0
ba4874ac-a77b-4655-bf2c-222f08e5b41c,user_14,324.76,electronics,2025-12-05 23:10:55,FR,mobile,0
599f43e3-854e-4f75-bd57-2ead08aeac35,user_14,632.27,electronics,2025-12-05 23:10:55,FR,mobile,0
aa316ec7-a095-4b47-93ec-4b66ebdc939e,user_7,1600.89,home,2025-12-05 23:10:55,DE,tablet,0
eaba0e66-4480-48ba-8ff9-7f08697c158c,user_18,1281.17,gaming,2025-12-05 23:10:55,RU,tablet,0
5117e5e6-b6f0-44ca-bf65-873c8c4f2f31,user_12,1406.44,books,2025-12-05 23:10:55,RU,desktop,0
df26d58c-a44c-4981-931c-9e575d0c9698,user_9,918.05,electronics,2025-12-05 23:10:55,CN,desktop,0
edbfae4d-8bfc-47b7-b422-2218401eb26d,user_14,1805.52,home,2025-12-05 23:10:55,FR,tablet,0
cdeb58cd-2ea2-49b8-959b-f23cffddf392,user_10,416.48,home,2025-12-05 23:10:55,RU,tablet,0
43cecd07-5e55-4caa-a3c0-fe38720a1e0c,user_7,1673.71,home,2025-12-05 23:10:55,RU,desktop,0
d4b4ccb9-6d21-4f41-a408-b390f9435a6f,user_18,1971.64,electronics,2025-12-05 23:10:55,DE,desktop,1
4f6ca5a1-0d57-4616-88ab-d610accee6fc,user_19,620.96,home,2025-12-05 23:10:55,US,mobile,0
b389a570-af1d-4ca9-94ea-0481aa6d09fa,user_20,773.47,gaming,2025-12-05 23:10:55,FR,mobile,0
c46e5927-1cd8-401f-a8ab-3844caaf6d12,user_10,830.33,gaming,2025-12-05 23:10:55,US,tablet,0
0d50a2a7-ed8b-46bc-a4bb-5494c0f9920b,user_8,1477.16,books,2025-12-05 23:10:55,US,mobile,0
4818d454-09c4-49fe-895e-da713a19bf8c,user_3,24.45,gaming,2025-12-05 23:10:55,RU,desktop,0
9a8e70fd-59a3-4cdf-b4b5-964b4daffc16,user_7,1009.1,books,2025-12-05 23:10:55,FR,tablet,0
6b493f72-09a4-485f-8722-45e569ac2c6d,user_6,942.09,home,2025-12-05 23:10:55,RU,desktop,0
478c3ecd-77a2-4a09-b62a-3fcabca24c76,user_19,666.73,clothing,2025-12-05 23:10:55,US,mobile,0
35b62144-7600-415a-8741-db521293a6b6,user_10,1236.48,electronics,2025-12-05 23:10:55,FR,desktop,1
b9a5f57a-1b33-4425-ae69-fbc3aa8178f8,user_7,837.43,books,2025-12-05 23:10:55,FR,desktop,0
858c2834-0312-45a1-9b27-ef90dcb11e0c,user_11,462.52,gaming,2025-12-05 23:10:55,CN,tablet,0
61f3bb8e-a633-432e-b77e-aa7d56fa9bf7,user_15,1302.15,gaming,2025-12-05 23:10:55,DE,mobile,0
7272578a-fce2-430f-b9e3-d259a02e4927,user_7,528.76,gaming,2025-12-05 23:10:55,RU,tablet,0
db1ec0f6-7cdb-4f31-b40f-bf91e38557b5,user_17,872.24,clothing,2025-12-05 23:10:55,DE,tablet,0
75cc8ae6-3478-4913-bd3c-b52839eed2c3,user_5,1263.23,electronics,2025-12-05 23:10:55,DE,mobile,1
fbe7195f-2c21-47a8-bb0c-f264ab22749e,user_4,345.4,home,2025-12-05 23:10:55,CN,tablet,0
a7144cde-4682-4921-95a1-e1d1e60b5609,user_17,803.42,clothing,2025-12-05 23:10:55,CN,mobile,0
bc1d4d6f-a11a-4b6f-9b5c-5c2f9a2ced53,user_8,1014.8,electronics,2025-12-05 23:10:55,FR,desktop,1
b735cded-afc2-4473-8680-aab2f00aa3e2,user_19,684.92,gaming,2025-12-05 23:10:55,RU,desktop,0
bbede705-facb-415c-8ede-8ab92dbd8d5a,user_4,490.27,gaming,2025-12-05 23:10:55,DE,mobile,0
3a315c3f-3fdb-4f73-bab1-808ecf86b54a,user_15,687.97,electronics,2025-12-05 23:10:55,FR,desktop,0
cfe73d4b-ff69-4c67-9dc6-1ab394823467,user_13,93.92,gaming,2025-12-05 23:10:55,US,tablet,0
659744d1-3ace-497b-8280-6ff520ce8bbf,user_19,608.06,books,2025-12-05 23:10:55,FR,tablet,0
20120c8f-b2b1-444f-bb67-634e4df427e0,user_10,1248.4,electronics,2025-12-05 23:10:55,DE,desktop,1
90340978-9cdf-4c60-81f3-487ab39dd06a,user_7,1976.59,books,2025-12-05 23:10:55,RU,desktop,0
c6effa94-330e-455c-8727-4f2735d02bac,user_9,546.58,clothing,2025-12-05 23:10:55,DE,mobile,0
a33c0ae7-6fa3-4f20-84dc-c57a3749ac6b,user_2,1966.82,electronics,2025-12-05 23:10:55,CN,desktop,1
e308be21-06b6-41df-900a-2e65214a4fdf,user_17,908.34,electronics,2025-12-05 23:10:55,RU,tablet,0
4ff5cf4f-b2a4-4b64-afe0-5d3001490b6e,user_10,1197.82,clothing,2025-12-05 23:10:55,FR,desktop,0
63141f4c-d6b3-4e29-a4fa-841e03a4033b,user_1,785.76,electronics,2025-12-05 23:10:55,CN,tablet,0
f58e5435-891f-4b05-b3c3-240e1c7f8d5a,user_16,1122.23,books,2025-12-05 23:10:55,FR,mobile,0
07db4d7d-eb29-47d6-9b24-f3660ca396b0,user_8,1847.12,gaming,2025-12-05 23:10:55,DE,mobile,1
a4d306e5-ee12-4f09-a7fe-d89a237505ed,user_17,1335.95,clothing,2025-12-05 23:10:55,RU,tablet,0
d93f5a02-e8cb-481d-b132-98e096b89149,user_18,266.64,books,2025-12-05 23:10:55,FR,desktop,0
126d07f8-5a43-4e57-83e8-a35ee0711423,user_13,160.85,gaming,2025-12-05 23:10:55,DE,desktop,0
def29a67-d2cd-42c7-a045-68fea3805437,user_20,1987.28,books,2025-12-05 23:10:55,CN,tablet,0
cd055929-a6b3-4fe3-b73a-47f21d9acbb0,user_7,40.63,electronics,2025-12-05 23:10:55,DE,desktop,0
4de1478c-6939-4e22-8afb-1fb5e3fe8a71,user_15,1187.68,electronics,2025-12-05 23:10:55,US,desktop,1
2491a898-2938-4495-afc0-ee9740aef271,user_20,377.11,books,2025-12-05 23:10:55,DE,desktop,0
565d7dfd-417d-4ee5-89ed-fb28afbed994,user_2,29.36,home,2025-12-05 23:10:55,CN,desktop,0
483006ef-acd5-4b28-a4ec-2f43486ae86c,user_5,32.88,gaming,2025-12-05 23:10:55,FR,tablet,0
d593dab7-2add-48b5-92b3-56d28c4a3270,user_9,1603.31,home,2025-12-05 23:10:55,FR,mobile,0
3f2d41d4-9312-41e7-be7a-ed2afea4732a,user_2,1404.2,books,2025-12-05 23:10:55,RU,desktop,0
55298355-863e-47d4-a960-000b6efa2414,user_4,331.08,gaming,2025-12-05 23:10:55,US,tablet,0
3b3e9122-c84d-492e-98f8-b4a128bd6a05,user_16,487.43,gaming,2025-12-05 23:10:55,FR,tablet,0
08aeeb06-0836-4a1c-9728-71bfb178fcb5,user_10,206.76,home,2025-12-05 23:10:55,CN,mobile,0
6a4f470c-13be-41ab-9dcf-dc7feae5a7b1,user_16,228.18,books,2025-12-05 23:10:55,FR,mobile,0
7f73ed64-19b4-4755-99ab-261dccfcd2b4,user_13,1812.81,home,2025-12-05 23:10:55,RU,desktop,0
ee106526-7338-4274-a29e-d4fccdb33a59,user_20,1987.87,clothing,2025-12-05 23:10:55,FR,desktop,0
21c8e668-f4d5-4dcb-bb44-822613319619,user_7,959.94,books,2025-12-05 23:10:55,FR,tablet,0
2ed51369-8d52-47a2-aa2b-48e48734f33f,user_13,750.53,electronics,2025-12-05 23:10:55,US,desktop,0
412b6876-819e-499f-9598-bb55a1b35449,user_8,1152.81,electronics,2025-12-05 23:10:55,US,mobile,1
de2291a5-03ae-4fe8-b432-a398df36f89f,user_16,1666.46,home,2025-12-05 23:10:55,DE,mobile,0
247c90d8-dd62-4f3c-a3a8-f5c3ed2aec31,user_9,1307.68,clothing,2025-12-05 23:10:55,RU,mobile,0
909a26e5-5c81-44a5-92e4-9b94e5aea41f,user_19,1757.83,clothing,2025-12-05 23:10:55,FR,mobile,0
0bf3570a-b106-42d4-be9a-f2e440fb77df,user_5,1712.54,home,2025-12-05 23:10:55,US,mobile,0
aea762d1-53ba-4eeb-9eb3-bdd08fb92b84,user_16,1955.59,clothing,2025-12-05 23:10:55,FR,desktop,0
e9c21790-fbec-4463-bb3a-b7c7184184a3,user_1,456.05,books,2025-12-05 23:10:55,CN,desktop,0
12a05669-01c6-4527-bbb2-f4c607867ba9,user_16,1665.32,electronics,2025-12-05 23:10:55,US,desktop,1
623ae9d7-6324-4142-b31f-e70e528441c1,user_15,938.19,gaming,2025-12-05 23:10:55,RU,tablet,0
bfac4533-9af9-4913-a523-b92b325050c0,user_17,112.72,clothing,2025-12-05 23:10:55,FR,mobile,0
6a25f9b0-2929-4d1c-af1c-c3b7d3dab980,user_6,648.38,home,2025-12-05 23:10:55,FR,tablet,0
e42d3d3a-2509-4c7a-992e-d9a2dac17cc8,user_17,279.0,gaming,2025-12-05 23:10:55,DE,mobile,0
3f2f24ac-f159-4aa7-acda-7bbc8ab23513,user_10,148.69,clothing,2025-12-05 23:10:55,RU,mobile,0
42c4caa9-b5be-40a0-9dca-0fa37b0d4e5b,user_3,1686.13,gaming,2025-12-05 23:10:55,CN,tablet,0
844b4dd2-ce3a-4cf5-828e-5bad1b5d6624,user_6,326.48,home,2025-12-05 23:10:55,US,tablet,0
d25fcd18-2792-4671-81a5-3f0acfad613b,user_17,799.83,books,2025-12-05 23:10:55,DE,tablet,0
e05616e3-5104-4bf6-8bad-9f5e433758e3,user_18,146.16,gaming,2025-12-05 23:10:55,US,mobile,0
4f610ec6-5872-4a8b-9515-ec3ff2f06843,user_1,420.93,home,2025-12-05 23:10:55,FR,tablet,0
2792927f-bb0f-4866-9bd5-385fbf1b9156,user_20,1665.04,home,2025-12-05 23:10:55,CN,desktop,0
364bcb94-392b-47f0-b345-358b490e4eb0,user_17,904.01,books,2025-12-05 23:10:55,US,mobile,0
8c454001-8ec1-4917-897d-33b5da684459,user_18,1763.12,clothing,2025-12-05 23:10:55,FR,mobile,0
d592c37f-02e9-4c0b-a073-768c2b239fd4,user_10,782.35,electronics,2025-12-05 23:10:55,RU,tablet,0
e4b2c60f-5739-44ce-8d64-66908158f020,user_12,1462.14,electronics,2025-12-05 23:10:55,RU,tablet,1
fd060b76-3cf8-4d80-9220-aa1b414660a0,user_15,925.63,books,2025-12-05 23:10:55,FR,tablet,0
69fdec7f-616f-4e41-8054-2657322cb89a,user_13,1423.29,clothing,2025-12-05 23:10:55,DE,tablet,0
b96cb98a-f865-46c2-9612-7df302e73d65,user_13,1375.81,gaming,2025-12-05 23:10:55,RU,desktop,0
982c05a0-7747-41b6-bdb1-b14ed1634a44,user_16,520.55,gaming,2025-12-05 23:10:55,FR,mobile,0
200f1c1a-e619-420d-bd1d-41bd988ef23e,user_17,279.0,electronics,2025-12-05 23:10:55,FR,tablet,0
0de5aca9-27ed-4be0-af4a-8d09deda5a18,user_18,771.91,gaming,2025-12-05 23:10:55,DE,desktop,0
c2f767a0-5c1a-4912-af0d-25897e370d1d,user_9,1631.05,clothing,2025-12-05 23:10:55,US,desktop,0
5413080b-5316-445b-919b-a62e48cbfbd4,user_9,1172.05,clothing,2025-12-05 23:10:55,US,mobile,0
1905cb10-bb45-466e-90ca-4cef33fc92fc,user_13,957.23,electronics,2025-12-05 23:10:55,RU,desktop,0
cc995bca-f62e-4cee-8d33-6076196467a8,user_9,1365.06,clothing,2025-12-05 23:10:55,FR,desktop,0
e5d6ce3e-34df-460b-b1ca-823f9157c91a,user_2,1289.31,electronics,2025-12-05 23:10:55,RU,tablet,1
7e441a11-6804-4b3a-b85c-14803a123131,user_18,1392.84,electronics,2025-12-05 23:10:55,CN,desktop,1
27673f7a-1d30-4d04-a7e8-7c1d86d14723,user_14,1755.61,gaming,2025-12-05 23:10:55,RU,tablet,0
713514c7-4721-4a03-8fe0-06132a4752e5,user_18,185.74,electronics,2025-12-05 23:10:55,US,tablet,0
3bd64289-3471-46ea-8c28-df01a6a58a96,user_13,829.25,clothing,2025-12-05 23:10:55,US,tablet,0
a776de00-cc03-420d-8883-db4bcc993fae,user_16,896.57,clothing,2025-12-05 23:10:55,DE,desktop,0
93b7c5a2-eeef-4424-9337-e4423ba08a9c,user_2,891.21,gaming,2025-12-05 23:10:55,DE,tablet,0
50dcdae3-8ef9-46c9-8f8b-5ed4d4457c8a,user_3,520.19,electronics,2025-12-05 23:10:55,CN,desktop,0
2ef59ea7-752e-480c-8c8a-4c5f70c3ee6e,user_17,575.97,electronics,2025-12-05 23:10:55,DE,tablet,0
944e518b-1acc-496b-9a41-af73fbe4170c,user_7,1479.73,books,2025-12-05 23:10:55,RU,mobile,0
ad7d0d37-e753-4c26-ad0d-7f0d0ddea185,user_13,518.2,electronics,2025-12-05 23:10:55,CN,mobile,0
2baf0bbe-d9db-42e6-b240-d49453fbb669,user_7,1890.13,clothing,2025-12-05 23:10:55,CN,tablet,0
10fbb955-a8cd-42eb-be58-e707f835c3e8,user_15,316.25,home,2025-12-05 23:10:55,CN,mobile,0
c6bbff72-8cea-4de8-a924-03ee0755a221,user_4,671.98,home,2025-12-05 23:10:55,CN,mobile,0
134ec773-dd3b-4eab-af15-3e8e87890b2e,user_5,829.78,home,2025-12-05 23:10:55,US,mobile,0
942460d3-ab96-4d3f-b28e-c5077b34e7f2,user_19,881.69,books,2025-12-05 23:10:55,DE,tablet,0
16cdce94-611b-4da0-9398-839e4254b887,user_20,1991.02,clothing,2025-12-05 23:10:55,CN,tablet,0
a6c61dae-fe90-4d78-9709-776f8744e006,user_16,389.5,home,2025-12-05 23:10:55,RU,mobile,0
d139de9f-64d1-4df8-95b7-a5741ca6bef7,user_14,1976.52,books,2025-12-05 23:10:55,CN,tablet,0
60e30191-5c61-4543-8504-482f19c90c7c,user_8,642.14,gaming,2025-12-05 23:10:55,FR,mobile,0
2b5f0848-f74c-4318-b907-792b9598fea6,user_17,486.76,books,2025-12-05 23:10:55,RU,tablet,0
dbed5636-c144-437d-943c-5399ce2f7ce7,user_20,667.24,books,2025-12-05 23:10:55,US,tablet,0
8de4f788-c2fd-4e72-88c7-cb0e227e4cbf,user_18,1866.53,books,2025-12-05 23:10:55,CN,tablet,0
2f207f94-4b23-4ccc-a735-58a3add3b7f7,user_16,1899.66,electronics,2025-12-05 23:10:55,RU,desktop,1
13f97736-3d12-45db-8105-12107e894c0e,user_8,1230.64,home,2025-12-05 23:10:55,FR,desktop,0
67d948c6-0278-4050-95e4-2b3f8769a65b,user_6,971.5,home,2025-12-05 23:10:55,US,desktop,0
e71920ec-a2c2-4f6f-a689-04d8b7c9967e,user_3,274.48,gaming,2025-12-05 23:10:55,CN,tablet,0
0792d0b7-1413-42a9-b353-b3048faf2f02,user_18,923.65,books,2025-12-05 23:10:55,DE,tablet,0
235d10e4-b02a-4018-9b6c-b5fead7b8849,user_19,1996.05,clothing,2025-12-05 23:10:55,US,mobile,0
ddeb8046-1a5b-49e0-8003-fe0a504fe616,user_20,468.07,gaming,2025-12-05 23:10:55,FR,mobile,0
264bd3b2-1b1b-4956-aa61-47b8d6ead21d,user_3,1314.07,clothing,2025-12-05 23:10:55,CN,desktop,0
83b00bce-3e7f-44e8-bc35-a1d0442d9c45,user_17,1342.31,gaming,2025-12-05 23:10:55,FR,mobile,0
3968751c-7756-4e59-95a9-a71872d138b4,user_17,1740.27,home,2025-12-05 23:10:55,US,mobile,0
3cb629b3-e707-465f-9d2e-1e2c6b45d77f,user_19,1984.39,electronics,2025-12-05 23:10:55,FR,desktop,1
49e41943-d9e2-4366-b930-f02c5995a571,user_17,1536.79,books,2025-12-05 23:10:55,CN,mobile,0
8a3662c7-4e8c-4467-8d5d-f5e8dc535bc8,user_14,849.75,books,2025-12-05 23:10:55,US,desktop,0
1d11855d-f337-4957-ad15-c370302b3d70,user_20,973.66,books,2025-12-05 23:10:55,DE,tablet,0
c3e4e794-7c14-4028-8762-340909f99e27,user_15,1079.18,home,2025-12-05 23:10:55,FR,tablet,0
5d727268-8554-433c-97e0-869e6117d9b5,user_14,695.68,gaming,2025-12-05 23:10:55,US,tablet,0
7a66c89b-507d-43ad-9143-fd3e6cbb222d,user_15,1555.15,clothing,2025-12-05 23:10:55,RU,desktop,0
ab98bac6-37b5-42a9-8339-3561442b4dcb,user_3,1869.72,gaming,2025-12-05 23:10:55,RU,tablet,0
562962dd-11ff-4bfc-923d-bf7b37e2dfc1,user_14,1103.56,electronics,2025-12-05 23:10:55,DE,desktop,1
2e49137d-eb7f-495d-9838-9f5d5ccb8339,user_18,825.35,electronics,2025-12-05 23:10:55,CN,mobile,0
59896bc0-0a2f-4134-bf6a-7706ec496de4,user_13,810.29,electronics,2025-12-05 23:10:55,FR,tablet,0
e3aa5893-89e9-45a3-9557-cde965a6973c,user_3,1691.98,gaming,2025-12-05 23:10:55,US,mobile,1
7f66a2bf-1734-440a-a7f0-2f2cd08f7558,user_16,1.93,gaming,2025-12-05 23:10:55,US,mobile,0
8ae8d95b-f5d0-421c-aa0b-950ea15c65f3,user_3,1748.42,electronics,2025-12-05 23:10:55,DE,mobile,1
72993245-c52d-4cce-89a1-2ee6bf141e5f,user_1,1956.71,electronics,2025-12-05 23:10:55,RU,tablet,1
5f944990-0197-40c4-b0b3-780670800b68,user_9,66.79,books,2025-12-05 23:10:55,DE,desktop,0
abbffefd-e5b4-4401-838d-ae87c1ac5cdc,user_20,150.4,books,2025-12-05 23:10:55,FR,desktop,0
c22d5d5d-e52f-4518-820d-0db4bd51c413,user_19,420.38,books,2025-12-05 23:10:55,DE,desktop,0
c7251a94-adbd-45c8-bb9f-747b6d78e430,user_9,530.23,electronics,2025-12-05 23:10:55,RU,tablet,0
3cd5f9c2-cf3f-45b2-aa8e-60f1a90a83d6,user_2,225.34,books,2025-12-05 23:10:55,FR,tablet,0
01dd5399-4bd1-4687-b173-1b91ef27b608,user_20,1789.6,home,2025-12-05 23:10:55,RU,desktop,0
b67ee1c0-348a-4001-b112-41d4d4e31aa5,user_17,689.62,home,2025-12-05 23:10:55,FR,tablet,0
0fbdc897-8038-4d65-94a3-d51eea29d64e,user_10,610.51,gaming,2025-12-05 23:10:55,DE,mobile,0
59924cb4-afc9-4720-bf6d-07816da3cec5,user_10,722.42,home,2025-12-05 23:10:55,DE,mobile,0
7196e4f8-3762-4606-9197-0084b89990ca,user_11,1353.09,books,2025-12-05 23:10:55,US,desktop,0
6ee75bd7-8f96-4ccc-bafa-57040b86c315,user_20,264.58,gaming,2025-12-05 23:10:55,DE,desktop,0
c02fa6ac-8fde-4f63-9a20-50b7d396749d,user_20,1970.2,home,2025-12-05 23:10:55,DE,desktop,0
4bf7d4a9-9731-4ca1-8651-1f4221f99598,user_5,1700.31,home,2025-12-05 23:10:55,FR,mobile,0
798d8470-19b5-4613-b7c4-b482f91f4b80,user_7,294.57,books,2025-12-05 23:10:55,DE,tablet,0
fa106796-d05a-4a31-995a-c1f69edd4c35,user_11,1088.03,books,2025-12-05 23:10:55,US,mobile,0
31f314ad-b773-4139-9e15-7d361b987234,user_19,754.52,home,2025-12-05 23:10:55,CN,desktop,0
7de97ca9-d471-4702-9fc8-faeac1f45491,user_15,1058.37,books,2025-12-05 23:10:55,CN,tablet,0
d1c92f2c-3050-4bbc-86c7-b1c22cc8f49b,user_2,1048.43,books,2025-12-05 23:10:55,CN,tablet,0
093252f3-0da5-4ddf-9c6d-e283512a7d0a,user_1,56.39,clothing,2025-12-05 23:10:55,RU,tablet,0
54fc88c3-1c6b-4f1c-a554-b9ec36182954,user_15,299.22,gaming,2025-12-05 23:10:55,RU,mobile,0
eec42c51-ce2a-4b8e-b0bf-2d470c558147,user_12,1534.38,electronics,2025-12-05 23:10:55,RU,mobile,1
39667bd2-8cea-48d5-a045-4521ab106ba6,user_18,792.6,clothing,2025-12-05 23:10:55,DE,tablet,0
35980315-87df-4a33-955e-a25a3a0c6b0a,user_9,600.82,books,2025-12-05 23:10:55,RU,desktop,0
b2709232-cd37-476d-a737-40d9921635e7,user_3,759.62,books,2025-12-05 23:10:55,CN,mobile,0
3d02a1f7-0cc6-481e-ab05-a6ea56edf4fe,user_12,1145.49,books,2025-12-05 23:10:55,RU,desktop,0
c2c5d207-71c1-41a2-b3f0-a429dbfc9ab7,user_4,248.72,gaming,2025-12-05 23:10:55,FR,tablet,0
57bc7cc6-bae8-49e9-b937-1f151533b6fd,user_8,148.68,gaming,2025-12-05 23:10:55,FR,mobile,0
3d42d1a7-cafe-40be-8aa8-53628688736b,user_16,1376.04,home,2025-12-05 23:10:55,US,tablet,0
4ce5fd08-f772-4802-b648-62cc03816e5b,user_20,410.24,books,2025-12-05 23:10:55,RU,desktop,0
2c78ee50-3eaa-410e-b49d-f13f1705b1ce,user_3,1883.15,home,2025-12-05 23:10:55,CN,mobile,0
816ebfe3-4b72-4c46-b5ad-856ecc7ddc5a,user_11,1626.66,clothing,2025-12-05 23:10:55,FR,tablet,0
987e0726-9776-4349-8612-20ca66606a25,user_7,1021.58,clothing,2025-12-05 23:10:55,CN,mobile,0
02ae22e6-f428-4441-9145-1d6442c092c5,user_13,155.69,electronics,2025-12-05 23:10:55,US,mobile,0
70850d30-a038-47c0-b322-6408f37d4b8a,user_16,1531.49,books,2025-12-05 23:10:55,DE,tablet,0
3e946d8b-c249-41a8-94e9-699cb8c75881,user_3,1074.39,gaming,2025-12-05 23:10:55,RU,desktop,0
93ccc93c-8bbe-484a-abaa-7e6a89b1af63,user_15,1493.17,books,2025-12-05 23:10:55,RU,mobile,0
cf177148-4808-4418-be22-3d051f1e9a42,user_8,218.33,clothing,2025-12-05 23:10:55,DE,desktop,0
bb13f6f9-b648-4132-bf7c-eb994134d5e4,user_10,37.37,clothing,2025-12-05 23:10:55,CN,mobile,0
80eb2991-9b7d-49e6-8d5b-5f89602e12d9,user_11,434.03,gaming,2025-12-05 23:10:55,RU,tablet,0
318459c1-7fa2-468f-b6ae-cbe0977d9b5b,user_15,1842.76,home,2025-12-05 23:10:55,CN,tablet,0
4a6326ac-fda1-4c9a-963b-d3579867c952,user_15,1136.07,clothing,2025-12-05 23:10:55,DE,tablet,0
af385719-0c4a-4b84-bce7-7dcf78cf70a7,user_4,961.94,electronics,2025-12-05 23:10:55,DE,mobile,0
ba594df1-7df6-4726-86ee-916da435649f,user_2,1704.85,electronics,2025-12-05 23:10:55,FR,mobile,1
e3cb15ea-6bc6-4039-9e06-5fee066c0ab4,user_12,646.84,home,2025-12-05 23:10:55,DE,desktop,0
c008d163-6473-4676-b2e6-e365c8dcf9e4,user_2,1916.37,gaming,2025-12-05 23:10:55,FR,tablet,0
5a4670f3-b6e8-4014-8283-efe3d057a279,user_16,726.49,clothing,2025-12-05 23:10:55,RU,desktop,0
9a05fd69-7569-4755-8611-06bd3a97724c,user_20,1970.27,home,2025-12-05 23:10:55,US,mobile,0
fcb3e9a7-8796-4cfd-b593-7effb1c7691d,user_8,1444.41,clothing,2025-12-05 23:10:55,RU,mobile,0
3b0869ef-1914-4a18-9f69-ac542ec54a29,user_2,447.4,home,2025-12-05 23:10:55,DE,desktop,0
1e011622-9d05-44d2-b3af-2c51664856da,user_7,1990.23,gaming,2025-12-05 23:10:55,FR,tablet,0
55322928-96a1-4d52-ac39-1e0534c9f32d,user_12,1468.77,electronics,2025-12-05 23:10:55,FR,mobile,1
470b510b-07fb-4b49-a572-ce104aa22376,user_2,775.6,electronics,2025-12-05 23:10:55,FR,desktop,0
6310f625-ec88-4c12-973b-1d6c5edffab7,user_6,420.02,home,2025-12-05 23:10:55,CN,desktop,0
7f03cea7-a28d-447f-92cb-92fe8f1ba265,user_20,139.8,home,2025-12-05 23:10:55,RU,tablet,0
6612c5b1-25a9-4b5c-abb2-5025b68c4249,user_17,982.88,clothing,2025-12-05 23:10:55,FR,desktop,0
300a35a6-3e1d-4c9f-9a28-d326090c7775,user_9,581.5,home,2025-12-05 23:10:55,CN,mobile,0
7c486ee3-4ed2-4193-aa4c-747f235fe323,user_16,1707.91,electronics,2025-12-05 23:10:55,FR,desktop,1
0e328fd3-7415-4091-8d6d-ad20d90bc6a3,user_10,1581.37,home,2025-12-05 23:10:55,FR,desktop,0
051c5413-9a32-4a77-9f2e-7d0ac95cc6f3,user_2,95.96,books,2025-12-05 23:10:55,CN,tablet,0
3f5c3dd1-aaac-41d3-a1e6-de4d9a9c3934,user_16,878.46,clothing,2025-12-05 23:10:55,FR,tablet,0
948b8392-d41d-45bb-b9ce-aa97b2bfc598,user_8,654.75,clothing,2025-12-05 23:10:55,US,mobile,0
5602991d-d44a-4220-98fc-7f84bc13f8de,user_7,891.55,gaming,2025-12-05 23:10:55,RU,tablet,0
861e2491-9deb-4d68-b5dc-55bde01e2c32,user_6,1370.79,clothing,2025-12-05 23:10:55,DE,tablet,0
fbdcd421-20cb-4676-ac50-cd3e379dec30,user_13,140.62,home,2025-12-05 23:10:55,RU,tablet,0
9b91f307-1866-4d68-9b20-98f4a96e1c3c,user_5,66.23,clothing,2025-12-05 23:10:55,FR,mobile,0
68b0bd5a-3600-4c15-9d0e-3724b21474ea,user_9,734.38,home,2025-12-05 23:10:55,FR,mobile,0
82b349a3-6477-441b-8e49-f3418bca8c8a,user_11,1949.19,home,2025-12-05 23:10:55,FR,tablet,0
f8b6460c-e620-46cd-9771-e02dbe4abc04,user_6,1623.27,gaming,2025-12-05 23:10:55,DE,tablet,0
0f639b84-0f7b-4d5c-a586-64ab50e86861,user_19,965.89,home,2025-12-05 23:10:55,US,desktop,0
601cfcec-4297-4077-a729-ab3812e25038,user_17,1388.03,gaming,2025-12-05 23:10:55,US,desktop,0
397371c5-638d-4351-872a-636cdfa280c1,user_1,753.53,clothing,2025-12-05 23:10:55,CN,desktop,0
a26cf2c8-83d5-46fd-8319-0c380bf2a3eb,user_7,1273.65,home,2025-12-05 23:10:55,CN,mobile,0
bb3de125-2e9b-4c5b-8796-d58e3f883b57,user_15,1680.68,electronics,2025-12-05 23:10:55,US,mobile,1
2e11feaa-5736-4f0d-b1a8-cc721c8f7b5e,user_5,1513.58,gaming,2025-12-05 23:10:55,US,tablet,0
7be0516e-50af-49bb-a9ff-1a00544e93a3,user_3,428.86,gaming,2025-12-05 23:10:55,DE,tablet,0
6d39a096-2372-4115-a867-d90783d82148,user_18,1613.46,gaming,2025-12-05 23:10:55,RU,desktop,0
4ea29900-77a0-4471-9005-2f6c3d167ea3,user_14,100.35,gaming,2025-12-05 23:10:55,FR,tablet,0
faf2d2c9-e176-48b4-a287-a74d85de8db7,user_15,1969.27,gaming,2025-12-05 23:10:55,RU,tablet,0
09be0935-716c-44fb-a6de-45abec8e5d3f,user_1,1884.61,home,2025-12-05 23:10:55,US,mobile,0
5f55d2e6-1f3f-4eb1-b120-e0e7f5cdf0b2,user_1,1449.36,home,2025-12-05 23:10:55,US,tablet,0
548cd18e-1ad6-47e7-8271-67e762addb1b,user_18,1173.14,electronics,2025-12-05 23:10:55,FR,desktop,1
a0183410-8003-4385-b92c-9e4c48201c97,user_11,1512.92,clothing,2025-12-05 23:10:55,CN,mobile,0
ff084435-6514-4717-b0ab-cb49c3aa9a4f,user_10,536.38,home,2025-12-05 23:10:55,RU,desktop,0
2b488fc2-d4e8-4d66-a4ac-eaef4aa6d4d6,user_20,96.54,clothing,2025-12-05 23:10:55,CN,desktop,0
9d9e8423-6788-4cb3-9e53-004a88952c77,user_20,1776.81,clothing,2025-12-05 23:10:55,FR,desktop,0
e407e3a8-5785-46d2-9789-b675216e8c39,user_19,1379.74,home,2025-12-05 23:10:55,CN,tablet,0
4d6e3426-a7d7-4944-bbe0-13cc4ba08dd4,user_17,318.9,electronics,2025-12-05 23:10:55,DE,tablet,0
7ff73adc-8034-448c-bfae-2a89ae05bca1,user_15,206.13,electronics,2025-12-05 23:10:55,RU,tablet,0
9d8bff7a-24b5-4e4a-8b71-f006ab7ae28a,user_16,749.12,electronics,2025-12-05 23:10:55,CN,tablet,0
336f4f40-2083-4029-9f6d-d080eb11d131,user_15,852.35,gaming,2025-12-05 23:10:55,FR,mobile,0
53a24eea-11c3-4f3e-aecf-652f5fa708ea,user_18,1554.39,home,2025-12-05 23:10:55,FR,tablet,0
45b1cc56-bab5-4458-8d3d-6e89f5263ea2,user_8,180.09,home,2025-12-05 23:10:55,DE,tablet,0
f00c2056-41e7-4a5f-a691-7032b23e71b9,user_18,1786.34,books,2025-12-05 23:10:55,CN,desktop,0
0c801799-2d58-4681-b49e-b9a16107eaee,user_17,1165.23,clothing,2025-12-05 23:10:55,DE,mobile,0
12f2e1c2-2f50-4ffb-afab-0d333d5ad414,user_13,45.62,books,2025-12-05 23:10:55,DE,mobile,0
6757c790-a6bc-4822-95c6-eeb2f0f72ce7,user_4,1623.78,books,2025-12-05 23:10:55,RU,desktop,0
da048e58-0b84-4d3f-9739-f6f0da0c58db,user_13,345.86,books,2025-12-05 23:10:55,US,tablet,0
71c34c64-a535-4aa2-9cad-97543fb5c346,user_10,1844.61,books,2025-12-05 23:10:55,US,mobile,0
11bfdcd8-7c59-4e2a-b886-028a83590ad3,user_8,1794.51,books,2025-12-05 23:10:55,CN,tablet,0
7f503303-f787-4bca-8566-ea5d13d4b70b,user_7,555.95,gaming,2025-12-05 23:10:55,RU,mobile,0
f21ce3e7-6d28-4d0f-9cc4-986272f4252b,user_18,57.18,electronics,2025-12-05 23:10:55,US,desktop,0
2ae0319e-d5a8-43c6-9819-69ef79177d26,user_14,1932.38,home,2025-12-05 23:10:55,DE,desktop,0
bb376076-2dd3-415e-b553-429f7e70baab,user_14,548.92,clothing,2025-12-05 23:10:55,DE,tablet,0
84599220-24ba-47e0-bcc3-ab5123e24ce3,user_9,1176.93,electronics,2025-12-05 23:10:55,FR,mobile,1
bc2ef48b-22f5-42de-ae6c-624cc10e93ad,user_4,102.89,books,2025-12-05 23:10:55,FR,tablet,0
cb147d5c-d458-40ce-a5aa-5f68f1d166a6,user_6,1446.15,books,2025-12-05 23:10:55,RU,mobile,0
2fff831d-f91a-4185-aeaf-4db1b85a5ec1,user_4,951.43,gaming,2025-12-05 23:10:55,DE,mobile,0
92dd6953-7f13-4943-bffc-4625d1e12154,user_11,1006.91,clothing,2025-12-05 23:10:55,RU,tablet,0
5008de36-65b2-4d25-8f19-79424d403147,user_5,659.33,home,2025-12-05 23:10:55,CN,mobile,0
41e5648f-21f9-4be8-8668-a0286af4889a,user_10,1907.58,home,2025-12-05 23:10:55,DE,tablet,0
5b01ce7d-99fe-4ee9-b711-dec22154e4d9,user_16,181.49,books,2025-12-05 23:10:55,DE,desktop,0
b552918c-0398-49e0-998c-5a329013956f,user_7,905.83,clothing,2025-12-05 23:10:55,FR,desktop,0
e366e11c-4b67-4d81-abd7-92234d79452b,user_7,1851.27,gaming,2025-12-05 23:10:55,FR,tablet,0
1b97e430-cfe7-46ba-8fce-6302be1c2f53,user_3,927.9,home,2025-12-05 23:10:55,DE,mobile,0
84ca6df9-5c69-40c6-af23-37bf99a197b8,user_11,387.77,clothing,2025-12-05 23:10:55,DE,tablet,0
7aba4302-4600-4cb5-91c9-b3e7ab06bb5f,user_12,663.7,clothing,2025-12-05 23:10:55,US,tablet,0
d324b681-070d-4c97-8cf2-e8372f71e431,user_12,1735.0,electronics,2025-12-05 23:10:55,CN,tablet,1
44abfb21-30eb-4850-bc0d-573bd8231bd7,user_20,707.22,books,2025-12-05 23:10:55,DE,mobile,0
6ae3fb63-b3e9-4861-85d8-093505821cac,user_20,1689.49,home,2025-12-05 23:10:55,CN,mobile,0
ba3dd902-5136-4f9d-beb1-0b96b78f6965,user_1,1444.96,electronics,2025-12-05 23:10:55,RU,tablet,1
7ed6a93e-8bf1-43d0-b36e-2ddcd524cf6a,user_7,989.07,gaming,2025-12-05 23:10:55,RU,tablet,0
427e7a5e-863d-4861-9231-e7c6b5fe916c,user_20,666.42,gaming,2025-12-05 23:10:55,US,desktop,0
0a5c28d4-d7fb-407f-8419-d2186bf793f5,user_1,932.85,gaming,2025-12-05 23:10:55,CN,mobile,0
34a17b55-5b0e-432f-a32e-4d20f86dc9a4,user_13,608.5,gaming,2025-12-05 23:10:55,DE,desktop,0
6618d02a-82af-4e62-8b15-ec272c1a543c,user_14,273.79,clothing,2025-12-05 23:10:55,US,mobile,0
c62b19b8-75e1-415c-a48b-b723fb182668,user_3,1418.26,books,2025-12-05 23:10:55,US,mobile,0
c534bcba-4aba-4b4a-8834-be614be0b4f0,user_2,585.84,home,2025-12-05 23:10:55,RU,mobile,0
ae19b5b5-8213-4edf-91e0-acb6c468caf7,user_1,1149.51,gaming,2025-12-05 23:10:55,DE,tablet,0
ee719d31-2071-4b0c-b5a1-06ec88781387,user_11,587.35,gaming,2025-12-05 23:10:55,DE,mobile,0
da3ba58a-5969-41f0-aa21-f85bd2e68172,user_14,508.72,gaming,2025-12-05 23:10:55,FR,mobile,0
4be54588-54cd-4dd5-9513-6cca2866f902,user_6,1887.63,home,2025-12-05 23:10:55,FR,tablet,0
d85273c5-f99a-4246-b193-e515860111f7,user_1,643.07,gaming,2025-12-05 23:10:55,RU,tablet,0
8c08bf61-5b4d-44b6-85ec-f8001ae967d5,user_19,516.63,electronics,2025-12-05 23:10:55,CN,tablet,0
81ddc072-a023-4440-954c-909e626e9a80,user_16,1530.43,clothing,2025-12-05 23:10:55,CN,desktop,0
18db652e-ecb1-49b1-9cca-cd4a1fd57d28,user_10,537.74,clothing,2025-12-05 23:10:55,FR,tablet,0
7f1ccd26-a8a7-423e-ae20-b7fcc4cbba52,user_13,1620.96,gaming,2025-12-05 23:10:55,FR,desktop,0
1d5213f6-e22b-426c-993e-50bc82fb8626,user_2,1094.75,gaming,2025-12-05 23:10:55,RU,desktop,0
49c5a1d6-6ab5-4c0a-9f6b-8b5f3409a212,user_1,4.26,home,2025-12-05 23:10:55,CN,mobile,0
18ac848e-eb3f-4541-bce3-4de2dd3e975f,user_19,537.28,books,2025-12-05 23:10:55,FR,mobile,0
37b74181-23f4-4f4d-a221-761a5bf6225c,user_7,1701.04,clothing,2025-12-05 23:10:55,FR,mobile,0
9e6fa094-fbdf-4654-b8b0-d5f00522d6c6,user_20,1628.3,electronics,2025-12-05 23:10:55,FR,tablet,1
fd028ce2-7277-4963-84f4-e631af68bc82,user_4,314.82,home,2025-12-05 23:10:55,US,tablet,0
f52b03b1-2af9-455b-9701-ea8706fa7028,user_9,210.88,clothing,2025-12-05 23:10:55,US,desktop,0
768a61f4-7b03-4965-9b1f-3370f54a1457,user_1,1427.2,books,2025-12-05 23:10:55,DE,mobile,0
0535400e-426e-4e20-b950-fb143ca0b85a,user_11,903.41,electronics,2025-12-05 23:10:55,DE,tablet,0
3404d13e-c7d7-4b5e-ba2d-8e22dcd8d0ae,user_13,510.04,books,2025-12-05 23:10:55,DE,desktop,0
86e6ca22-16f7-47d2-9575-07d760a56025,user_14,34.13,home,2025-12-05 23:10:55,FR,desktop,0
492eda0f-a37a-475b-9505-003a98ff7795,user_13,391.81,books,2025-12-05 23:10:55,DE,tablet,0
1ce304ae-babf-40eb-90b4-30f75a858449,user_13,1319.87,electronics,2025-12-05 23:10:55,DE,desktop,1
2a551a3e-9c6a-469b-a5c9-778bcd17e4cb,user_14,1679.14,gaming,2025-12-05 23:10:55,DE,mobile,1
968f9e08-c904-43f7-9550-03f19347fed2,user_4,1984.9,books,2025-12-05 23:10:55,RU,mobile,0
7d60bace-c662-42e7-895c-a437fbc73e41,user_2,1107.07,books,2025-12-05 23:10:55,CN,tablet,0
f7e980b4-cbd6-42d5-83e7-e5cf11ba5da4,user_16,992.55,electronics,2025-12-05 23:10:55,US,desktop,0
d086af9b-9d51-42bb-82c3-76e8cb00f96c,user_12,300.13,books,2025-12-05 23:10:55,RU,desktop,0
0d94733e-a16f-4c08-8f67-3bfb87b6ed46,user_1,677.26,electronics,2025-12-05 23:10:55,CN,mobile,0
0f89219c-bc93-45dc-9d3c-0489ae69c064,user_18,1331.63,clothing,2025-12-05 23:10:55,FR,tablet,0
4451ae5a-cd07-49a5-8bb3-e37814ee8a7a,user_4,1312.5,books,2025-12-05 23:10:55,RU,tablet,0
33f2d025-79cc-449d-88a9-16a24873d3ed,user_15,537.5,books,2025-12-05 23:10:55,US,tablet,0
e3037cb6-5894-497d-af4c-ca1472fa3e12,user_8,332.72,books,2025-12-05 23:10:55,US,mobile,0
b95b5610-7d81-40a1-b794-69d459727b6d,user_11,1339.51,home,2025-12-05 23:10:55,DE,desktop,0
96c770bb-5ebb-4995-9db7-f3d46835af85,user_11,423.71,home,2025-12-05 23:10:55,US,mobile,0
1b65ea9e-6b09-49b8-a261-b337ae363709,user_4,429.39,clothing,2025-12-05 23:10:55,US,tablet,0
5416204a-1e5b-4609-b5a2-35d3d5261a9c,user_19,1029.86,books,2025-12-05 23:10:55,RU,mobile,0
92c60c69-d402-45bb-a83d-d05b2be79ceb,user_16,27.96,books,2025-12-05 23:10:55,CN,tablet,0
68028148-e652-455a-9a0d-1da54878630e,user_11,189.49,gaming,2025-12-05 23:10:55,US,mobile,0
1079d7a5-c115-4cc5-bcfa-a517ae059737,user_7,1009.08,clothing,2025-12-05 23:10:55,RU,mobile,0
a5103d73-e06e-4653-af91-e2062fd54171,user_11,203.33,electronics,2025-12-05 23:10:55,CN,mobile,0
a4891dd7-07f1-4d0f-b3e9-3d0d2c54162f,user_18,1562.75,books,2025-12-05 23:10:55,CN,tablet,0
9fd2a266-aa79-4ba3-88e2-546b41e08ed2,user_3,1802.53,clothing,2025-12-05 23:10:55,CN,desktop,0
b414f15e-8284-48c7-ba02-c3912677100f,user_5,787.0,electronics,2025-12-05 23:10:55,US,desktop,0
07d79175-5c5a-45ae-8aab-f766ed23603f,user_5,1507.92,books,2025-12-05 23:10:55,US,tablet,0
dc56a70f-5965-4863-bcdc-9e8671b228ee,user_2,1861.65,books,2025-12-05 23:10:55,US,tablet,0
f296288d-ade0-483e-85e2-f5235decc646,user_12,1268.96,gaming,2025-12-05 23:10:55,FR,desktop,0
ff63da64-7b01-47c1-923d-f8c55cb2cfa0,user_6,78.96,clothing,2025-12-05 23:10:55,DE,desktop,0
846ef5c8-ae58-4017-be9e-d4d9ecded265,user_20,817.43,gaming,2025-12-05 23:10:55,RU,mobile,0
ca08a556-5d27-46d5-87a6-ae5e21d6d36d,user_10,1989.94,clothing,2025-12-05 23:10:55,RU,tablet,0
92961ea1-7203-4edb-a6f5-6fbd6746f708,user_2,1610.71,clothing,2025-12-05 23:10:55,DE,desktop,0
7859d2c8-569c-4bb6-b69f-9bf674a4f3f8,user_10,716.76,home,2025-12-05 23:10:55,CN,tablet,0
d39f940f-f29e-468c-86e9-4f7b7cdd96b1,user_10,779.81,electronics,2025-12-05 23:10:55,FR,tablet,0
a1b4e86c-0e45-4973-bb4d-a7a0fe587a77,user_7,187.31,gaming,2025-12-05 23:10:55,CN,desktop,0
3d5f3532-86e6-4500-a240-53f4e028537b,user_3,1402.08,gaming,2025-12-05 23:10:55,DE,desktop,0
e93790ef-398e-44e1-a2ec-4331acbd6d61,user_19,1126.31,electronics,2025-12-05 23:10:55,RU,mobile,1
ff64a4d2-5b73-4f6e-957f-0dc4005c8341,user_2,1012.39,home,2025-12-05 23:10:55,RU,desktop,0
8650b667-ea97-434d-ad08-611cb9b87ee1,user_12,563.25,gaming,2025-12-05 23:10:55,US,tablet,0
66f64ccb-ff53-44fa-9fe2-fdaee0ffc385,user_19,454.69,home,2025-12-05 23:10:55,FR,desktop,0
c0aff70c-0130-468c-9007-90f1e083ffac,user_6,943.88,home,2025-12-05 23:10:55,FR,mobile,0
3be54275-1b4f-4f9a-9e0c-eedf96a5649e,user_7,1372.66,electronics,2025-12-05 23:10:55,US,desktop,1
403a667c-11ce-42d8-9406-88d4e8eaa576,user_10,508.49,home,2025-12-05 23:10:55,DE,desktop,0
a02b79e8-12d2-4b99-8034-391ac1f4bea3,user_8,867.65,home,2025-12-05 23:10:55,CN,desktop,0
1770e7a3-3583-49a3-a4c7-b3408cd8e9bd,user_7,681.8,electronics,2025-12-05 23:10:55,US,tablet,0
84145917-ddf1-440d-bb0a-308934faec3e,user_8,1467.1,clothing,2025-12-05 23:10:55,RU,desktop,0
1c803b12-bae9-42e4-92bf-2cff55fc813e,user_6,1856.13,home,2025-12-05 23:10:55,RU,desktop,0
5b0c6544-ef61-4dc6-bb5a-a0bd8a8a5141,user_7,1951.74,home,2025-12-05 23:10:55,FR,mobile,0
6f50e2c4-ac41-426f-a8f5-4e90eb5fd037,user_20,1482.62,electronics,2025-12-05 23:10:55,RU,mobile,1
0d5116b0-9019-4eea-b683-e33adb5e90b3,user_7,1667.9,electronics,2025-12-05 23:10:55,CN,mobile,1
94f6ae69-ed8f-4042-a029-53ddf0898173,user_4,1211.08,clothing,2025-12-05 23:10:55,DE,tablet,0
5253aa7c-b3c1-47bd-ab4e-33f9fb5427e0,user_12,21.26,clothing,2025-12-05 23:10:55,US,tablet,0
cf27943e-f3ac-40c0-871f-aea8ae03ef9d,user_17,143.1,books,2025-12-05 23:10:55,RU,desktop,0
474b56d6-29a7-4470-97f9-8ecc22990760,user_13,81.49,gaming,2025-12-05 23:10:55,RU,mobile,0
58c72b9c-c45e-4b33-afed-2a93036ee67c,user_13,1662.99,electronics,2025-12-05 23:10:55,RU,tablet,1
1212fc71-0d95-4d92-a39d-3ea409546fe2,user_11,41.31,books,2025-12-05 23:10:55,RU,mobile,0
db64c9a9-4f53-44e6-a66b-4262cbfe6125,user_10,51.1,clothing,2025-12-05 23:10:55,US,mobile,0
49d69b88-1d32-4523-b3b3-13eaf2e7fcc9,user_17,118.45,gaming,2025-12-05 23:10:55,RU,desktop,0
b5339166-afb1-44e3-ac8d-7f4edf9ad292,user_2,1056.99,books,2025-12-05 23:10:55,DE,tablet,0
d806e555-4c94-4c45-aae8-2aa887f4190b,user_7,1987.14,books,2025-12-05 23:10:55,FR,desktop,0
99ebb251-8f3f-47a1-a870-a76c9f1a752a,user_7,1679.47,electronics,2025-12-05 23:10:55,CN,desktop,1
af9ae673-f09d-4dc3-9f49-94c8922a4fc9,user_15,1734.45,home,2025-12-05 23:10:55,FR,desktop,0
1c0ebcd3-175d-4218-82e9-b20e3739087d,user_7,1183.55,clothing,2025-12-05 23:10:55,US,desktop,0
b3f1e7d4-ad49-44fc-9e8e-02507b3139e4,user_12,364.4,clothing,2025-12-05 23:10:55,DE,tablet,0
aac52412-c233-483e-815e-8665a8c96595,user_4,626.49,books,2025-12-05 23:10:55,DE,mobile,0
60337a08-765e-402a-b95e-066563ac7b2c,user_12,1390.08,clothing,2025-12-05 23:10:55,RU,tablet,0
5d91cf1b-6181-4dc1-a8d8-a814f47831d7,user_4,648.46,gaming,2025-12-05 23:10:55,FR,desktop,0
d83b0080-0437-4763-b07a-f58a4389d0b3,user_4,659.9,electronics,2025-12-05 23:10:55,US,desktop,0
d73802c0-b474-48f6-9b70-4cfcc771bccf,user_4,1607.59,gaming,2025-12-05 23:10:55,RU,tablet,0
ec5863a8-3856-4685-8c94-b1596c25a535,user_15,376.74,clothing,2025-12-05 23:10:55,RU,mobile,0
c41fd928-5d05-4bc4-af35-4bda25f02281,user_20,934.74,clothing,2025-12-05 23:10:55,CN,tablet,0
fad354e1-1210-4abe-957e-bc09e98578ce,user_8,1405.34,clothing,2025-12-05 23:10:55,DE,desktop,0
927a0646-252b-40b4-912c-1a1c928dd6eb,user_11,1026.73,home,2025-12-05 23:10:55,RU,tablet,0
cf4e0eb9-e4ae-4b8d-a720-4d7c7a8b5257,user_16,353.18,books,2025-12-05 23:10:55,RU,desktop,0
8daf6622-c9c8-4009-b71b-877ce6dd9e2a,user_4,239.29,home,2025-12-05 23:10:55,FR,desktop,0
7d675a6f-6b71-481a-a571-cafa4f38f283,user_5,1597.21,electronics,2025-12-05 23:10:55,RU,desktop,1
d0378670-399d-44da-97d7-5832933b59b5,user_9,1148.9,electronics,2025-12-05 23:10:55,CN,tablet,1
6ce545e0-4ada-4b96-9ec6-501be1178b3c,user_13,816.41,electronics,2025-12-05 23:10:55,US,tablet,0
5f4eaaa5-396b-4f39-a9cb-2a3f9c425616,user_11,568.12,gaming,2025-12-05 23:10:55,FR,tablet,0
03f8357a-0314-44ab-b677-b56b135a07b7,user_15,150.12,gaming,2025-12-05 23:10:55,FR,tablet,0
de3d8bfe-c999-4f4d-8f7c-3df1c93c673a,user_1,1800.61,clothing,2025-12-05 23:10:55,FR,desktop,0
1ff48e20-30c7-454e-832d-61f0bf47f987,user_11,640.67,gaming,2025-12-05 23:10:55,US,tablet,0
bc4e0efa-3f2d-4c6c-8883-aca8a140b12c,user_14,1164.76,books,2025-12-05 23:10:55,RU,desktop,0
233405a0-280f-401e-9557-5b0257139c61,user_18,1644.28,gaming,2025-12-05 23:10:55,US,tablet,0
efd4d919-80b4-49de-9fd4-1878aa0a6d2b,user_11,56.88,home,2025-12-05 23:10:55,CN,mobile,0
d5392364-827c-4bbf-bc44-ba2f97b73479,user_6,1842.02,electronics,2025-12-05 23:10:55,RU,desktop,1
8813d939-e921-4210-9b51-0c3d4dbb8514,user_17,186.81,electronics,2025-12-05 23:10:55,US,mobile,0
177e0149-b53e-4014-aa83-a6f5361e048b,user_17,108.22,gaming,2025-12-05 23:10:55,CN,mobile,0
883d1a39-50c1-4da3-b376-b6c0fe38362c,user_6,141.09,home,2025-12-05 23:10:55,DE,desktop,0
e9b8795e-bbb8-4d4c-8e03-6bcfcc42d01a,user_7,1379.43,home,2025-12-05 23:10:55,US,mobile,0
09d8e21f-6e10-4100-ae07-608207f6c92b,user_5,944.62,electronics,2025-12-05 23:10:55,FR,tablet,0
46d73ad5-6b3d-4b46-a6df-666eee2ed9c5,user_1,560.64,clothing,2025-12-05 23:10:55,RU,tablet,0
f660be11-e1fd-48ef-a00f-4d43f69f25a6,user_14,856.12,clothing,2025-12-05 23:10:55,DE,desktop,0
e370b704-42c8-4b92-82de-5e14dea71e62,user_20,1224.38,books,2025-12-05 23:10:55,US,desktop,0
9bd58c4e-8a06-4cc7-baae-9fd4dc88523f,user_15,1125.07,books,2025-12-05 23:10:55,DE,desktop,0
0303d482-9890-44cc-bf6b-9eeeb7b2672a,user_15,676.48,clothing,2025-12-05 23:10:55,DE,desktop,0
918ea9c4-dc75-44bd-8b31-6a122aff5d66,user_18,1622.62,home,2025-12-05 23:10:55,FR,mobile,0
346c6379-eb8f-4b9b-b690-08febf62ebd9,user_11,1420.27,electronics,2025-12-05 23:10:55,FR,tablet,1
351b9c88-3411-4cb9-a5bd-bc0d78cc7f66,user_10,225.15,clothing,2025-12-05 23:10:55,RU,desktop,0
c59070b4-1f3c-45c1-a83d-d98b866edde9,user_5,1671.98,home,2025-12-05 23:10:55,CN,desktop,0
80713e8b-d92c-48c5-b45f-2065df1e3a40,user_17,1106.13,books,2025-12-05 23:10:55,CN,tablet,0
e95b3c9d-8e43-4413-9049-053fbe650cb6,user_7,404.45,books,2025-12-05 23:10:55,US,tablet,0
2685ef78-9289-475c-81e6-139b2af82197,user_15,935.8,books,2025-12-05 23:10:55,RU,mobile,0
1cbc0df2-046f-4daf-9658-66834ca4230a,user_18,1439.6,books,2025-12-05 23:10:55,US,tablet,0
df07d7be-8c68-4419-b67c-e2c425189ec4,user_2,1209.05,electronics,2025-12-05 23:10:55,US,desktop,1
128e99fc-ded7-4210-b9bc-0514ecefe3cf,user_1,539.35,home,2025-12-05 23:10:55,US,tablet,0
96820382-1468-41f4-b828-0b69f0ec0509,user_6,648.47,gaming,2025-12-05 23:10:55,FR,mobile,0
616a1411-1ed4-4839-8a7d-06641637200f,user_6,104.5,books,2025-12-05 23:10:55,FR,mobile,0
ecd27c3c-8031-4a7a-980f-e90ebc56d997,user_5,1477.86,electronics,2025-12-05 23:10:55,DE,tablet,1
b557fb6f-a124-46e7-b591-08205dbfb624,user_8,1564.9,home,2025-12-05 23:10:55,RU,mobile,0
72467c54-340e-4971-93a8-12e5dd145b10,user_13,584.64,electronics,2025-12-05 23:10:55,RU,tablet,0
8ae97fb8-88e6-4116-a18a-48ef2293adbf,user_19,1530.33,gaming,2025-12-05 23:10:55,CN,desktop,0
df33d407-5fba-4ef7-aab3-52a6874fd73f,user_5,373.2,books,2025-12-05 23:10:55,FR,mobile,0
e8e68160-295c-48f9-8cf5-1dd6d124ff70,user_13,1773.67,electronics,2025-12-05 23:10:55,US,tablet,1
6729dbb3-261e-4e22-9750-748b7187a95c,user_12,260.42,electronics,2025-12-05 23:10:55,DE,mobile,0
d8f38ba5-98ff-40dd-a20f-5c134f066b32,user_7,918.14,books,2025-12-05 23:10:55,RU,desktop,0
cc9466fc-a692-4e91-bf20-23cf195715e1,user_5,1863.53,electronics,2025-12-05 23:10:55,FR,mobile,1
f29a70a0-5925-407f-aa91-b61501517206,user_12,1238.27,books,2025-12-05 23:10:55,DE,tablet,0
69433231-b41d-4f06-9bc2-26858ceca363,user_16,985.15,home,2025-12-05 23:10:55,FR,desktop,0
342f5935-7254-4fa1-9bea-1d2d562bd51e,user_2,933.58,home,2025-12-05 23:10:55,CN,tablet,0
644bc405-d200-40e8-9de1-b0e6641a889e,user_5,174.12,clothing,2025-12-05 23:10:55,RU,mobile,0
5f88c708-a69b-4e7a-84e7-d6b3e34d7782,user_4,616.63,home,2025-12-05 23:10:55,CN,desktop,0
cedf5417-2c0e-4064-9334-4108b1bfeaf0,user_8,1587.04,gaming,2025-12-05 23:10:55,CN,desktop,0
f35bfa63-0af1-411a-8056-9110b5b4ce46,user_12,607.99,gaming,2025-12-05 23:10:55,RU,desktop,0
43788b11-d503-41e0-9799-755cee5a637d,user_15,1193.92,gaming,2025-12-05 23:10:55,RU,desktop,0
d2225a9c-b5e7-474b-addf-58c92a4be915,user_9,1550.59,electronics,2025-12-05 23:10:55,RU,tablet,1
40543879-4067-4e4b-adc3-634a218f02b0,user_10,119.34,home,2025-12-05 23:10:55,US,mobile,0
90be3772-d8fa-4e29-a453-ab161efb4768,user_5,267.2,clothing,2025-12-05 23:10:55,US,mobile,0
f5f39947-0eb7-48dd-a079-77d40b315ab1,user_6,1538.4,clothing,2025-12-05 23:10:55,US,tablet,0
e6514214-3d5f-4a87-bba4-3d756d4b9f83,user_15,787.31,books,2025-12-05 23:10:55,DE,tablet,0
50aa4d1e-89c1-46a4-bfe8-39837cf2cd68,user_20,439.07,clothing,2025-12-05 23:10:55,FR,tablet,0
5d962d70-be51-4c24-9943-9cefd31ee457,user_15,880.27,books,2025-12-05 23:10:55,DE,mobile,0
1ab7a28d-4cfc-45a0-b675-d19367e2b51c,user_9,136.05,gaming,2025-12-05 23:10:55,DE,mobile,0
b0b6549a-c41e-4b18-a52b-ea755af8e1bb,user_8,1284.35,home,2025-12-05 23:10:55,US,desktop,0
0d2242e1-4e0c-4c9a-a63a-7cb47142004d,user_14,1444.15,books,2025-12-05 23:10:55,FR,desktop,0
589c3bb8-dc1e-42d1-8111-86036d465a4c,user_18,471.98,books,2025-12-05 23:10:55,DE,mobile,0
e6b89e26-88ac-4382-87f6-52ac41ddd7c1,user_8,902.4,home,2025-12-05 23:10:55,RU,tablet,0
7fb30a90-f9d3-479b-a5c9-b4b78ba80d22,user_14,421.61,gaming,2025-12-05 23:10:55,RU,desktop,0
06946c78-55be-44a0-a5a5-e8020906b524,user_10,134.15,electronics,2025-12-05 23:10:55,DE,mobile,0
30de7d2d-1618-4812-9853-07ca65b544fb,user_7,1179.49,electronics,2025-12-05 23:10:55,RU,desktop,1
20c24319-d910-4e8b-bed5-dea4d8a4f7a5,user_6,461.39,home,2025-12-05 23:10:55,DE,tablet,0
86637fbd-9c6e-42c9-9c4a-472fe5463169,user_10,1938.5,gaming,2025-12-05 23:10:55,RU,tablet,0
70576535-2053-44b7-b82b-33903d86ffb1,user_12,1389.19,clothing,2025-12-05 23:10:55,DE,tablet,0
f3b0f8f6-1a58-41ee-9fad-3474a259959d,user_20,1968.93,gaming,2025-12-05 23:10:55,DE,tablet,0
d36aac91-e61c-4f2d-9fd8-909dffe7c9fb,user_7,1926.24,electronics,2025-12-05 23:10:55,RU,tablet,1
ee62afe7-9582-4d17-964e-f25b46e775a4,user_16,1709.07,electronics,2025-12-05 23:10:55,RU,desktop,1
aff5a76f-9e84-4e42-84ae-ebe762e56400,user_7,1059.87,books,2025-12-05 23:10:55,US,desktop,0
999a95c4-134d-432e-a245-bddb49726e5c,user_3,553.61,electronics,2025-12-05 23:10:55,CN,tablet,0
33298099-d938-4c63-80b4-47745db56747,user_6,20.35,electronics,2025-12-05 23:10:55,RU,tablet,0
3e2f0e8a-ebd6-485a-9e4a-c0add8b23129,user_4,494.85,home,2025-12-05 23:10:55,RU,mobile,0
897246fa-b2b3-4752-954a-31841ae44513,user_17,508.01,books,2025-12-05 23:10:55,FR,mobile,0
0a31da66-3cca-4978-8062-48a979e6f1f4,user_15,437.41,electronics,2025-12-05 23:10:55,FR,mobile,0
561d4aa8-191c-4926-8be1-9bbdc5937720,user_20,552.83,books,2025-12-05 23:10:55,FR,mobile,0
4657c084-f59d-47ad-832e-3e23e4490209,user_18,210.42,clothing,2025-12-05 23:10:55,DE,desktop,0
1370ae9d-883f-4cb0-bd57-10a2d2f6ac48,user_15,1682.0,books,2025-12-05 23:10:55,DE,mobile,0
eb6a2739-b13d-4bd1-b0ea-bed8e94214a0,user_4,566.66,gaming,2025-12-05 23:10:55,DE,tablet,0
84708a64-1993-4ef5-8686-bd45a3ce9cb9,user_18,1961.59,gaming,2025-12-05 23:10:55,FR,mobile,1
733020d2-a239-4e86-a6ac-6266d2c6ae54,user_4,300.37,clothing,2025-12-05 23:10:55,US,desktop,0
daf1cef0-f568-44c3-8602-8fb5533993f7,user_4,430.19,home,2025-12-05 23:10:55,CN,desktop,0
1e643624-f51a-4d23-a392-a6099776d5ef,user_19,229.64,home,2025-12-05 23:10:55,FR,desktop,0
5fdfa189-ddc9-45e8-8dee-e046784c5b87,user_8,1210.91,home,2025-12-05 23:10:55,FR,mobile,0
95348960-a524-4c3c-b99e-41a71215f055,user_4,1808.44,gaming,2025-12-05 23:10:55,DE,tablet,0
aed921ff-6092-413b-829a-5e7c62c56247,user_3,1528.18,electronics,2025-12-05 23:10:55,CN,tablet,1
d1741d3e-1c4d-483c-a451-45360a794a7b,user_7,277.31,books,2025-12-05 23:10:55,US,desktop,0
3a166b82-88eb-482e-8852-40a9ad78d1d7,user_19,449.17,home,2025-12-05 23:10:55,CN,desktop,0
9533e49b-b3f3-4bef-9066-782c578bf8da,user_1,1033.39,electronics,2025-12-05 23:10:55,CN,tablet,1
c58f1c21-355d-4597-8220-b6ab9ee0c9fb,user_9,1640.08,clothing,2025-12-05 23:10:55,RU,tablet,0
8756db2f-f20c-4095-941a-b7724d16c75c,user_10,656.31,clothing,2025-12-05 23:10:55,FR,tablet,0
e8199c08-5fb8-4835-b849-8ee3dbef02cf,user_8,736.93,home,2025-12-05 23:10:55,DE,tablet,0
14a7347b-0731-421d-917a-bbd66e958eff,user_19,1738.24,electronics,2025-12-05 23:10:55,RU,desktop,1
871d09ad-2f72-45ba-a371-4300c8e869a7,user_3,112.39,gaming,2025-12-05 23:10:55,RU,mobile,0
726cd49b-2c99-4a42-b098-0b71fd3ceee8,user_14,1466.74,electronics,2025-12-05 23:10:55,FR,desktop,1
03a31b54-5cd2-4852-860e-b75cfc0b1ddf,user_6,328.68,gaming,2025-12-05 23:10:55,US,desktop,0
c1de1775-e3b5-4f1e-bc9b-684255267e42,user_7,212.88,electronics,2025-12-05 23:10:55,FR,desktop,0
d5113d08-5331-4905-b082-38816090742b,user_14,1660.93,books,2025-12-05 23:10:55,FR,desktop,0
e62becb9-c130-4446-8623-e91a564b0ef6,user_2,1677.48,books,2025-12-05 23:10:55,DE,desktop,0
4d94356a-90e6-422c-add5-87aec7bf7282,user_1,579.49,gaming,2025-12-05 23:10:55,RU,tablet,0
00aa2c66-22a6-4274-b354-e6a2779ed572,user_20,940.39,gaming,2025-12-05 23:10:55,RU,tablet,0
214b91ff-e63a-498d-981d-108604e4a62e,user_20,663.54,home,2025-12-05 23:10:55,FR,tablet,0
28328e53-58da-4542-a85e-9fab28fb3999,user_5,1527.5,electronics,2025-12-05 23:10:55,US,mobile,1
da1e0aaa-630f-49ab-a71f-e13272cc57c8,user_1,322.5,clothing,2025-12-05 23:10:55,CN,desktop,0
d2242cb8-33c7-4102-804f-f6d11c209e1c,user_12,956.14,electronics,2025-12-05 23:10:55,DE,desktop,0
bc6b6460-3c52-49cc-98ad-16ed8766b357,user_17,840.63,gaming,2025-12-05 23:10:55,US,tablet,0
e32f1d5a-8267-450f-a1f3-781bdf4be152,user_12,777.66,clothing,2025-12-05 23:10:55,RU,mobile,0
8174a9ad-7d33-4537-bb8d-6e2d2aeaeeed,user_20,74.94,home,2025-12-05 23:10:55,US,desktop,0
0b15e8c7-3af9-4817-8f75-9e623548d667,user_5,856.42,home,2025-12-05 23:10:55,DE,tablet,0
22eccf1c-6c44-4fcf-b773-9f116a61c0f4,user_17,1052.7,gaming,2025-12-05 23:10:55,DE,desktop,0
070634f7-d566-449b-8423-1cc81327bf0a,user_6,1002.75,clothing,2025-12-05 23:10:55,CN,desktop,0
df4f9820-d8b1-4b79-a9e8-687664f640ed,user_20,339.37,books,2025-12-05 23:10:55,FR,desktop,0
8ec8e428-9734-49cd-9d34-7e5299af20a0,user_5,1798.75,books,2025-12-05 23:10:55,US,tablet,0
6f16d492-d786-4329-bc1f-ff593c23d250,user_18,200.88,gaming,2025-12-05 23:10:55,FR,tablet,0
0161f112-dbe8-4ae2-99b9-196d5726f16a,user_5,1846.93,home,2025-12-05 23:10:55,FR,tablet,0
31c7c4f7-bdec-47da-9ef7-5822cdd31cd9,user_2,86.16,gaming,2025-12-05 23:10:55,US,tablet,0
f68adf9d-724b-4f8a-b8e6-b45140525073,user_12,553.26,electronics,2025-12-05 23:10:55,US,mobile,0
8c84b82c-6842-4d35-a438-33a1d67095b0,user_4,1950.99,electronics,2025-12-05 23:10:55,DE,tablet,1
4d734122-5aab-4703-8d4f-27c6563bd98d,user_11,1952.48,books,2025-12-05 23:10:55,DE,desktop,0
c74ed612-e590-4f22-9c4c-2037b2fe1d66,user_11,1728.89,books,2025-12-05 23:10:55,DE,desktop,0
ad54733d-bc3f-4fe8-8940-86681b9b204e,user_6,588.94,electronics,2025-12-05 23:10:55,RU,mobile,0
e540dc82-298d-4785-88ef-54df0d891d9d,user_9,1391.04,electronics,2025-12-05 23:10:55,DE,tablet,1
65ff7b69-d6fa-432f-9734-995f1fa3d9f7,user_8,1069.21,clothing,2025-12-05 23:10:55,FR,tablet,0
dcbcee56-85d5-4a29-83da-6f8f968b9f62,user_12,1562.77,home,2025-12-05 23:10:55,CN,mobile,0
e511e314-6668-4190-acb5-391f469b64bd,user_5,378.06,clothing,2025-12-05 23:10:55,CN,tablet,0
dd73cac1-1cb6-411f-b568-3365382a39c7,user_9,1687.94,home,2025-12-05 23:10:55,CN,desktop,0
9c70f49b-2788-4bd2-a8b7-8bf6f3b02940,user_2,465.15,gaming,2025-12-05 23:10:55,US,mobile,0
b9b2a37c-83c5-4d8c-8af4-d5fd694ec64a,user_15,719.65,gaming,2025-12-05 23:10:55,DE,tablet,0
01b10b3e-a0a3-422a-824a-b914c81897c5,user_15,1402.34,clothing,2025-12-05 23:10:55,FR,desktop,0
e66f2a1f-7781-49c4-a668-346770ee96ea,user_20,1250.47,gaming,2025-12-05 23:10:55,RU,mobile,0
7febf9b6-ddf2-4b8e-974d-74671cfbc8ba,user_9,758.43,home,2025-12-05 23:10:55,RU,desktop,0
2358504e-a15d-4787-8d0f-45c1d772ab47,user_5,1340.82,clothing,2025-12-05 23:10:55,FR,tablet,0
93084427-bad5-48eb-95b8-049791085af5,user_11,59.97,electronics,2025-12-05 23:10:55,RU,mobile,0
91fef670-137d-4973-95fc-22a3fa067169,user_11,621.94,home,2025-12-05 23:10:55,US,mobile,0
cbb617a0-157c-4203-835d-fbdc87a2f232,user_3,265.64,clothing,2025-12-05 23:10:55,DE,desktop,0
e4df8a18-6d0e-4944-9cad-e9af70821661,user_9,955.98,clothing,2025-12-05 23:10:55,FR,desktop,0
91eaca86-b71c-4161-8ef0-4b55b253c39f,user_9,982.12,home,2025-12-05 23:10:55,CN,tablet,0
e43204e2-a766-4d03-9dfe-1dc4e5b304cc,user_1,177.16,electronics,2025-12-05 23:10:55,CN,desktop,0
f82889c0-2614-429b-b862-d3d7084fb4da,user_12,1195.31,electronics,2025-12-05 23:10:55,US,tablet,1
fdfc6ab5-6aa1-4893-b2c1-3633a11d979d,user_12,964.13,books,2025-12-05 23:10:55,RU,mobile,0
7b285b4c-167d-4ef6-9672-54e43ffb70cc,user_11,962.09,home,2025-12-05 23:10:55,DE,mobile,0
2a499f97-f0a6-46c7-aa36-7ad8500d6e94,user_7,158.92,books,2025-12-05 23:10:55,FR,tablet,0
a96c301d-d6c4-404d-a0f6-1bc67f8a0d12,user_2,375.38,clothing,2025-12-05 23:10:55,FR,mobile,0
56b3d61f-81e2-4e84-9aeb-f3f91253b938,user_4,432.47,gaming,2025-12-05 23:10:55,US,mobile,0
82aeae72-ce7b-4073-8488-935cc26e1fa5,user_8,1603.83,clothing,2025-12-05 23:10:55,US,mobile,0
29d0aca4-e58f-4baa-9eda-f012e59a396b,user_1,871.1,gaming,2025-12-05 23:10:55,US,mobile,0
a7dd05fa-f83b-4620-832d-5d683aede845,user_2,323.12,gaming,2025-12-05 23:10:55,CN,tablet,0
e0adc206-92a4-4b10-898c-bcfbc40b3897,user_11,14.02,clothing,2025-12-05 23:10:55,DE,desktop,0
a4b08ef3-32a9-47ba-b603-02771f04cd53,user_2,1521.61,gaming,2025-12-05 23:10:55,RU,desktop,0
df7422fc-b440-4ff9-97c7-438d96e95f44,user_6,318.41,gaming,2025-12-05 23:10:55,RU,mobile,0
97190ca1-6c55-46c6-97a5-38a5630acb32,user_15,337.52,books,2025-12-05 23:10:55,US,mobile,0
9754d178-a4cd-4689-a960-0b658faaf4d8,user_2,617.76,home,2025-12-05 23:10:55,US,tablet,0
aa90ef9b-3938-4043-b9f6-c615b8c603e3,user_10,1901.44,books,2025-12-05 23:10:55,RU,tablet,0
a5bc3973-f396-414d-afc7-408e3b072a0f,user_7,1389.99,gaming,2025-12-05 23:10:55,RU,tablet,0
a87176bc-60d3-44b1-8615-0f114d765042,user_15,1623.3,home,2025-12-05 23:10:55,DE,mobile,0
2bb041c8-4d3c-4836-81a6-615e1cc120e7,user_18,1528.02,books,2025-12-05 23:10:55,DE,desktop,0
537940b0-c836-4ba7-b75f-db16a3a9f1b4,user_20,1954.76,home,2025-12-05 23:10:55,FR,mobile,0
2744394b-3f46-40fd-9c6c-f5704f24dff5,user_18,1835.17,home,2025-12-05 23:10:55,RU,mobile,0
dd46b4e1-664b-4019-8f55-878fb758e497,user_4,578.3,electronics,2025-12-05 23:10:55,US,desktop,0
e0a49767-b44d-4bea-8bf2-a4b93336c24a,user_3,1903.76,home,2025-12-05 23:10:55,DE,tablet,0
d7eab4a9-c9f4-40d4-8606-ae7bfe157b8b,user_1,506.22,electronics,2025-12-05 23:10:55,US,mobile,0
104322fc-4591-4166-b214-697fb3568040,user_16,796.8,books,2025-12-05 23:10:55,RU,tablet,0
e3ba2508-a4d4-45de-892b-867c194d01e6,user_13,759.19,electronics,2025-12-05 23:10:55,RU,tablet,0
47e024f1-45f1-4fc8-be70-373ea141b16e,user_9,1915.44,books,2025-12-05 23:10:55,US,mobile,0
db64e115-2756-4eed-8ca3-f21526d47e38,user_13,1168.9,gaming,2025-12-05 23:10:55,CN,desktop,0
9ea59386-a625-4b54-bf4f-21e061ffa9d6,user_18,488.45,books,2025-12-05 23:10:55,US,mobile,0
5ce4caed-2ed4-41ed-a30c-9bc9e883f643,user_8,1659.49,home,2025-12-05 23:10:55,FR,tablet,0
bd7d4618-acc9-4d89-bc33-28af93fdf791,user_1,394.16,books,2025-12-05 23:10:55,FR,mobile,0
82f9df1e-40dd-472a-997c-094f8b824a9d,user_8,1965.83,home,2025-12-05 23:10:55,DE,tablet,0
d61795b9-f62f-449e-b5fb-0ccb51e55596,user_17,284.64,electronics,2025-12-05 23:10:55,US,mobile,0
92e1ae9b-05d3-4656-8227-e010191af2af,user_2,1981.48,home,2025-12-05 23:10:55,RU,desktop,0
6fa09fa6-d202-40ef-b66c-e8ae5a30a6f9,user_11,1974.92,gaming,2025-12-05 23:10:55,DE,tablet,0
70b7fee7-2a26-4102-a530-289486fb92ae,user_10,547.23,electronics,2025-12-05 23:10:55,DE,mobile,0
197f23e5-0190-4796-97b3-55363f798db8,user_2,133.14,clothing,2025-12-05 23:10:55,FR,desktop,0
866781a1-0f79-415b-b659-f3784ebe8d68,user_8,828.05,home,2025-12-05 23:10:55,CN,mobile,0
ad1e84fa-3f80-4228-8ca8-9ef141ff510f,user_10,1293.98,electronics,2025-12-05 23:10:55,US,tablet,1
6f28d020-99dc-4aef-8dba-b2de46c33980,user_15,1001.29,books,2025-12-05 23:10:55,DE,tablet,0
2018ff84-33ba-494d-8942-3c369ba63a95,user_15,834.55,books,2025-12-05 23:10:55,FR,desktop,0
ba75abc5-c575-468b-987e-c950b2d57b9f,user_7,260.53,gaming,2025-12-05 23:10:55,FR,desktop,0
1421872a-3fc1-493f-b8d7-727fcc5540c6,user_2,1194.04,home,2025-12-05 23:10:55,DE,desktop,0
35ec9e3c-6815-458b-be32-b140da77bfbf,user_6,1064.1,home,2025-12-05 23:10:55,CN,desktop,0
6c330497-76d2-4180-bf2c-fb1e9afa3cf2,user_6,312.08,electronics,2025-12-05 23:10:55,FR,tablet,0
fbcad94f-f6cc-4678-84f5-ccb14af7d0f4,user_18,1246.72,gaming,2025-12-05 23:10:55,DE,mobile,0
384724ac-6833-44e7-8836-8e082f404eb5,user_5,1351.39,books,2025-12-05 23:10:55,FR,desktop,0
a20461e0-9071-4f8d-a05f-9cac12a49898,user_16,1969.46,books,2025-12-05 23:10:55,RU,tablet,0
1c837b2c-31f5-48c8-98e5-6b107ba48687,user_1,1075.54,clothing,2025-12-05 23:10:55,CN,tablet,0
d5955cf6-cde5-4943-b79e-dafbbb0fb270,user_7,1253.64,home,2025-12-05 23:10:55,DE,tablet,0
075e25b3-9490-4692-a380-9145303efb83,user_13,371.79,clothing,2025-12-05 23:10:55,RU,desktop,0
573a005b-7d56-4d75-9baf-62cecc77d63d,user_13,295.53,electronics,2025-12-05 23:10:55,US,desktop,0
d4670af5-899b-4067-aa49-6ebea02c3efc,user_14,1566.59,gaming,2025-12-05 23:10:55,FR,tablet,0
44afb319-cd44-4d9b-aee1-55d77c2d3e41,user_19,1800.18,books,2025-12-05 23:10:55,RU,tablet,0
32e90469-228f-4f9c-8ca5-7f1ea440a088,user_7,1333.78,clothing,2025-12-05 23:10:55,FR,desktop,0
2da04191-8edf-4cf1-967f-98f33f246dbb,user_10,22.17,electronics,2025-12-05 23:10:55,US,desktop,0
c0cdbf60-5eb5-4f69-ae52-1f4e9c217f90,user_12,1001.67,books,2025-12-05 23:10:55,FR,mobile,0
e8125fc9-67cf-4538-a95d-0e12f1eaf618,user_9,566.73,gaming,2025-12-05 23:10:55,US,tablet,0
994bb075-6764-4db7-b448-588eece659d9,user_11,1727.3,home,2025-12-05 23:10:55,DE,desktop,0
52edcb19-b63b-4736-807b-0994850ca3e1,user_11,1062.55,clothing,2025-12-05 23:10:55,CN,tablet,0
d8c4712f-b5e6-46a1-8a8b-937201ff8511,user_11,143.92,electronics,2025-12-05 23:10:55,US,mobile,0
13625753-8c7d-4543-8a85-0178bbbb2648,user_18,615.91,books,2025-12-05 23:10:55,CN,mobile,0
8567f63a-5580-4c6b-a3b7-c4e7815e6bd3,user_4,388.14,home,2025-12-05 23:10:55,RU,tablet,0
af66c040-c72c-4331-a906-da9d77dbb2f8,user_17,226.08,books,2025-12-05 23:10:55,FR,tablet,0
bc02aa37-e8f2-4690-bd22-e9d258dea91e,user_20,580.51,gaming,2025-12-05 23:10:55,RU,mobile,0
324219a9-6b5c-43ce-b06a-740bb03696ba,user_3,1816.43,electronics,2025-12-05 23:10:55,US,mobile,1
11f6ad6b-25fc-4388-826e-d5e92c40b776,user_13,1276.15,clothing,2025-12-05 23:10:55,US,mobile,0
8e499e73-83d4-48dc-8561-5d19f26a1546,user_4,1545.61,clothing,2025-12-05 23:10:55,RU,mobile,0
b8de4b04-f1b9-44bf-9cc8-16ace42a8ed4,user_9,899.7,books,2025-12-05 23:10:55,FR,tablet,0
f8e764a0-b8c3-4f1c-8642-106b5c309178,user_14,1435.08,books,2025-12-05 23:10:55,FR,desktop,0
fa113bcd-e831-4bde-a2d0-4309825b21d8,user_8,225.98,books,2025-12-05 23:10:55,CN,desktop,0
930236d4-e53b-4633-bf82-b45aeb98d616,user_19,702.19,clothing,2025-12-05 23:10:55,CN,desktop,0
a74f3c30-a582-4519-acaa-1f9d48386ef4,user_16,63.94,home,2025-12-05 23:10:55,US,desktop,0
a39ecf91-10b7-40ac-86ed-a58a85a418a2,user_3,1256.65,clothing,2025-12-05 23:10:55,RU,tablet,0
171d9c76-ce00-40e6-9512-26ec5f325d15,user_10,631.08,electronics,2025-12-05 23:10:55,CN,mobile,0
352e5901-b2d7-4f25-a99c-fd08454cb954,user_10,1705.89,electronics,2025-12-05 23:10:55,US,mobile,1
72cf818a-0990-47a0-94e4-ca6df90dde20,user_17,1813.86,electronics,2025-12-05 23:10:55,CN,desktop,1
8ab920c8-2812-42b7-a55d-f3f374f50ae9,user_9,1499.9,clothing,2025-12-05 23:10:55,US,mobile,0
2fc715b1-bfd2-4300-abcc-f39798553389,user_19,1951.78,books,2025-12-05 23:10:55,US,tablet,0
4ffd7833-5297-4d2a-96ec-67182ee3c98f,user_17,347.57,home,2025-12-05 23:10:55,CN,desktop,0
c876287d-5f55-489e-8d21-64927439922b,user_4,1802.11,books,2025-12-05 23:10:55,RU,desktop,0
75ce64b2-31b6-4fb5-ba44-caf941aa9f41,user_19,240.62,clothing,2025-12-05 23:10:55,DE,mobile,0
8faa6d2a-fba6-423c-85a0-21604910439a,user_20,1125.61,gaming,2025-12-05 23:10:55,CN,tablet,0
f9d3b5b2-bb4c-4713-b667-f2f9cfd57975,user_10,236.14,clothing,2025-12-05 23:10:55,US,desktop,0
e1c538db-cfaf-4d18-ae41-d05f55c0e198,user_19,391.35,gaming,2025-12-05 23:10:55,DE,desktop,0
e9400e18-8c23-49f4-a0e2-0b5f979d01d9,user_3,173.91,gaming,2025-12-05 23:10:55,FR,desktop,0
e05b3738-7c9c-404f-ad8a-87edc79181ed,user_13,319.89,clothing,2025-12-05 23:10:55,US,tablet,0
d0a12356-b812-4890-8371-092d485c7e33,user_4,348.29,electronics,2025-12-05 23:10:55,FR,desktop,0
f07a425f-f969-4437-b7e4-f6705f4ad9e9,user_16,1154.81,electronics,2025-12-05 23:10:55,DE,desktop,1
7b52fae5-91d9-4f55-ad5a-7da1d7a105cf,user_11,1945.95,home,2025-12-05 23:10:55,DE,mobile,0
315a3a48-fb94-43c9-92c0-68ee5dc44509,user_8,1031.48,electronics,2025-12-05 23:10:55,FR,desktop,1
5fccfe00-ddf2-49a2-8c44-5edc7e3c9e2a,user_4,577.13,clothing,2025-12-05 23:10:55,FR,mobile,0
c0711293-aa66-4127-9951-7125930d782d,user_4,165.26,home,2025-12-05 23:10:55,US,desktop,0
576400ec-99d0-4ec9-82c2-2d47f3a3122d,user_3,269.83,clothing,2025-12-05 23:10:55,DE,desktop,0
e28d5900-b5e4-435e-b4e1-d5a5506ec542,user_4,1439.26,clothing,2025-12-05 23:10:55,RU,tablet,0
8e432104-60f3-4155-900b-996604b72df2,user_1,1328.75,gaming,2025-12-05 23:10:55,DE,tablet,0
23681b44-6430-4607-a3fa-ec9ffe7ecaa4,user_15,1849.78,clothing,2025-12-05 23:10:55,FR,mobile,0
7208daea-a6a5-423f-8c0a-a76575deea7f,user_18,1778.5,electronics,2025-12-05 23:10:55,CN,desktop,1
c9b9aa32-b921-4551-9c86-afdc3ea2e97f,user_14,330.4,home,2025-12-05 23:10:55,RU,desktop,0
9921664a-e378-4458-9505-be4f88339e66,user_9,1942.1,home,2025-12-05 23:10:55,DE,mobile,0
391bd588-21b6-4a1f-875d-ca98e2ce18a7,user_11,1274.31,gaming,2025-12-05 23:10:55,FR,desktop,0
be439dbc-6e0a-4d53-bd46-edb9536a4161,user_19,1935.28,gaming,2025-12-05 23:10:55,CN,mobile,1
fbeefb2b-d23f-4d4e-99b7-84c13c738a07,user_18,1750.17,clothing,2025-12-05 23:10:55,DE,tablet,0
8523cfc6-fff2-4b7f-a57e-d0318cde2bd2,user_5,918.49,gaming,2025-12-05 23:10:55,US,tablet,0
d11b3c76-7195-47bb-850b-373c30451b7b,user_6,348.47,electronics,2025-12-05 23:10:55,FR,desktop,0
8c65f0a4-7e2a-4c26-8885-2218d903dbe5,user_3,537.73,books,2025-12-05 23:10:55,DE,mobile,0
b3f5e0fc-e563-4fd8-bedf-fb7a7d87e5e0,user_4,693.52,home,2025-12-05 23:10:55,FR,desktop,0
d2e336ae-61fe-49f9-9830-1eeb4f1fa880,user_18,1998.32,clothing,2025-12-05 23:10:55,CN,mobile,0
3d726f1d-22de-425b-ba4d-0660e972eabe,user_13,1096.28,electronics,2025-12-05 23:10:55,CN,tablet,1
fa8622f1-26b7-4fd3-bf20-f59b58e74d90,user_1,1795.14,gaming,2025-12-05 23:10:55,DE,mobile,1
29e79258-8755-4082-9920-bb993636e341,user_19,988.67,electronics,2025-12-05 23:10:55,DE,mobile,0
e9d4db47-3d92-4400-87aa-e89d0ab8c5ee,user_1,949.77,books,2025-12-05 23:10:55,DE,tablet,0
29d03054-5a31-453b-9024-063ed345d4f2,user_18,1016.15,clothing,2025-12-05 23:10:55,US,tablet,0
ec6a1ff2-f2d0-4b7d-952a-b34f8bf30930,user_14,1230.11,electronics,2025-12-05 23:10:55,CN,tablet,1
3d584bb0-07ff-44f5-aedf-47db9c553238,user_17,326.71,electronics,2025-12-05 23:10:55,US,mobile,0
32194c07-8fb1-46ff-916c-34360f73a630,user_6,888.87,electronics,2025-12-05 23:10:55,CN,mobile,0
b8b48d9d-824d-4090-8eff-20346de3c941,user_14,1140.11,electronics,2025-12-05 23:10:55,US,desktop,1
96f964f8-a22a-457a-a93d-94a11229aeaa,user_6,1171.31,clothing,2025-12-05 23:10:55,CN,tablet,0
eb886cf8-9907-42b7-af2e-8d362a9c68b8,user_15,807.34,clothing,2025-12-05 23:10:55,CN,desktop,0
0969693e-aa1a-437f-aa7b-8cd713dd543d,user_19,1716.62,home,2025-12-05 23:10:55,CN,tablet,0
de8c6d70-806c-45ef-8965-5e075dc8c6ab,user_10,454.9,electronics,2025-12-05 23:10:55,CN,tablet,0
fcb5a8ca-319a-4ae3-b826-c38538f85da3,user_16,1689.03,gaming,2025-12-05 23:10:55,DE,tablet,0
37ad96cc-45d6-472b-a66a-d6b4c915d310,user_3,1868.9,electronics,2025-12-05 23:10:55,RU,mobile,1
6efa1e00-9143-4265-9a38-26bc83a0efc9,user_9,929.22,clothing,2025-12-05 23:10:55,US,tablet,0
bd08f90b-642c-44dc-b590-7ecb1d26a574,user_5,1752.74,electronics,2025-12-05 23:10:55,CN,desktop,1
f51036bd-57e9-4a55-8b41-763e4c98fddb,user_5,1388.84,electronics,2025-12-05 23:10:55,US,tablet,1
ba2ace37-393c-48ba-9fff-1f36cba44a2f,user_19,1715.91,electronics,2025-12-05 23:10:55,FR,desktop,1
25e9b89d-6ea2-4da8-b4e9-4cf6deea0b41,user_8,640.58,electronics,2025-12-05 23:10:55,RU,mobile,0
b2395637-b0c0-4bc5-989f-042668eb39b3,user_14,1525.11,electronics,2025-12-05 23:10:55,FR,mobile,1
3ddaff4a-6ddc-4753-bf2c-68baf83917d5,user_6,1939.33,clothing,2025-12-05 23:10:55,FR,mobile,0
451ff9a2-5063-483e-b8ca-a3b863b762fb,user_6,1342.29,gaming,2025-12-05 23:10:55,CN,mobile,0
e06e61ad-7e1b-4f9d-afa5-53d549ee96f7,user_6,188.1,books,2025-12-05 23:10:55,RU,desktop,0
8140c93b-98b1-4584-9c9c-647486f1208d,user_11,1706.03,books,2025-12-05 23:10:55,FR,desktop,0
7d3131d7-ae1b-4a48-968f-4710ea0758ba,user_12,1103.32,electronics,2025-12-05 23:10:55,RU,desktop,1
b8ed9fba-292f-4db9-ad64-e8a30d3859de,user_14,633.16,gaming,2025-12-05 23:10:55,DE,mobile,0
89258a5a-c4f4-4a5b-bf55-df05b032d46c,user_1,12.18,home,2025-12-05 23:10:55,FR,tablet,0
e528cd9f-de5b-4009-83ea-930cda3b90a5,user_4,1567.26,home,2025-12-05 23:10:55,CN,mobile,0
368770b6-5bf7-4fe8-ae74-84e3ae03fee1,user_9,1636.15,books,2025-12-05 23:10:55,CN,tablet,0
3c1be02e-9e58-4ac7-9bf8-988a94ce601a,user_11,531.62,electronics,2025-12-05 23:10:55,FR,mobile,0
0acdf543-d947-4a37-89a9-95ec2666a8e9,user_7,1912.01,electronics,2025-12-05 23:10:55,US,tablet,1
bab31da7-ecb9-4a05-bcdf-769f626bb33b,user_15,188.83,home,2025-12-05 23:10:55,CN,mobile,0
fc6efd60-3e42-43d6-9d81-6d65aca241eb,user_13,266.4,home,2025-12-05 23:10:55,DE,desktop,0
5e3e1c58-cb22-4ee1-a9c1-cc1a687ae3f4,user_20,1406.28,electronics,2025-12-05 23:10:55,DE,mobile,1
de62c7d5-0ff2-4e48-858d-f8054e11f498,user_13,1363.95,gaming,2025-12-05 23:10:55,DE,tablet,0
848481ef-10db-4e6c-a6e0-64968317a2c2,user_19,274.28,gaming,2025-12-05 23:10:55,DE,mobile,0
61734ca5-d802-4d41-81ca-41adc69a3019,user_14,1257.14,clothing,2025-12-05 23:10:55,RU,desktop,0
a0c13942-7c32-42ed-9f72-129c44c329c9,user_20,1007.65,electronics,2025-12-05 23:10:55,CN,desktop,1
1cb4b432-ad93-49cc-9a31-5d7dcbad27a8,user_1,15.74,books,2025-12-05 23:10:55,CN,tablet,0
29009a4b-2aaf-4f15-879f-c54cae1aa91a,user_15,1490.91,clothing,2025-12-05 23:10:55,RU,tablet,0
e90ca131-bf2b-49f4-a416-9645b6a90f93,user_18,835.32,electronics,2025-12-05 23:10:55,US,mobile,0
f7c9d6e2-c70d-4639-b017-1cb9ce51e24c,user_6,1939.35,electronics,2025-12-05 23:10:55,RU,mobile,1
2a2ef855-fdb0-48f8-a97a-0d138b6fff48,user_20,1612.52,home,2025-12-05 23:10:55,DE,tablet,0
4eb76a4e-c267-4a47-bd62-19f8ed36ebad,user_20,1448.01,gaming,2025-12-05 23:10:55,CN,mobile,0
9f69b97b-af8d-4f5e-970d-ecd3a799cbf4,user_8,1779.84,home,2025-12-05 23:10:55,RU,tablet,0
bd517f61-acea-4379-9406-aa5eb8d736db,user_14,371.61,electronics,2025-12-05 23:10:55,FR,mobile,0
18fee3a6-6281-499d-85ea-ae69375eeae4,user_8,5.62,electronics,2025-12-05 23:10:55,FR,mobile,0
0333829a-23fa-41be-8c51-2632ce3be8ff,user_13,864.73,home,2025-12-05 23:10:55,RU,desktop,0
aea6477a-c9d1-4371-ae12-ee1da86b73bb,user_5,210.36,electronics,2025-12-05 23:10:55,DE,desktop,0
78b310a5-c008-4c1c-b5f8-c12ef6a84a7a,user_18,1482.08,gaming,2025-12-05 23:10:55,CN,desktop,0
38622cf8-a814-4495-a2f7-128d32042cd0,user_6,554.58,electronics,2025-12-05 23:10:55,CN,desktop,0
2bf24caa-66a5-4a59-845a-a8f01dfd9789,user_13,363.07,clothing,2025-12-05 23:10:55,RU,mobile,0
8ed14efb-ab02-46dd-8bcf-8692724726a8,user_1,1417.56,gaming,2025-12-05 23:10:55,DE,mobile,0
b92c38b8-2c98-413c-8066-22072db51a56,user_6,1264.97,books,2025-12-05 23:10:55,CN,tablet,0
e97416da-fc93-4755-9050-3a8313785f35,user_11,1962.67,clothing,2025-12-05 23:10:55,RU,mobile,0
7644f247-473b-422e-994d-b945042662e9,user_15,67.52,clothing,2025-12-05 23:10:55,FR,tablet,0
74c4784d-e1e9-455a-9f02-732649d72207,user_8,693.4,home,2025-12-05 23:10:55,DE,desktop,0
7399d84c-0e86-457b-b4fe-ab1800e3b1e5,user_6,1656.48,home,2025-12-05 23:10:55,DE,tablet,0
12b66c74-296d-4319-a854-87b8eda71bd8,user_18,1254.79,home,2025-12-05 23:10:55,US,desktop,0
b3431381-3e20-4d19-be69-20fd0c0fec54,user_17,1090.68,electronics,2025-12-05 23:10:55,FR,mobile,1
21518ffc-e458-45a7-bebe-2802a5dd4462,user_19,1323.04,gaming,2025-12-05 23:10:55,FR,mobile,0
8ade8875-ece8-4906-ae3d-1d411d64ff9e,user_1,1496.06,books,2025-12-05 23:10:55,FR,tablet,0
5c56a5e9-20ba-4a43-9ae3-2597bc4ff343,user_9,1326.67,books,2025-12-05 23:10:55,DE,mobile,0
3658828e-37d8-422e-81be-5f82cfa8f6af,user_1,1982.79,electronics,2025-12-05 23:10:55,FR,mobile,1
32f668cb-99fb-4aa9-b5ec-fca9a08dd25c,user_11,1357.71,books,2025-12-05 23:10:55,RU,mobile,0
327ebd08-a969-47f8-86e5-6f431edd7dba,user_9,488.01,home,2025-12-05 23:10:55,FR,mobile,0
d58a7d14-2b0a-46c1-97e7-24a4d1e9b2ef,user_20,1090.84,home,2025-12-05 23:10:55,FR,tablet,0
693c5089-fd88-4726-8b33-efd1df1cda73,user_1,1756.15,home,2025-12-05 23:10:55,RU,tablet,0
9bc4a0de-9624-4816-89f6-641290f91ab5,user_11,237.94,clothing,2025-12-05 23:10:55,US,desktop,0
5f8fe0fe-e847-4992-aabd-42adba48f4da,user_11,205.3,clothing,2025-12-05 23:10:55,CN,desktop,0
e959e521-7c35-4c21-aa39-dae4e752b829,user_17,1798.27,electronics,2025-12-05 23:10:55,RU,mobile,1
23c4e4f3-abb0-486d-84f4-8ab449f1bc70,user_16,1746.63,books,2025-12-05 23:10:55,DE,tablet,0
0fc0c76d-12f0-43bf-9e1d-e981971cac98,user_13,1627.65,gaming,2025-12-05 23:10:55,CN,tablet,0
e9ffd6fa-b109-470c-ab1a-b06066512d0b,user_9,192.75,books,2025-12-05 23:10:55,CN,mobile,0
09a68c1e-0eb6-4c80-8313-91c8cba75ef5,user_13,1898.06,books,2025-12-05 23:10:55,CN,mobile,0
8626e890-153a-458d-8449-08c782b77497,user_18,1368.65,home,2025-12-05 23:10:55,RU,mobile,0
9f8efe57-bad1-4796-88d1-cf1fb6fd41e6,user_2,117.6,electronics,2025-12-05 23:10:55,CN,mobile,0
eb95d80c-0ebf-4150-a681-05eeb1b97284,user_12,508.53,gaming,2025-12-05 23:10:55,DE,tablet,0
0b4cf066-4660-4c7b-8864-2c77b6189059,user_13,1836.48,home,2025-12-05 23:10:55,RU,mobile,0
310a851a-0ed8-478c-9d61-80b0e6991002,user_12,420.3,electronics,2025-12-05 23:10:55,CN,tablet,0
b6b5572e-7f46-42bf-bdbe-36e634d91a14,user_17,1690.8,home,2025-12-05 23:10:55,RU,mobile,0
678094a5-2d2d-4647-a9d0-51a5f7ddbf78,user_9,314.68,gaming,2025-12-05 23:10:55,FR,tablet,0
5e7ec702-3917-44cf-b57f-60a9d86de788,user_15,1443.44,electronics,2025-12-05 23:10:55,US,mobile,1
ba854ee8-f927-4638-be9e-1729112a89f2,user_20,1467.0,electronics,2025-12-05 23:10:55,RU,desktop,1
b6750eb8-710f-449b-b5d3-fafcfd72c840,user_6,1490.91,gaming,2025-12-05 23:10:55,FR,mobile,0
f1023324-4939-4256-b732-9b18b9c9b9a7,user_11,1579.29,electronics,2025-12-05 23:10:55,RU,mobile,1
e551d909-839d-4fde-a98c-a7542c847ca1,user_2,1954.54,clothing,2025-12-05 23:10:55,CN,mobile,0
d1d37b6d-0f86-428a-8019-269d2fff8a87,user_9,655.39,clothing,2025-12-05 23:10:55,FR,mobile,0
2d515bff-a0f2-4272-9210-11aaf184f7b2,user_9,1845.45,gaming,2025-12-05 23:10:55,CN,mobile,1
551548b2-eef5-4c37-8454-1f604e0f3750,user_13,550.99,electronics,2025-12-05 23:10:55,FR,tablet,0
9cf6e5ef-6d9e-45f6-b453-fcf42baa9c02,user_6,1146.62,clothing,2025-12-05 23:10:55,DE,desktop,0
9eee54d2-3054-484a-868b-c47528922a2b,user_10,779.72,clothing,2025-12-05 23:10:55,US,mobile,0
e07746c7-e16d-4750-bc1d-b245198ec151,user_18,136.2,gaming,2025-12-05 23:10:55,CN,tablet,0
141d0bda-bd91-4d25-8c6e-7040596e5457,user_9,770.93,gaming,2025-12-05 23:10:55,RU,mobile,0
14571aa3-2259-49dc-b53c-d32ba4fb2ed3,user_6,865.18,electronics,2025-12-05 23:10:55,FR,mobile,0
91bf6422-1cae-45cf-b9e0-1063060e5487,user_17,752.7,home,2025-12-05 23:10:55,RU,mobile,0
5c7f77d6-866b-4168-9f49-396b70e9ed69,user_7,1351.98,gaming,2025-12-05 23:10:55,RU,mobile,0
49f48450-730c-41e6-9d77-abe28c2e4d7d,user_11,1037.09,home,2025-12-05 23:10:55,RU,mobile,0
acd89bb2-22ec-4d24-8ae0-1d708c370780,user_17,1602.66,home,2025-12-05 23:10:55,US,tablet,0
a7862a44-ecb1-4387-87b4-cbf4b7dddb7f,user_10,1683.48,clothing,2025-12-05 23:10:55,US,desktop,0
d02fb506-6e6d-490a-936e-728b00f2025d,user_17,1.18,home,2025-12-05 23:10:55,CN,mobile,0
4c4265d4-b9e7-4031-9246-77cfe52aaf0f,user_10,397.61,electronics,2025-12-05 23:10:55,US,mobile,0
9d1a04ad-2d27-4753-a516-bd3a01a6631e,user_19,1476.02,gaming,2025-12-05 23:10:55,DE,desktop,0
98fdeae0-af8b-452d-b7cc-79a346527aa3,user_15,1737.84,home,2025-12-05 23:10:55,RU,desktop,0
fd69c2ee-faff-42c1-9143-d64f4ccddc89,user_9,1000.46,books,2025-12-05 23:10:55,CN,mobile,0
c264a899-e3d2-42e6-9ac8-8b9ef40d2382,user_20,1766.34,home,2025-12-05 23:10:55,FR,mobile,0
7b74c8a4-d0b2-400b-8814-e06aae98e01e,user_6,1646.54,clothing,2025-12-05 23:10:55,US,tablet,0
cc8bce1b-a741-4ca1-9799-1e1a6d6369e8,user_11,1134.28,books,2025-12-05 23:10:55,CN,mobile,0
f3d3d370-6915-4211-b8fd-247ded5aebd3,user_9,411.23,clothing,2025-12-05 23:10:55,CN,tablet,0
7d955343-eed4-45df-ac1a-fa5a096538b0,user_8,1746.84,electronics,2025-12-05 23:10:55,FR,tablet,1
de0b6a3c-4544-45bf-86d3-00463b746dfa,user_6,1470.49,books,2025-12-05 23:10:55,CN,desktop,0
447bc94b-3924-4b95-b5ea-c99eecb66eb8,user_12,266.08,home,2025-12-05 23:10:55,CN,desktop,0
d968af52-e759-4d6d-883d-8e5d53f5dcb8,user_11,791.81,clothing,2025-12-05 23:10:55,DE,tablet,0
7490c307-f8a1-4d91-9551-2137ce0b9545,user_10,1113.22,electronics,2025-12-05 23:10:55,FR,tablet,1
117a4a23-ffc7-4024-8e8f-070343abaf4a,user_10,1070.67,home,2025-12-05 23:10:55,US,tablet,0
1d2447bb-f60f-4a69-b04c-be39c9560bfb,user_13,1390.6,books,2025-12-05 23:10:55,CN,tablet,0
446b2523-765c-4cd8-8159-92abd5aa4d69,user_11,565.32,electronics,2025-12-05 23:10:55,CN,desktop,0
78eb8e40-4cf4-45e7-80ec-d18b7d0e842c,user_12,1520.18,home,2025-12-05 23:10:55,DE,mobile,0
190fbb70-63ca-40f6-8607-27b25a2cfc98,user_3,834.43,gaming,2025-12-05 23:10:55,FR,tablet,0
4973b42e-7d60-4aa4-96c4-dd6cf8902b98,user_19,252.02,electronics,2025-12-05 23:10:55,US,mobile,0
2592db90-6761-49a7-bfbc-06c1d69c9da6,user_3,1051.96,clothing,2025-12-05 23:10:55,CN,mobile,0
185eb31b-c4cd-479c-9f5a-b10bacbe4406,user_17,1992.9,books,2025-12-05 23:10:55,DE,mobile,0
83dd7ab3-3587-44d8-9db0-14c55d6041a9,user_5,749.1,clothing,2025-12-05 23:10:55,FR,mobile,0
24ee3a0d-a4cd-497c-809b-072f283cea2b,user_9,803.37,gaming,2025-12-05 23:10:55,US,tablet,0
15a7b4d6-7292-486d-b5c7-8e3f3c588da2,user_13,852.52,clothing,2025-12-05 23:10:55,FR,desktop,0
3eb9f0b4-ec9b-4bb5-83e3-8a0403616721,user_13,810.63,books,2025-12-05 23:10:55,DE,tablet,0
f37c5ccc-0a54-4d81-8e65-d505fefbed27,user_11,1484.03,electronics,2025-12-05 23:10:55,CN,tablet,1
fc4988c4-ba44-4bb2-bcc5-c95b568493a6,user_16,1922.49,clothing,2025-12-05 23:10:55,DE,desktop,0
c324e823-6802-4d3e-9741-8a0ee12f7cb3,user_9,160.48,home,2025-12-05 23:10:55,RU,mobile,0
7d46d3ec-6338-44a5-94ca-9bf341481b45,user_19,336.3,home,2025-12-05 23:10:55,DE,tablet,0
d433da5e-8a85-4768-b310-24011cc89907,user_1,345.78,electronics,2025-12-05 23:10:55,FR,desktop,0
2d9fcdb5-3849-404f-9953-365582e12f06,user_20,463.3,home,2025-12-05 23:10:55,DE,mobile,0
5ade5a59-d562-4776-9c11-d936a219ed45,user_2,1974.06,electronics,2025-12-05 23:10:55,FR,tablet,1
36a21c1b-fc5b-4046-bfb3-c97e2f3f7dbb,user_1,1170.69,gaming,2025-12-05 23:10:55,CN,tablet,0
79386f83-7dcb-44aa-8e57-6b0162649c68,user_15,943.82,electronics,2025-12-05 23:10:55,FR,mobile,0
0dba82e5-c75c-4fcc-b1b5-5939690fef51,user_18,1600.56,home,2025-12-05 23:10:55,CN,mobile,0
642c5cfd-1c75-460c-9f36-687074c65a0e,user_6,1793.8,home,2025-12-05 23:10:55,FR,desktop,0
c0d845cb-3270-4909-a5a3-cb572919ebf3,user_12,625.3,electronics,2025-12-05 23:10:55,CN,tablet,0
f845362a-9704-485a-9262-d808e6f41b28,user_20,262.02,home,2025-12-05 23:10:55,DE,desktop,0
c95910c3-b491-4057-8be3-250620345b1c,user_1,1450.58,gaming,2025-12-05 23:10:55,FR,mobile,0
15728c6c-6c06-4247-85e1-f3f2aa5e0c5a,user_6,1214.69,clothing,2025-12-05 23:10:55,DE,tablet,0
da902515-3708-4fbc-aaae-aec785b38a62,user_12,1839.3,electronics,2025-12-05 23:10:55,RU,tablet,1
8f50ffda-045b-4f23-a2a1-79e6b6aeb3c4,user_7,1222.07,clothing,2025-12-05 23:10:55,DE,desktop,0
a68d8efb-1720-44af-b1e1-e0d93b28ff6d,user_17,1522.53,electronics,2025-12-05 23:10:55,US,desktop,1
86671ac1-8999-4291-8e88-4cad4e8c5f97,user_2,1795.85,gaming,2025-12-05 23:10:55,CN,desktop,0
c2501513-e53a-48a3-b7af-65617fa764a0,user_3,714.6,gaming,2025-12-05 23:10:55,DE,tablet,0
c5c64047-10a2-42c9-9838-f2cf04db9f6b,user_20,130.48,electronics,2025-12-05 23:10:55,US,desktop,0
628a10d4-5f36-459f-89e3-11185cab87b7,user_6,379.7,electronics,2025-12-05 23:10:55,DE,mobile,0
b14a1fd5-4f5c-4c3e-9bde-4cb2efd94a0b,user_8,149.59,books,2025-12-05 23:10:55,FR,tablet,0
aaa832fe-1984-4c48-9a9a-dee626500f5f,user_13,480.05,home,2025-12-05 23:10:55,FR,tablet,0
11d12872-251f-439c-86d9-7049a3abbf35,user_20,234.84,gaming,2025-12-05 23:10:55,DE,mobile,0
fb840a0e-c5b4-44f9-a832-37492d409a22,user_8,225.04,books,2025-12-05 23:10:55,US,mobile,0
9032c208-356f-4a32-9d3e-01516e9fa6b4,user_20,736.52,home,2025-12-05 23:10:55,FR,tablet,0
26c1ad67-a4f2-4beb-91ee-f26ecd0e11e5,user_5,422.87,gaming,2025-12-05 23:10:55,RU,tablet,0
7b92f4af-a650-4b9f-b37a-00dbaff6a32f,user_17,1876.59,gaming,2025-12-05 23:10:55,CN,desktop,0
645ead7d-c449-49d9-8860-7164f741a0b4,user_10,1409.61,electronics,2025-12-05 23:10:55,US,tablet,1
aecf7831-c9d8-4b32-95c4-339b9e8f7c32,user_4,540.83,gaming,2025-12-05 23:10:55,DE,mobile,0
4a606732-1ca5-4908-bffd-384d1ec14de3,user_16,1963.64,books,2025-12-05 23:10:55,FR,desktop,0
af5debf5-64fe-4f03-9cc7-dd2563716c14,user_12,160.77,electronics,2025-12-05 23:10:55,CN,tablet,0
16eb9503-a9d4-4832-b04a-4aaf512d545a,user_7,1300.98,home,2025-12-05 23:10:55,DE,mobile,0
8667549f-ee17-4102-ba01-74a5f80f5b55,user_15,370.06,gaming,2025-12-05 23:10:55,RU,desktop,0
f7b87c1f-1a4d-4724-a85a-84ad2814400f,user_2,177.22,books,2025-12-05 23:10:55,CN,tablet,0
7f4542a9-36e4-473f-9e39-9e19fdd720cb,user_20,1068.27,electronics,2025-12-05 23:10:55,CN,desktop,1
1e764673-cc8e-4a61-bf14-c48f459ae63f,user_7,1861.7,clothing,2025-12-05 23:10:55,US,tablet,0
c6fc6b22-e01d-4f5e-ae2d-5e56ea2b2b2a,user_3,1498.27,home,2025-12-05 23:10:55,RU,desktop,0
42abebad-73bb-4904-a679-b1d19bbd045a,user_4,889.27,gaming,2025-12-05 23:10:55,CN,desktop,0
f65750d3-936a-4dc8-8615-609f216e9c69,user_10,954.98,books,2025-12-05 23:10:55,US,mobile,0
cd52a743-08e9-4bb3-bfce-15a0b5558728,user_2,1666.89,home,2025-12-05 23:10:55,CN,tablet,0
550d20e3-fdf7-45be-be6d-249dd7d5ea98,user_11,1170.06,home,2025-12-05 23:10:55,FR,mobile,0
1714d3b1-9713-4a94-babb-82bfdd979abe,user_9,861.48,gaming,2025-12-05 23:10:55,US,mobile,0
a3418f40-cbb0-4d6e-82fb-1606e69efd99,user_12,457.26,clothing,2025-12-05 23:10:55,DE,mobile,0
7e49ce57-7e48-4546-a861-6c073c431e20,user_20,1646.92,electronics,2025-12-05 23:10:55,RU,desktop,1
08d3510f-868d-4826-bb12-684711effd34,user_15,1276.9,home,2025-12-05 23:10:55,FR,mobile,0
0c2aa567-3370-48e2-bf01-3e974afa6f50,user_1,1907.82,home,2025-12-05 23:10:55,US,tablet,0
aac443ef-45a3-4e76-9b9e-6f27ae2f12f3,user_17,1382.0,gaming,2025-12-05 23:10:55,FR,desktop,0
448835b9-f50f-4370-95e5-d01a6a9b9e40,user_5,1743.2,clothing,2025-12-05 23:10:55,RU,tablet,0
2511fc4f-ecbd-4975-a244-a60ea21fd838,user_3,1967.24,gaming,2025-12-05 23:10:55,RU,desktop,0
47215c15-9a49-48b9-8c88-e5b217fb332d,user_1,750.41,gaming,2025-12-05 23:10:55,RU,desktop,0
40dcc43a-7ce3-425a-ba30-36cff0d6ebe5,user_15,1068.73,electronics,2025-12-05 23:10:55,DE,tablet,1
651af16e-f44c-4b07-9a87-d041d025bbac,user_9,1410.34,home,2025-12-05 23:10:55,RU,desktop,0
3549160c-d056-427f-940f-0dda4cd2a010,user_8,1066.0,electronics,2025-12-05 23:10:55,RU,tablet,1
72c0a306-7018-4ca7-a271-9c5974640104,user_8,104.06,gaming,2025-12-05 23:10:55,FR,tablet,0
903a58ee-99ed-4ea7-a380-feda5c1bdc49,user_3,1418.8,gaming,2025-12-05 23:10:55,CN,desktop,0
81602c43-e914-44cc-b961-867c526c6575,user_6,1802.54,clothing,2025-12-05 23:10:55,CN,desktop,0
b7469fff-e1fe-4266-9942-015a3a420188,user_12,22.96,clothing,2025-12-05 23:10:55,CN,tablet,0
18b3239a-68f2-487f-9c81-5fa7b42be69e,user_20,1372.35,home,2025-12-05 23:10:55,DE,mobile,0
acf8f9af-1f93-4a87-8cf4-ee813ffabed0,user_5,1759.93,gaming,2025-12-05 23:10:55,DE,tablet,0
94c65b7d-1c05-44e4-a294-4cfb1fd32d44,user_11,616.89,gaming,2025-12-05 23:10:55,US,mobile,0
5b2f02ab-2035-41da-bb91-ed13380d6c18,user_4,1067.59,gaming,2025-12-05 23:10:55,DE,mobile,0
a751e8af-e1b3-42f5-b487-0b756ffa7f7b,user_5,691.05,clothing,2025-12-05 23:10:55,RU,mobile,0
aae8a70e-35a8-4a5c-b8a8-7f2c447012fb,user_18,902.37,electronics,2025-12-05 23:10:55,FR,desktop,0
9b133bc2-c6f2-4aa6-8c49-b29b56aa4cee,user_19,1423.08,clothing,2025-12-05 23:10:55,FR,tablet,0
3834dde4-c8b5-4ae3-9af6-364627dd3c5f,user_15,924.58,electronics,2025-12-05 23:10:55,RU,tablet,0
525ef919-fa3a-4f0f-bcd1-8ec006641ba5,user_9,1284.94,clothing,2025-12-05 23:10:55,CN,tablet,0
4fb9643e-5f34-40b2-a4c3-1daf605a9f00,user_10,1997.85,gaming,2025-12-05 23:10:55,RU,mobile,1
83b6f8c6-a848-4d70-bbbc-55645bd88225,user_4,129.95,electronics,2025-12-05 23:10:55,FR,mobile,0
2449a852-cb6c-43ee-ab0b-ed97bbf6e056,user_18,1393.39,books,2025-12-05 23:10:55,CN,mobile,0
e6d72194-8643-4ae4-8b65-28cb0c3495de,user_4,127.28,gaming,2025-12-05 23:10:55,US,tablet,0
386f1cf5-c5a5-4cf6-aa8b-01d4f1e94956,user_19,1325.04,books,2025-12-05 23:10:55,FR,tablet,0
79ea5781-16e2-4e90-abda-c7d42c87067b,user_1,1261.48,electronics,2025-12-05 23:10:55,CN,desktop,1
fdd0c53b-57aa-4a3a-9a36-a2d40f6aaecd,user_19,1829.03,gaming,2025-12-05 23:10:55,DE,desktop,0
ef8d1aca-21bc-4281-b148-9421d207ca99,user_19,1808.3,books,2025-12-05 23:10:55,FR,desktop,0
1bd33e9a-661e-4c4b-9845-c1aa64b89039,user_12,14.17,electronics,2025-12-05 23:10:55,CN,tablet,0
2adea21b-fb74-42f2-9765-59d63ccd95fc,user_7,1897.28,gaming,2025-12-05 23:10:55,DE,desktop,0
f90e5473-4563-4ab8-928d-24b650ddb72e,user_13,1674.38,books,2025-12-05 23:10:55,RU,mobile,0
8bd43f2d-ecc4-4d89-9b98-fc7cf8b4dfb0,user_18,357.19,gaming,2025-12-05 23:10:55,DE,mobile,0
ae733c92-be2d-4f29-9c3e-7b1e26c8905a,user_11,1855.88,gaming,2025-12-05 23:10:55,US,tablet,0
cef50da8-65d8-47e4-bd76-5baad10cef4a,user_4,1162.8,clothing,2025-12-05 23:10:55,FR,desktop,0
b53807c7-ba5c-425b-a3cd-38c30f308797,user_2,191.59,gaming,2025-12-05 23:10:55,US,tablet,0
c3fb01c6-d04c-4f15-a89f-528cad2517fb,user_9,1554.28,home,2025-12-05 23:10:55,FR,tablet,0
9dda64ba-6b3e-4ab8-aa7b-6e19ae5fbe55,user_2,1109.6,books,2025-12-05 23:10:55,DE,tablet,0
ab6e0cf7-62eb-498c-9c2c-b9ed453d6d36,user_3,1027.22,gaming,2025-12-05 23:10:55,US,tablet,0
1f37a0ff-7418-4c3f-a38b-812856c0e1db,user_11,1659.42,books,2025-12-05 23:10:55,RU,desktop,0
b72b6355-ae0b-44bf-8d7d-6934f12429e3,user_18,1395.05,gaming,2025-12-05 23:10:55,DE,mobile,0
2826859c-c87b-40e8-a5df-d72d010b02ff,user_2,1173.15,electronics,2025-12-05 23:10:55,CN,mobile,1
8e169b21-df7e-4174-9c4c-93906e56de9b,user_18,1720.0,gaming,2025-12-05 23:10:55,CN,tablet,0
5f320e03-bb09-4191-81c1-6f63ac89f27e,user_9,1321.45,books,2025-12-05 23:10:55,RU,mobile,0
1439e8c0-da2c-4cd9-a5f8-8d0bd0955365,user_10,1332.89,books,2025-12-05 23:10:55,FR,mobile,0
bfde383b-12fd-45cc-99b9-7fb8657040bc,user_8,1259.76,gaming,2025-12-05 23:10:55,US,mobile,0
adff5a14-1848-40d1-8320-cf1969fd7f23,user_1,79.73,electronics,2025-12-05 23:10:55,RU,desktop,0
9f1c4a26-fb38-40f6-9e7a-cc73b8908084,user_15,1296.85,clothing,2025-12-05 23:10:55,CN,tablet,0
8c40af5e-1dba-425f-8fb6-577f862c2af0,user_10,386.33,home,2025-12-05 23:10:55,DE,mobile,0
3c1b3230-3ea0-4e95-aa2f-e03d91f1a9dc,user_20,1097.45,home,2025-12-05 23:10:55,US,desktop,0
1d6c07fc-cf01-4df8-a669-84a6c6efea7e,user_14,667.28,home,2025-12-05 23:10:55,FR,mobile,0
944bc76d-8ee7-4f02-a442-b2b64c9adeb6,user_10,157.19,gaming,2025-12-05 23:10:55,DE,desktop,0
04dd7884-525c-4c9a-b86b-fe8112094556,user_19,410.95,electronics,2025-12-05 23:10:55,US,desktop,0
1d7d56ba-3dd6-4099-ab0a-8d0cd76b6153,user_13,1985.25,clothing,2025-12-05 23:10:55,CN,mobile,0
3054ee1c-5f60-4157-ba77-b15099163cf7,user_6,53.37,books,2025-12-05 23:10:55,RU,tablet,0
20a71daa-a222-4558-9982-b1cd2c6d23c7,user_11,1826.78,gaming,2025-12-05 23:10:55,DE,mobile,1
fb3abb87-9d45-4fde-b9fc-c9255d1ab04a,user_16,681.77,books,2025-12-05 23:10:55,RU,mobile,0
0ef52d5e-19da-4f48-89de-c6ff43e01ea0,user_13,1634.07,clothing,2025-12-05 23:10:55,US,mobile,0
793ee696-d9e7-46cd-91b8-c552b1634d37,user_4,152.89,gaming,2025-12-05 23:10:55,US,mobile,0
bd159ba7-63bf-460a-995f-00250e11b932,user_20,990.24,home,2025-12-05 23:10:55,FR,mobile,0
b4c67ccc-0742-417b-9eeb-db3527f2c360,user_3,1579.23,clothing,2025-12-05 23:10:55,CN,tablet,0
171ad70b-2c0e-4c94-bd25-62ebf4cfab1f,user_9,672.77,home,2025-12-05 23:10:55,RU,tablet,0
04ef7b39-2d4c-4d92-9f55-d88537a52463,user_2,1547.82,gaming,2025-12-05 23:10:55,FR,tablet,0
17fa592f-46d9-4aa6-bf16-474a5b89c6b2,user_12,757.32,books,2025-12-05 23:10:55,FR,mobile,0
9b842420-94d9-4dce-8a87-6ee327ca8d32,user_3,1041.82,clothing,2025-12-05 23:10:55,DE,desktop,0
f30ef12d-b518-4bcf-8331-e42ec4dbd6d9,user_7,1131.81,gaming,2025-12-05 23:10:55,CN,tablet,0
7092e5f2-f686-4706-8e88-496cde46ab74,user_2,1472.25,clothing,2025-12-05 23:10:55,RU,mobile,0
fcc970b9-28ba-4d94-9959-0d4769f55e7c,user_18,840.41,electronics,2025-12-05 23:10:55,CN,tablet,0
2b2b1d19-3d61-4715-baf2-3f80612796da,user_20,1285.0,electronics,2025-12-05 23:10:55,US,desktop,1
d3af71c3-873d-45c9-9b50-57fafac34cfe,user_5,1541.83,electronics,2025-12-05 23:10:55,DE,tablet,1
5762f44c-2022-41e8-8e84-edf6cff1272b,user_1,963.89,electronics,2025-12-05 23:10:55,FR,tablet,0
388635f0-a000-4728-b202-17a397240c7f,user_4,1891.36,clothing,2025-12-05 23:10:55,RU,tablet,0
7807997b-6ea8-4568-afc2-4ff423d9352f,user_18,876.73,books,2025-12-05 23:10:55,US,tablet,0
ccd595c9-d9ca-435b-9aec-dd9171baa994,user_13,1631.89,electronics,2025-12-05 23:10:55,RU,mobile,1
0e579115-761f-4043-bbf9-4dccfb6d247e,user_7,675.42,home,2025-12-05 23:10:55,CN,tablet,0
8be5f9d8-ad4a-4bc7-abeb-b9ff1ff693c4,user_15,1313.82,gaming,2025-12-05 23:10:55,RU,desktop,0
e93bce97-471b-4084-a55d-72b522cf039b,user_7,904.09,gaming,2025-12-05 23:10:55,CN,tablet,0
75c46d7e-3fee-422b-b4d8-83d7ab19e26e,user_8,1912.56,books,2025-12-05 23:10:55,US,desktop,0
b0e70063-06ec-4063-8d49-3ab071906cc6,user_14,888.74,gaming,2025-12-05 23:10:55,US,mobile,0
136c26e8-6e28-4b18-93d0-c49c1a2d2284,user_7,508.67,clothing,2025-12-05 23:10:55,CN,tablet,0
a8aab0f6-9ea2-4990-a826-928f292d04f9,user_12,1792.94,electronics,2025-12-05 23:10:55,RU,tablet,1
f6795fed-a14c-42aa-a7fb-12f9e806ee0a,user_10,612.72,books,2025-12-05 23:10:55,US,desktop,0
2bdf01fc-b44b-4657-9d4a-6bb17062b11f,user_15,261.29,books,2025-12-05 23:10:55,DE,tablet,0
234021c1-94b0-41b1-966d-13fc41c8c00b,user_16,1664.15,gaming,2025-12-05 23:10:55,CN,desktop,0
638831cf-eaf6-404f-a211-7f63727528df,user_10,1543.98,books,2025-12-05 23:10:55,CN,mobile,0
cd817c51-3a9b-4aec-9198-13dc4b1113c0,user_3,159.09,books,2025-12-05 23:10:55,FR,mobile,0
77ff40e6-7af4-4aee-b006-f86acdc48827,user_14,1411.39,gaming,2025-12-05 23:10:55,US,tablet,0
52a3d960-6b21-4dad-8de5-beb156cf16f0,user_1,1953.86,home,2025-12-05 23:10:55,CN,mobile,0
1222a163-c681-412d-9352-fd444aed1476,user_20,1334.19,books,2025-12-05 23:10:55,RU,mobile,0
376ff72a-29f5-4959-86d1-b46f78211d0d,user_4,1851.42,home,2025-12-05 23:10:55,CN,tablet,0
27ca842b-fd47-4f5a-a862-5defbe9b7bcd,user_7,1008.59,books,2025-12-05 23:10:55,FR,tablet,0
63b10f2b-0b38-4c98-ad5d-090523c86aa7,user_8,791.88,gaming,2025-12-05 23:10:55,US,tablet,0
42977f74-7bdd-4a62-abf5-e0c2082ed978,user_3,1111.5,gaming,2025-12-05 23:10:55,US,desktop,0
9c4609fc-e23e-4a54-a6f3-6e272f971685,user_3,880.51,clothing,2025-12-05 23:10:55,DE,mobile,0
cd68e465-5607-4c0c-9d7d-a67c5f1e7359,user_8,527.14,gaming,2025-12-05 23:10:55,RU,desktop,0
2cf7264d-69de-4841-a3cf-74e9a6d9b0c2,user_12,1163.77,books,2025-12-05 23:10:55,DE,tablet,0
d49faf39-00f2-48a6-8a56-d2d7a33eeade,user_7,1863.51,clothing,2025-12-05 23:10:55,RU,tablet,0
e7540940-6459-402b-963b-ecbea160368a,user_8,1520.49,clothing,2025-12-05 23:10:55,DE,desktop,0
4d3d6d63-08d1-4a71-963f-1ece107983ad,user_12,1369.96,books,2025-12-05 23:10:55,RU,mobile,0
767e933b-5e5d-49ba-8cac-64a33dba67f9,user_18,475.54,home,2025-12-05 23:10:55,US,desktop,0
20351a3b-4b73-4f85-9de9-7c4fae1933ff,user_1,1521.44,books,2025-12-05 23:10:55,US,tablet,0
b2ef3183-b0ee-4971-b2c4-3c171da66ec6,user_10,247.89,electronics,2025-12-05 23:10:55,US,tablet,0
184e11d7-a42f-4e31-90b6-b4def35127c8,user_3,1383.03,gaming,2025-12-05 23:10:55,CN,desktop,0
9cbe40fe-e334-4031-ba89-f2bd064c2fab,user_9,1364.2,electronics,2025-12-05 23:10:55,DE,desktop,1
26fa486e-84af-4ce0-a94a-2694d8525867,user_15,30.3,clothing,2025-12-05 23:10:55,US,mobile,0
fc8b1866-0057-4085-8593-c156c43fd1db,user_18,61.2,home,2025-12-05 23:10:55,CN,tablet,0
c2d80c12-5f00-400e-985e-8e304505013a,user_11,1121.47,home,2025-12-05 23:10:55,RU,mobile,0
59185360-72ca-4d2a-9add-390ef6c80baf,user_2,180.13,home,2025-12-05 23:10:55,CN,desktop,0
32283393-2945-461c-9150-1548c1121aa4,user_19,1137.22,gaming,2025-12-05 23:10:55,CN,mobile,0
0ef72002-dd37-42f3-ab66-53e4ba1bffb7,user_1,908.12,electronics,2025-12-05 23:10:55,CN,mobile,0
a7ba9ecd-9b2f-46f9-9d42-a9ad5b7f3949,user_2,778.4,home,2025-12-05 23:10:55,US,desktop,0
c7043b4b-0d29-4a50-bfea-b974460422be,user_5,259.43,clothing,2025-12-05 23:10:55,RU,tablet,0
ed860e9c-de08-4e44-a971-878256609ee7,user_20,1241.18,clothing,2025-12-05 23:10:55,FR,tablet,0
0eaf4413-14b9-4fe4-80a2-d94a46472cfa,user_7,403.02,gaming,2025-12-05 23:10:55,DE,desktop,0
db76edb0-1b94-4d4d-ac99-fae97bf3adc1,user_10,1407.44,gaming,2025-12-05 23:10:55,US,desktop,0
a885046d-bca7-418d-83c8-d35da8dd2b63,user_13,497.5,home,2025-12-05 23:10:55,RU,tablet,0
a940d933-d8d5-4a0b-b102-8ff44e8ac9e3,user_14,1504.25,home,2025-12-05 23:10:55,DE,mobile,0
989fd31c-13ec-4207-ae8c-ef839d7aa5d7,user_9,1453.75,electronics,2025-12-05 23:10:55,DE,desktop,1
737a7217-5ac3-4f48-85fb-62a45d000f38,user_14,1547.7,clothing,2025-12-05 23:10:55,CN,desktop,0
34d8cd02-110b-4c56-8499-7d5a2b6609ea,user_9,964.31,books,2025-12-05 23:10:55,US,tablet,0
ee09efa6-c9f2-4d3f-bf88-04e373899c81,user_17,1346.21,books,2025-12-05 23:10:55,RU,desktop,0
4d442f97-00a9-4f77-afcd-e9d3502a427a,user_15,1396.33,electronics,2025-12-05 23:10:55,US,desktop,1
ecc1b5cb-3fef-4356-b150-a1f3e9c82af2,user_15,694.44,home,2025-12-05 23:10:55,RU,mobile,0
9ad5f22c-d920-4e8e-b80d-b332f750ffc7,user_3,1137.09,home,2025-12-05 23:10:55,CN,mobile,0
513a19c0-1104-490e-b097-27e15ee08b30,user_3,1600.76,books,2025-12-05 23:10:55,FR,tablet,0
c875bdbf-a76a-444f-943f-384f1ef3bb15,user_17,1406.27,books,2025-12-05 23:10:55,US,mobile,0
5ca056ad-35fb-4056-aac3-7e4a59b24bfa,user_17,168.6,gaming,2025-12-05 23:10:55,CN,tablet,0
799b5967-2488-466c-96ec-8ddb5d9c468d,user_20,1498.19,home,2025-12-05 23:10:55,DE,tablet,0
1ea29167-d1a1-4120-a315-46202fe59fdf,user_10,1200.5,clothing,2025-12-05 23:10:55,CN,mobile,0
c5657d27-376f-4492-ba59-5231b507bc6e,user_9,1180.05,books,2025-12-05 23:10:55,FR,desktop,0
81bba6df-a86b-4394-8957-d55c29176cf4,user_8,847.56,electronics,2025-12-05 23:10:55,CN,desktop,0
8955bab1-971b-4dbc-aa81-6fd20dec4096,user_12,530.32,clothing,2025-12-05 23:10:55,CN,desktop,0
b87a65f9-3125-4e76-b75c-cf3ac0b029ca,user_11,232.0,gaming,2025-12-05 23:10:55,CN,mobile,0
bfab146b-fdc5-491b-a169-d73e83d62607,user_11,1186.78,gaming,2025-12-05 23:10:55,CN,desktop,0
93632245-a2ee-4d09-9d51-1f14d6b21c19,user_18,1983.05,gaming,2025-12-05 23:10:55,US,tablet,0
93e0c080-637f-42d5-a4c2-43eeb92e9cd2,user_18,1045.24,books,2025-12-05 23:10:55,US,tablet,0
068317eb-a71c-417a-88b2-c11e010068fe,user_16,1139.68,electronics,2025-12-05 23:10:55,CN,tablet,1
a36b81b5-10a2-4827-9b3a-54c9014c63e0,user_19,405.17,home,2025-12-05 23:10:55,CN,tablet,0
57175c94-62c6-4db1-a911-c24a19bb02de,user_2,1842.38,home,2025-12-05 23:10:55,US,desktop,0
3fc86873-a2c1-4c3e-a70a-6a8ad7d0323a,user_3,891.26,books,2025-12-05 23:10:55,RU,mobile,0
26a54b42-7c98-4f49-af98-0201c1eebe1e,user_4,1204.03,electronics,2025-12-05 23:10:55,CN,mobile,1
a4c78490-e5b6-4874-9ae6-6563fa0433be,user_12,843.26,electronics,2025-12-05 23:10:55,CN,desktop,0
e1afaa69-7dbb-4e46-b742-5cd79f2685a9,user_10,1464.63,electronics,2025-12-05 23:10:55,RU,mobile,1
5af01e2f-980f-4722-b1c2-35e64dd05826,user_15,1978.67,clothing,2025-12-05 23:10:55,FR,tablet,0
a960fb31-d36e-4bd0-b9ea-c406215de166,user_19,1793.81,clothing,2025-12-05 23:10:55,US,mobile,0
f9d44305-3e53-49f0-935c-24e6ee5506b3,user_12,1844.33,gaming,2025-12-05 23:10:55,RU,mobile,1
00175ef3-9b4e-4633-ba4a-a758908b13ba,user_15,883.47,electronics,2025-12-05 23:10:55,CN,desktop,0
c47b97f9-34eb-4637-9eaf-3aee63316380,user_20,921.71,clothing,2025-12-05 23:10:55,RU,mobile,0
ce70e42c-59e8-4fd2-a3cf-ca14ce3cc12e,user_20,1573.48,clothing,2025-12-05 23:10:55,US,desktop,0
cdb65580-70e2-49d0-b41e-62881e0ffd2a,user_16,1483.81,home,2025-12-05 23:10:55,CN,desktop,0
24c4039c-e571-4202-95c9-2409dddde488,user_1,1904.98,home,2025-12-05 23:10:55,FR,desktop,0
6c455845-256d-48e5-8676-5ad6bf296da8,user_4,1751.42,books,2025-12-05 23:10:55,CN,tablet,0
cb944563-896f-48f8-9d64-d80cac12abef,user_5,1167.95,electronics,2025-12-05 23:10:55,CN,desktop,1
5ff06346-ec4f-44bf-864d-95841d2f5ab5,user_13,437.3,gaming,2025-12-05 23:10:55,DE,mobile,0
392746fb-ff20-426d-b1f2-f842b715e21c,user_7,1346.93,home,2025-12-05 23:10:55,FR,desktop,0
5880212b-6b3b-440f-b6a7-64acbb5fe938,user_3,1328.02,clothing,2025-12-05 23:10:55,RU,tablet,0
dcb9348a-fa6b-4809-a690-d6390ec87c61,user_12,684.68,clothing,2025-12-05 23:10:55,FR,tablet,0
a0697b9c-8776-49bc-b9ca-254cd3f162cb,user_8,379.78,books,2025-12-05 23:10:55,DE,tablet,0
15202798-6888-46f1-a529-467983b373b3,user_17,972.58,electronics,2025-12-05 23:10:55,RU,desktop,0
7f047fb4-dae7-4fdf-a3f7-a7e9b4499d7a,user_12,1075.85,clothing,2025-12-05 23:10:55,FR,tablet,0
6773727c-2680-4baf-a10e-487d9bc7d986,user_16,935.26,home,2025-12-05 23:10:55,US,desktop,0
cb11b6d3-6a7c-409f-929e-ceda7acf2410,user_3,1804.66,books,2025-12-05 23:10:55,FR,mobile,0
ae0914c9-74b1-4007-9687-bb668195a8ca,user_1,1452.51,gaming,2025-12-05 23:10:55,DE,mobile,0
767deeb0-dc1b-4fe1-951f-f3948a74a46b,user_1,23.9,home,2025-12-05 23:10:55,RU,desktop,0
d25f84a4-2bf0-40c3-931d-f608e351da00,user_8,327.52,gaming,2025-12-05 23:10:55,CN,desktop,0
c22148d6-9145-41ee-a3b8-05e1b7e49ede,user_17,1430.84,gaming,2025-12-05 23:10:55,FR,tablet,0
4f9fd90b-6069-43ed-9fa2-db63599ba850,user_11,720.49,electronics,2025-12-05 23:10:55,CN,tablet,0
52f06815-a0b3-4afa-9998-eac0a69d2604,user_7,1046.99,electronics,2025-12-05 23:10:55,FR,mobile,1
e3d34902-c0c9-41fe-bddc-ebbb4740331a,user_12,449.22,gaming,2025-12-05 23:10:55,RU,desktop,0
2f016be4-e3bf-42a0-8c20-874cf9b68da0,user_5,1742.91,home,2025-12-05 23:10:55,FR,tablet,0
a93309a9-024f-42ce-9a8c-ea4e2a619152,user_13,1794.08,home,2025-12-05 23:10:55,RU,desktop,0
db3c3c92-fe9d-4926-ad0f-a4ac21b722b8,user_4,1960.65,gaming,2025-12-05 23:10:55,FR,mobile,1
5be37d06-12fc-42f2-835f-fedc28ae2464,user_7,1279.03,clothing,2025-12-05 23:10:55,US,mobile,0
18a5ddfd-5259-4372-b9be-332d1a8450f0,user_8,1656.86,clothing,2025-12-05 23:10:55,FR,tablet,0
301c522b-daa2-4134-901d-e472eff43980,user_13,1057.09,gaming,2025-12-05 23:10:55,US,desktop,0
6ae9995b-d423-48f7-8a1d-039c17d11878,user_6,1966.43,electronics,2025-12-05 23:10:55,US,desktop,1
722a2f96-b6b0-45e9-82e7-237e67a3a2e4,user_20,259.53,home,2025-12-05 23:10:55,FR,tablet,0
acee22c1-954b-46aa-8fc7-115c0bec66c4,user_15,507.41,home,2025-12-05 23:10:55,FR,mobile,0
ab55d365-59df-469b-970b-dfb130ee1181,user_16,47.69,electronics,2025-12-05 23:10:55,FR,desktop,0
d0f97f27-02f8-4f38-859f-c579993f7e32,user_5,1091.1,gaming,2025-12-05 23:10:55,US,tablet,0
b8b5ce12-af99-418e-83bf-40a7636d147c,user_1,690.78,electronics,2025-12-05 23:10:55,DE,desktop,0
ac5290f9-2d63-4458-bb58-0aedaf594afd,user_14,1652.58,electronics,2025-12-05 23:10:55,DE,tablet,1
f5beae7c-5761-4dd3-a0ad-98cc7124c968,user_2,290.1,home,2025-12-05 23:10:55,DE,mobile,0
0239f01e-8a9b-4e70-9936-7a012f2237bd,user_15,86.51,books,2025-12-05 23:10:55,DE,tablet,0
58c788d0-b549-4f38-aae1-d45a3bae3b8f,user_18,844.73,electronics,2025-12-05 23:10:55,US,desktop,0
cec780e6-a27f-4297-9260-2e90e0711426,user_12,606.31,books,2025-12-05 23:10:55,CN,mobile,0
532faced-69fb-4757-ab67-98f3df401483,user_20,337.27,electronics,2025-12-05 23:10:55,CN,mobile,0
6e5099a7-c216-4d6a-bebc-c9a006cedd69,user_17,1208.15,clothing,2025-12-05 23:10:55,CN,mobile,0
0ec0b45a-6350-486b-a2fa-d64365c6de88,user_16,1280.73,clothing,2025-12-05 23:10:55,RU,desktop,0
38edc8b4-a4b2-43bb-8f92-34fcaae2c779,user_17,116.71,books,2025-12-05 23:10:55,RU,desktop,0
f89673e9-f4ab-4227-963e-cad9749429cc,user_2,242.89,home,2025-12-05 23:10:55,US,mobile,0
89f1a745-414c-4269-a35e-d2cc928dafdb,user_7,1783.99,books,2025-12-05 23:10:55,DE,mobile,0
f1a46184-79f7-43d9-b02f-005a61cd00c8,user_13,1808.83,electronics,2025-12-05 23:10:55,DE,mobile,1
19b12c30-bd99-4711-a6ef-8fbff2881794,user_20,118.51,books,2025-12-05 23:10:55,CN,mobile,0
8647da68-7790-43d7-8f44-f4c579d3e2c1,user_2,721.54,clothing,2025-12-05 23:10:55,CN,mobile,0
2c0491ad-049d-4135-9b10-fcc7325d2cba,user_18,1894.01,clothing,2025-12-05 23:10:55,DE,tablet,0
b51101a4-c7a4-4fa2-8863-9ec6fc923e8f,user_5,1914.24,clothing,2025-12-05 23:10:55,RU,tablet,0
922bfdb9-a1d9-4810-bcfb-1abba8a1e1ce,user_20,933.79,electronics,2025-12-05 23:10:55,CN,tablet,0
c58bd5cb-5c96-4c3f-93c7-5b85ef5738ad,user_7,51.95,gaming,2025-12-05 23:10:55,CN,tablet,0
b303ec24-6500-41e2-9043-2dbf0da9d81b,user_15,787.69,gaming,2025-12-05 23:10:55,DE,mobile,0
67c5fde0-6960-485a-bff7-29597454cd48,user_4,624.21,gaming,2025-12-05 23:10:55,FR,tablet,0
bb95c361-fd10-4b42-bb4e-fe08b15b0d80,user_15,1735.92,clothing,2025-12-05 23:10:55,CN,tablet,0
70f668df-d099-4613-a8bd-e66b64a56077,user_10,580.46,gaming,2025-12-05 23:10:55,FR,desktop,0
59511ebf-2808-4100-a965-47cc9c43b411,user_15,1107.71,books,2025-12-05 23:10:55,RU,tablet,0
8005cd6a-60ce-4f3d-a08e-851047314e43,user_8,1216.01,gaming,2025-12-05 23:10:55,DE,tablet,0
f1258b11-2eb9-415e-8afc-3e9fa2c16c42,user_17,526.34,books,2025-12-05 23:10:55,RU,tablet,0
0ae4e163-fbe7-4192-bdab-ec1e0ca9d181,user_1,1289.71,home,2025-12-05 23:10:55,CN,desktop,0
d4da5023-0dac-4aaf-a5c9-fbeb453669dd,user_13,1810.95,books,2025-12-05 23:10:55,US,tablet,0
fd544dc7-12c3-4d65-adaa-0edd12ea75bc,user_13,1830.43,clothing,2025-12-05 23:10:55,DE,desktop,0
ec0d2682-5e13-466a-8006-01efcde5d86c,user_4,193.71,clothing,2025-12-05 23:10:55,US,desktop,0
4780dd06-8de7-4397-b449-f866ac86572d,user_9,1034.45,gaming,2025-12-05 23:10:55,RU,tablet,0
8defaf6a-4f1b-469d-9589-b91eea19deae,user_6,842.68,electronics,2025-12-05 23:10:55,CN,mobile,0
1ea957b9-3781-4264-a4e9-828b6187a7ab,user_18,1701.19,home,2025-12-05 23:10:55,US,tablet,0
22db2161-2a58-4b5f-a446-f431506bff7d,user_20,1941.28,electronics,2025-12-05 23:10:55,DE,tablet,1
12a7f716-3764-4dd5-a32b-87434c1fed82,user_9,819.04,electronics,2025-12-05 23:10:55,CN,desktop,0
2dc83be4-8a26-49f1-a992-96a6b5815d1f,user_17,1307.24,clothing,2025-12-05 23:10:55,DE,desktop,0
def58997-3d9c-4fde-a1c1-4a48036b50c4,user_15,360.4,clothing,2025-12-05 23:10:55,US,mobile,0
b6fd2e80-9434-47b0-b784-22e1b5a3ed05,user_10,590.11,books,2025-12-05 23:10:55,DE,mobile,0
55ef3730-7661-45d3-880e-a4112a847d83,user_10,786.32,books,2025-12-05 23:10:55,DE,tablet,0
84239542-fbd3-409d-9c6a-35cd7cba7141,user_16,64.16,electronics,2025-12-05 23:10:55,RU,mobile,0
45a36b05-5b5c-4a8d-9e8a-56247c6eba88,user_1,1350.07,books,2025-12-05 23:10:55,RU,mobile,0
fd8e72fc-bf90-4056-9434-2c8f6a0588b6,user_16,1886.45,home,2025-12-05 23:10:55,US,mobile,0
eeceffc1-6978-47dc-a5b9-0baee2a52fb5,user_8,1953.46,electronics,2025-12-05 23:10:55,US,mobile,1
3284980c-4a41-4b27-bc31-211bf70fab0d,user_16,1664.27,clothing,2025-12-05 23:10:55,US,tablet,0
4ef9ef5d-07ea-4d4c-90a4-70edcbd9bd3e,user_17,668.19,clothing,2025-12-05 23:10:55,DE,mobile,0
e8b9c8db-5ab7-4780-9725-72612ce7ef1c,user_15,855.82,home,2025-12-05 23:10:55,RU,mobile,0
2558b28f-31c9-48d0-b9dc-c49bbff6f9fe,user_5,1065.08,electronics,2025-12-05 23:10:55,CN,desktop,1
51a9baeb-e81c-4b59-b30c-a1871a4663af,user_11,246.45,gaming,2025-12-05 23:10:55,FR,tablet,0
eac95347-1831-48e1-a7ad-bdacb8f377b7,user_9,492.52,books,2025-12-05 23:10:55,FR,mobile,0
68b21dcb-6137-4e51-a1d5-77cfeb3d85e4,user_14,1645.55,books,2025-12-05 23:10:55,DE,mobile,0
a09f33d7-676e-492b-a975-25d8dd06deac,user_2,572.83,home,2025-12-05 23:10:55,FR,desktop,0
4c900cd7-bcbe-467a-9a7b-aab30d05e391,user_8,1667.35,gaming,2025-12-05 23:10:55,RU,desktop,0
0d665f2c-8484-4c3f-a1cf-69716537acf1,user_1,200.77,home,2025-12-05 23:10:55,FR,desktop,0
00a6cb57-0e0c-41a9-8790-095b3ca52fc6,user_15,1829.19,books,2025-12-05 23:10:55,DE,desktop,0
d146f574-40c6-4995-8e78-60e79d7e9c0e,user_10,147.05,home,2025-12-05 23:10:55,DE,mobile,0
83a7e7f0-39da-40a1-8e7b-2585ee63127c,user_18,1858.16,clothing,2025-12-05 23:10:55,DE,desktop,0
1c7197ab-cbcb-494a-8064-ef3b8b7f4648,user_15,1560.19,clothing,2025-12-05 23:10:55,CN,mobile,0
6782ad45-5e30-4d23-9a04-b57cf394971f,user_9,1466.56,gaming,2025-12-05 23:10:55,CN,desktop,0
d64d660a-0da3-4e15-a550-f87e5113222d,user_4,1547.13,books,2025-12-05 23:10:55,RU,mobile,0
e56cebd9-2125-4daf-ba4f-6bbe7e90adea,user_12,1754.79,books,2025-12-05 23:10:55,RU,desktop,0
764ae060-1ee2-48f1-8987-196b48093f2d,user_4,15.48,clothing,2025-12-05 23:10:55,FR,tablet,0
0be5b32e-26c5-4314-b320-d1a53290c596,user_7,151.38,gaming,2025-12-05 23:10:55,FR,desktop,0
23f673f7-c26c-4262-a625-d19b11f0d5c8,user_8,1614.22,clothing,2025-12-05 23:10:55,US,mobile,0
bb7d1545-5a9f-44be-bacc-5db57d59be74,user_19,1328.27,electronics,2025-12-05 23:10:55,CN,desktop,1
e9e4c015-1729-42e1-9653-00e2b9ebe49b,user_2,116.66,electronics,2025-12-05 23:10:55,US,mobile,0
c1e88ce6-4189-40c4-9ac1-ecb66e79e540,user_13,1987.96,home,2025-12-05 23:10:55,CN,mobile,0
1c9c22b2-9a2b-47bd-b3c5-3bd447663e49,user_18,665.02,books,2025-12-05 23:10:55,US,mobile,0
474cd310-a444-4770-96e7-0a8cfddb9a7a,user_2,1776.24,clothing,2025-12-05 23:10:55,CN,desktop,0
3f4c7bc3-cf05-4f14-8be3-3036fa70b1fb,user_18,855.4,gaming,2025-12-05 23:10:55,FR,desktop,0
7ce0a79c-2278-4642-8ba2-017af1deb19b,user_5,1422.34,books,2025-12-05 23:10:55,US,desktop,0
88d162c0-c04b-4193-bad7-94ad60919727,user_11,1614.68,home,2025-12-05 23:10:55,DE,desktop,0
5d7ce7b1-8ec0-48a4-8345-173f635c94e8,user_9,155.03,gaming,2025-12-05 23:10:55,DE,mobile,0
8ca26953-30af-4b66-8063-f19140f9ad00,user_18,293.78,gaming,2025-12-05 23:10:55,FR,desktop,0
b3becca7-7510-45a8-89bf-d91de4e21027,user_10,1194.96,electronics,2025-12-05 23:10:55,DE,desktop,1
4faf6bf2-5e9f-49ff-94da-c7c46ce0370e,user_12,1767.71,books,2025-12-05 23:10:55,RU,tablet,0
3e272c3b-6120-43ec-9b3b-c32a3e9648d3,user_15,6.44,gaming,2025-12-05 23:10:55,FR,desktop,0
474c1cbe-ad69-41ca-b422-3e8e539388b5,user_12,152.27,home,2025-12-05 23:10:55,RU,desktop,0
96dbdf3d-ac2e-4196-919e-49f6de1d576e,user_17,1892.16,books,2025-12-05 23:10:55,FR,tablet,0
d23ef2c7-3b52-4441-91f2-e52fdf359ac8,user_10,219.56,electronics,2025-12-05 23:10:55,RU,tablet,0
5731eebc-5a9b-4f9f-9378-12da6a8b7830,user_14,656.06,gaming,2025-12-05 23:10:55,DE,tablet,0
ba79292c-eb3c-414d-bf3a-4ec8dd8c10a3,user_15,1386.96,books,2025-12-05 23:10:55,CN,desktop,0
d7402009-bfae-4d98-b76c-4163c6d3e55a,user_9,854.49,gaming,2025-12-05 23:10:55,US,tablet,0
fb5bcea7-c914-4fec-93a9-638131c7a300,user_2,51.67,clothing,2025-12-05 23:10:55,FR,desktop,0
5e5473a9-1f0c-4c67-95be-5f38a509776e,user_14,1469.97,clothing,2025-12-05 23:10:55,DE,desktop,0
2b0d7bee-f986-4501-95a0-2b7ab054dc71,user_10,335.29,books,2025-12-05 23:10:55,CN,mobile,0
94daa08c-749b-4237-900f-d70b7219ccc3,user_13,1399.67,books,2025-12-05 23:10:55,DE,tablet,0
fd669618-2092-4d5d-b5c5-e4ec79ad53d5,user_8,204.03,books,2025-12-05 23:10:55,CN,desktop,0
80c6bdb0-b58c-4cc4-a77e-96730255d31b,user_8,804.86,home,2025-12-05 23:10:55,CN,mobile,0
d18f0e16-23b2-4ad6-99d9-559d4bd76503,user_2,1055.0,books,2025-12-05 23:10:55,CN,desktop,0
c7958fd1-2043-4621-bb32-2dd9b949562d,user_19,84.54,gaming,2025-12-05 23:10:55,US,desktop,0
831f0c90-6029-46e6-ab4f-976d12cccc24,user_4,962.79,clothing,2025-12-05 23:10:55,RU,tablet,0
fb2f89f3-437f-4996-93aa-51c60551ec00,user_2,153.43,books,2025-12-05 23:10:55,CN,tablet,0
d6528b9c-ed09-4776-bbd1-7beef2e66482,user_9,1320.3,clothing,2025-12-05 23:10:55,RU,mobile,0
9239dd12-b34f-4002-90d8-c4215ced9466,user_10,1819.21,books,2025-12-05 23:10:55,FR,desktop,0
55551017-8f01-4675-94f6-92677c04bddf,user_13,428.18,electronics,2025-12-05 23:10:55,DE,mobile,0
5b8bf304-7f79-41e1-be2d-76fd676caf25,user_2,1133.27,gaming,2025-12-05 23:10:55,FR,mobile,0
04a6ea43-268b-4fa2-9f6b-3857033de986,user_14,1932.28,gaming,2025-12-05 23:10:55,CN,mobile,1
241f9e8c-c3f6-46fc-967c-c8b663ac79a1,user_9,934.25,home,2025-12-05 23:10:55,US,mobile,0
c3800a7b-aea8-4e8a-8d1d-b0a1e624ffc6,user_8,1918.96,books,2025-12-05 23:10:55,RU,mobile,0
1f6ec089-6b14-4007-b921-8999657287eb,user_16,627.4,gaming,2025-12-05 23:10:55,RU,tablet,0
df39b127-e383-4903-ae7c-f1f7aadb7e34,user_5,1843.21,home,2025-12-05 23:10:55,CN,mobile,0
9fb69de5-65b1-4e5c-ad07-17a1bb0f349c,user_8,1547.69,books,2025-12-05 23:10:55,CN,tablet,0
fd87bb3a-00d8-4890-8d7b-143688bd69bd,user_17,346.76,gaming,2025-12-05 23:10:55,US,tablet,0
4ee6a9bc-f997-4682-9b6b-0dd17a3c82aa,user_20,302.72,gaming,2025-12-05 23:10:55,CN,mobile,0
ae197230-3b1b-4571-8619-c772337914f1,user_8,103.19,electronics,2025-12-05 23:10:55,CN,desktop,0
126b473f-a177-474c-b0c9-18fcbbb62e3f,user_13,1524.45,home,2025-12-05 23:10:55,US,mobile,0
55bfce9e-8c58-4653-bf14-ddba15eae156,user_11,1436.72,clothing,2025-12-05 23:10:55,DE,mobile,0
08dd0f65-ecbb-4e7c-bb6e-992a5ed22abf,user_6,338.33,electronics,2025-12-05 23:10:55,US,desktop,0
b192f46b-9a4d-4913-8790-ff673677592c,user_17,614.82,home,2025-12-05 23:10:55,FR,tablet,0
b31bd350-6250-410c-8776-c3972d6e10ef,user_17,782.86,clothing,2025-12-05 23:10:55,CN,desktop,0
f6d10ff1-e20a-45b9-b19e-95e9a56de1f8,user_17,539.93,electronics,2025-12-05 23:10:55,CN,mobile,0
5d4e4216-9ae9-4cdb-81cc-36e10dbecf9f,user_3,937.68,gaming,2025-12-05 23:10:55,DE,mobile,0
11104f93-2b87-426f-9df5-ae2e3151ec3c,user_20,50.66,electronics,2025-12-05 23:10:55,FR,desktop,0
6b2c2125-4e45-4dc6-8d2d-d0e598840928,user_19,1511.17,books,2025-12-05 23:10:55,CN,mobile,0
8c929746-6bcb-4710-9ddb-ff61754aaae2,user_5,1173.33,electronics,2025-12-05 23:10:55,FR,desktop,1
10ae7739-ca9f-45f3-9d90-3d49ec1cae5b,user_17,1521.46,clothing,2025-12-05 23:10:55,DE,tablet,0
9301f774-8df7-41ef-a0a7-bfa539c3c7d8,user_10,1403.45,gaming,2025-12-05 23:10:55,US,desktop,0
52ed58f8-0ad8-4493-b3d5-29cf417d3786,user_6,883.98,books,2025-12-05 23:10:55,RU,tablet,0
276530d9-a65e-49dd-bfaa-5ef89b448d02,user_17,342.74,gaming,2025-12-05 23:10:55,CN,mobile,0
e507cd1a-d4de-4400-ac76-6ffacce40167,user_20,1015.86,clothing,2025-12-05 23:10:55,DE,desktop,0
a973ba49-77f0-4d45-9c85-bab8fb83c3a1,user_2,1602.83,books,2025-12-05 23:10:55,RU,mobile,0
2e5d09e9-9b67-4a96-86d1-fde66e3c1d3e,user_1,297.56,books,2025-12-05 23:10:55,US,desktop,0
bbe43494-10e3-4608-bc9d-fa0b1f4590a7,user_15,741.15,books,2025-12-05 23:10:55,RU,desktop,0
c9b50a65-b473-4a50-b3a7-56470fb6deca,user_13,176.86,home,2025-12-05 23:10:55,CN,mobile,0
f5ea5327-47b4-479e-9836-f964330946ee,user_13,40.68,gaming,2025-12-05 23:10:55,CN,mobile,0
ff474a3d-5b7b-4374-975b-5ae4303b3a97,user_8,96.13,books,2025-12-05 23:10:55,RU,desktop,0
1078a6c6-269a-47f8-ab2e-d004342f533b,user_6,1812.1,gaming,2025-12-05 23:10:55,DE,mobile,1
01929f28-61ac-4d54-99d3-882f1848929a,user_20,1955.72,books,2025-12-05 23:10:55,FR,tablet,0
adbb449f-8d8a-421e-9372-6dce0b99d24a,user_20,1190.7,books,2025-12-05 23:10:55,DE,tablet,0
d418640e-12e9-429c-8e04-8ddfba5aad5a,user_14,205.99,books,2025-12-05 23:10:55,CN,mobile,0
1a1de5ff-3a50-4d5b-8f67-8254199e7ed5,user_16,825.65,gaming,2025-12-05 23:10:55,DE,mobile,0
4fe103a6-8dc6-4d43-a517-fb7cdc43a48c,user_16,1046.24,clothing,2025-12-05 23:10:55,FR,tablet,0
e0bf6282-fe96-4ce2-879b-f9b9ae4608bf,user_2,1707.72,home,2025-12-05 23:10:55,CN,tablet,0
bf1d62cb-be53-4d2f-9559-e120ad26b6c9,user_16,20.67,gaming,2025-12-05 23:10:55,RU,mobile,0
4ae25a52-4135-4bf7-8689-2ff0ea8b8285,user_1,285.26,books,2025-12-05 23:10:55,US,tablet,0
fb41e7ef-5cac-4673-9810-185e0469aa4d,user_11,873.14,books,2025-12-05 23:10:55,DE,mobile,0
4bdf95c2-0b68-46c4-be3a-b58dead33d08,user_5,1432.43,home,2025-12-05 23:10:55,FR,desktop,0
e3a433ee-3c14-4818-8d46-48bae9645343,user_9,192.5,home,2025-12-05 23:10:55,CN,tablet,0
aaa266e1-7b64-46bd-a9e4-8aa8d6e78eb5,user_1,804.37,electronics,2025-12-05 23:10:55,DE,mobile,0
c9749a82-ebf1-45ec-8e96-6fb8d03b5637,user_18,1363.76,home,2025-12-05 23:10:55,RU,desktop,0
c9c91b0a-b57d-481b-b0ec-3e1e0a24b33b,user_15,45.01,gaming,2025-12-05 23:10:55,FR,mobile,0
6e029cf3-ecd4-4955-8467-b7236cb64a6e,user_1,1468.18,electronics,2025-12-05 23:10:55,FR,desktop,1
dd42b06b-3ca9-4990-a394-f3aa664939a3,user_12,1329.0,electronics,2025-12-05 23:10:55,RU,desktop,1
d580ec52-da4b-4ed2-8aca-a01de4085e10,user_5,918.03,electronics,2025-12-05 23:10:55,FR,tablet,0
9db03d95-d3f5-40fb-94bc-dffb6a7f98bf,user_17,319.15,electronics,2025-12-05 23:10:55,RU,mobile,0
bd64b7d3-080e-4581-8d4a-a9c962e63ab0,user_7,1278.16,electronics,2025-12-05 23:10:55,RU,tablet,1
8a9240f8-de26-422b-8270-2585eec1d667,user_15,1759.64,home,2025-12-05 23:10:55,US,desktop,0
b220f898-bc5e-42ab-b8fb-9a555460fdc7,user_10,15.26,gaming,2025-12-05 23:10:55,FR,tablet,0
0fef3355-8922-4920-bc07-6fa137574772,user_20,52.46,gaming,2025-12-05 23:10:55,FR,tablet,0
f97917fa-0eed-4447-9977-87d1382ef54c,user_19,900.64,home,2025-12-05 23:10:55,RU,desktop,0
fbda1de0-6964-4b7b-b891-879d303445ae,user_1,1642.03,electronics,2025-12-05 23:10:55,CN,desktop,1
bc5e05ed-db07-4914-8450-50a24b386550,user_7,445.89,home,2025-12-05 23:10:55,CN,desktop,0
92d05912-42fa-45bb-be97-ab8d7d71b54d,user_10,1594.89,electronics,2025-12-05 23:10:55,US,desktop,1
925770d0-a4a6-47b0-b288-8fd1e01ee828,user_20,1302.65,clothing,2025-12-05 23:10:55,CN,tablet,0
85d9fab6-2e6b-45b2-b219-1fe54d793c17,user_15,687.69,gaming,2025-12-05 23:10:55,FR,tablet,0
498060b6-cd21-4c16-8b44-310c4b0f26d4,user_12,456.38,electronics,2025-12-05 23:10:55,DE,mobile,0
a640189b-cac1-4218-b69e-bd96533d2c5c,user_14,446.7,home,2025-12-05 23:10:55,CN,tablet,0
59c6556d-49ad-445b-8e5e-a730b3935b1f,user_11,934.91,electronics,2025-12-05 23:10:55,RU,mobile,0
e3a06f41-099d-4d6b-bff5-d9948dcffa5e,user_18,1282.34,clothing,2025-12-05 23:10:55,DE,desktop,0
832dacee-c610-4470-873b-ca4ba62fa7d5,user_9,1995.38,clothing,2025-12-05 23:10:55,CN,mobile,0
7f4d5f29-7fd0-41a1-b2b6-a856560088c1,user_4,798.19,electronics,2025-12-05 23:10:55,CN,desktop,0
2b5cdac0-3ae2-4baa-830e-63e1911459da,user_16,1893.58,gaming,2025-12-05 23:10:55,FR,tablet,0
099e087c-bacc-4d9e-a6b2-be37c26d4755,user_12,1900.73,gaming,2025-12-05 23:10:55,US,mobile,1
bda017dd-8a56-4437-bfbc-8acf8b33cb88,user_7,65.94,clothing,2025-12-05 23:10:55,DE,tablet,0
94b3abb4-41c1-4bb6-9c79-9f3cf41c6914,user_17,1866.2,clothing,2025-12-05 23:10:55,US,desktop,0
9bb0fd9d-2c82-4ed7-9eb9-982709594104,user_19,1695.8,gaming,2025-12-05 23:10:55,FR,mobile,1
671c77ae-7de5-48de-96cb-354122fd12e9,user_1,884.53,gaming,2025-12-05 23:10:55,DE,desktop,0
3790ab6d-e4b6-46ce-841d-2c45cdc9e34f,user_10,1624.33,clothing,2025-12-05 23:10:55,CN,mobile,0
5a8415d4-c79d-4328-87f7-bdad59691ff9,user_20,315.48,electronics,2025-12-05 23:10:55,DE,tablet,0
075aa527-d4ec-4537-8b26-8eab716ccadb,user_18,857.2,gaming,2025-12-05 23:10:55,DE,mobile,0
b28c3913-5ab4-4dcc-928b-fc50e6f554a0,user_12,1281.22,books,2025-12-05 23:10:55,CN,desktop,0
1dc40db8-2f33-4e31-bf94-f038fb33c306,user_10,1153.37,gaming,2025-12-05 23:10:55,RU,desktop,0
f6e0f485-ec12-4055-9d38-88001f0f8384,user_17,1049.71,home,2025-12-05 23:10:55,FR,mobile,0
64d39824-bc4e-4bd3-9532-f1d178b6741e,user_10,94.05,books,2025-12-05 23:10:55,FR,tablet,0
ce47b72f-d326-4fe9-9a99-5f97e4fd0c75,user_13,827.87,clothing,2025-12-05 23:10:55,RU,mobile,0
7dcdb0da-bc22-4d69-8951-8882219101ca,user_20,1874.56,clothing,2025-12-05 23:10:55,CN,tablet,0
9f419b73-285e-42cf-bba7-d74b37a1257a,user_11,1259.22,clothing,2025-12-05 23:10:55,US,mobile,0
6a0324f5-4161-4750-9c59-e7fb2f47464a,user_14,415.76,gaming,2025-12-05 23:10:55,FR,desktop,0
379e31f3-5184-4332-80b4-bd9a053435a4,user_10,725.39,books,2025-12-05 23:10:55,RU,mobile,0
46241819-1db7-4b7c-95e9-5c92b37d4839,user_15,320.77,electronics,2025-12-05 23:10:55,CN,tablet,0
05f75f96-d1cf-4dc5-a42d-e7e5b73250fd,user_14,1264.49,clothing,2025-12-05 23:10:55,CN,mobile,0
46f09eb3-05b1-40a9-8453-f1a3cf29fe37,user_7,1937.13,home,2025-12-05 23:10:55,FR,desktop,0
482d9c92-61cb-4ea3-b761-1ffadeeaa48e,user_13,178.97,home,2025-12-05 23:10:55,US,mobile,0
f68add4d-82af-48bf-b414-7db8b91ff2e8,user_4,859.21,books,2025-12-05 23:10:55,RU,mobile,0
7b812cc7-051f-49ad-b3cb-8ffe2b330c61,user_18,653.36,electronics,2025-12-05 23:10:55,CN,mobile,0
a54636f1-4c3b-4c50-82cf-19263f2073ae,user_17,1339.77,clothing,2025-12-05 23:10:55,DE,tablet,0
4c932626-9473-4bef-a2f5-b3b7cf62ba2b,user_11,95.69,clothing,2025-12-05 23:10:55,CN,mobile,0
03908f34-b20e-4dab-a4ae-645268825c2b,user_8,1050.54,electronics,2025-12-05 23:10:55,CN,desktop,1
24bee745-3df2-4df8-a6b9-f78418fd50db,user_12,1446.12,electronics,2025-12-05 23:10:55,RU,desktop,1
f8e96fe4-d063-4f01-94c0-931af689a785,user_18,1827.13,gaming,2025-12-05 23:10:55,US,mobile,1
65cd8f9d-7395-459f-95fd-c45acf5701e1,user_17,315.09,electronics,2025-12-05 23:10:55,FR,desktop,0
28cc39a3-b560-4673-8908-364766cfef1a,user_3,113.7,books,2025-12-05 23:10:55,DE,mobile,0
05579e3b-a72f-4025-b77e-aff76cb7c247,user_4,298.84,home,2025-12-05 23:10:55,US,desktop,0
5f6ced2b-14c8-47b6-bf92-ceeacb9f48ef,user_16,896.99,clothing,2025-12-05 23:10:55,FR,mobile,0
1e915b31-4931-4592-97d0-9df3995b1d9b,user_14,158.13,gaming,2025-12-05 23:10:55,US,tablet,0
dcb67845-9fd9-4ea8-9264-8c37da295b2b,user_12,1775.57,home,2025-12-05 23:10:55,RU,mobile,0
ff2972c5-2490-47b8-affb-4cdc6e1ab2cf,user_10,127.63,gaming,2025-12-05 23:10:55,CN,tablet,0
c5a185ec-611a-4191-a6f9-0495023457a3,user_17,1655.99,books,2025-12-05 23:10:55,US,desktop,0
08716d33-b77e-41ea-bfcd-962bcb54972f,user_18,1772.07,home,2025-12-05 23:10:55,CN,mobile,0
a77204e8-a3f7-4224-bb17-655d6ac9bbff,user_2,1621.36,books,2025-12-05 23:10:55,RU,desktop,0
8a4bf105-97e9-4dda-9507-3f2f4664c7cf,user_11,1709.48,home,2025-12-05 23:10:55,RU,tablet,0
07e19e30-341a-4b85-a682-77be34065f3a,user_15,1654.87,books,2025-12-05 23:10:55,RU,tablet,0
f95f20de-04ea-4d92-98bc-693e91ff5924,user_8,651.54,clothing,2025-12-05 23:10:55,FR,desktop,0
5631ae1a-e2e3-42e8-8845-764db643c134,user_10,1737.36,electronics,2025-12-05 23:10:55,DE,tablet,1
48214cbd-f1de-49f3-aa8f-b313b23f2ac9,user_15,1630.44,clothing,2025-12-05 23:10:55,DE,desktop,0
cb6c172f-60ba-4067-9339-20248362c60f,user_14,20.71,books,2025-12-05 23:10:55,FR,tablet,0
58a02ccc-9be6-4928-969c-b325c13834b9,user_17,181.86,clothing,2025-12-05 23:10:55,CN,mobile,0
d99c146c-cf36-4cd4-8fc6-9ed8941f97f6,user_18,1366.47,home,2025-12-05 23:10:55,CN,desktop,0
0f997339-9fef-48d4-8d5f-5f0271ef0bd2,user_5,1888.76,books,2025-12-05 23:10:55,US,desktop,0
e54181d6-60b9-40ef-bd45-b27798d8e872,user_12,1155.33,home,2025-12-05 23:10:55,DE,mobile,0
af8ad4e9-e14b-4109-b225-a50235d2b1c6,user_5,1319.5,clothing,2025-12-05 23:10:55,RU,tablet,0
4eaab875-1d58-4a0a-973b-8065266194e9,user_16,762.89,books,2025-12-05 23:10:55,FR,tablet,0
ca972a99-51bc-42c1-996e-3585cc68a939,user_1,1700.22,books,2025-12-05 23:10:55,US,mobile,0
d988f9df-e65e-4535-9d60-09d754ee4658,user_8,1041.82,electronics,2025-12-05 23:10:55,US,desktop,1
df05d9cc-c12d-41b3-9646-e05cbd0c84c3,user_18,285.96,gaming,2025-12-05 23:10:55,US,mobile,0
e8abbc40-13ac-44b3-9804-b943fe31e792,user_15,1458.28,electronics,2025-12-05 23:10:55,DE,desktop,1
d40b52d3-b2fb-4ddf-a5e1-5b807f2a05ac,user_14,1152.31,gaming,2025-12-05 23:10:55,CN,mobile,0
49c73242-a7f6-4f08-bc12-ff8545b4527a,user_12,1284.0,clothing,2025-12-05 23:10:55,DE,mobile,0
d7f94db8-07e9-4d8b-8b1b-9036c592b07d,user_13,441.24,clothing,2025-12-05 23:10:55,US,mobile,0
379b5f28-cc6c-4517-bf1d-638c974a3c0d,user_8,1047.41,home,2025-12-05 23:10:55,DE,mobile,0
813906c7-7049-4bb6-b06b-d120601b796b,user_5,1219.88,electronics,2025-12-05 23:10:55,DE,mobile,1
ba5a4daf-127b-4a39-b7e1-9a71124d1413,user_12,1756.84,clothing,2025-12-05 23:10:55,US,tablet,0
92febae1-d556-4dd6-813b-83a678ca233d,user_4,1158.48,books,2025-12-05 23:10:55,US,desktop,0
e3a652fe-97d4-452f-8370-f11c869c4897,user_4,924.94,clothing,2025-12-05 23:10:55,US,tablet,0
5b91ddca-9401-4cfd-96f2-09f60f183e6b,user_3,968.62,home,2025-12-05 23:10:55,RU,mobile,0
37de374b-7e40-4e20-b880-e68141e39cc1,user_13,49.25,gaming,2025-12-05 23:10:55,US,tablet,0
c47889c2-49d9-4fe7-8d30-1645dd1f7eb3,user_19,1018.93,books,2025-12-05 23:10:55,US,tablet,0
8595c725-2c96-46ed-9f2e-3f02d4b8beb8,user_15,1885.61,electronics,2025-12-05 23:10:55,DE,tablet,1
508ca695-0058-4d41-948a-f3b1ca599c9d,user_8,1639.24,electronics,2025-12-05 23:10:55,DE,mobile,1
1b0cfdf8-c1df-4943-8bc7-83efe63e2d8a,user_4,1171.06,gaming,2025-12-05 23:10:55,FR,mobile,0
09f6e429-d24e-49f9-9f95-9ea8d3594150,user_8,866.49,clothing,2025-12-05 23:10:55,FR,tablet,0
601f05eb-1820-4157-b50c-1006d985a379,user_5,474.09,gaming,2025-12-05 23:10:55,US,tablet,0
0b5a4edd-f465-43cf-8e0d-169b73a5ff9e,user_11,884.19,electronics,2025-12-05 23:10:55,RU,desktop,0
3e0da37c-5d77-41f2-a7ee-aedc3913633b,user_15,1498.11,home,2025-12-05 23:10:55,RU,tablet,0
fdf91915-6e79-4f7b-9d86-0de404cf5728,user_17,180.71,electronics,2025-12-05 23:10:55,DE,desktop,0
acf69c0f-9e24-4d33-82fc-80f50d300145,user_20,1786.83,home,2025-12-05 23:10:55,RU,mobile,0
f2e8a2fb-14ee-4928-b9ed-64481444a670,user_13,874.75,home,2025-12-05 23:10:55,CN,tablet,0
46567201-e2b5-4bc0-97a8-96ec6d78da14,user_5,67.47,gaming,2025-12-05 23:10:55,RU,tablet,0
00cb71f0-def4-488b-9c5f-3c3b40113ce5,user_9,1445.71,clothing,2025-12-05 23:10:55,FR,desktop,0
2e179184-c4c9-4571-8205-e1ee0dd9cad3,user_4,850.21,gaming,2025-12-05 23:10:55,DE,mobile,0
4aadd6d4-1674-44d9-8588-c5ce7d64a09f,user_11,696.55,books,2025-12-05 23:10:55,US,mobile,0
20f42978-57e8-4c62-81fa-eab4a5f212fe,user_18,1305.79,home,2025-12-05 23:10:55,FR,mobile,0
95316e3d-51d6-4d61-ae6d-b648292d1e8f,user_2,718.82,home,2025-12-05 23:10:55,FR,tablet,0
bfa6f9d8-46ee-45a5-827d-a0e1ad0db6c3,user_17,1988.84,clothing,2025-12-05 23:10:55,RU,tablet,0
b7e52ebf-bee3-478a-a21e-043d191c981e,user_12,157.33,gaming,2025-12-05 23:10:55,CN,desktop,0
ab429070-09e6-433f-9c56-a897c443a188,user_19,118.72,electronics,2025-12-05 23:10:55,DE,tablet,0
575a6a77-5e07-4755-af07-b0386c56be93,user_14,1908.24,books,2025-12-05 23:10:55,US,mobile,0
7d15bb75-1672-4844-8462-6879eec215e6,user_9,1103.09,clothing,2025-12-05 23:10:55,DE,desktop,0
713dd805-a460-477a-a50f-c2ac114cc8e1,user_7,1247.37,electronics,2025-12-05 23:10:55,RU,desktop,1
59c85345-ca0c-4e6b-bb19-ee02c67eef09,user_19,814.47,books,2025-12-05 23:10:55,CN,mobile,0
4c759695-f28a-4aa4-ba34-dc39e9117d68,user_18,861.59,home,2025-12-05 23:10:55,FR,desktop,0
d8e783fd-3678-4e9a-ad5e-654e28eb9eaa,user_12,188.78,gaming,2025-12-05 23:10:55,FR,desktop,0
804cc7b4-4bd4-46e1-881d-220d3dfec429,user_5,159.65,clothing,2025-12-05 23:10:55,DE,mobile,0
afee2a8b-9575-45db-8464-ba4c9bd30b06,user_6,928.29,home,2025-12-05 23:10:55,CN,mobile,0
56e838bd-2969-425d-aa8e-433f376b80f5,user_9,179.81,books,2025-12-05 23:10:55,CN,tablet,0
67f34741-31ca-4582-8ad2-4a4d6e615896,user_13,530.81,books,2025-12-05 23:10:55,FR,desktop,0
24199eaf-66cd-4fc5-bb20-e73c09afc263,user_8,439.62,books,2025-12-05 23:10:55,FR,mobile,0
01bae49c-14d3-4b37-86f2-491f2711db4b,user_7,1355.1,home,2025-12-05 23:10:55,US,mobile,0
1065ebf9-5a78-4403-b903-00962d08a335,user_19,483.44,gaming,2025-12-05 23:10:55,RU,desktop,0
4dcf9350-fcda-46e6-9136-6532912d35e1,user_10,892.59,home,2025-12-05 23:10:55,FR,mobile,0
dd7e6fe8-6cc1-4b4b-a0f8-6d091966702f,user_4,1103.71,electronics,2025-12-05 23:10:55,RU,mobile,1
706a9208-ff10-4a93-83f6-81426d0bc96f,user_13,1143.17,gaming,2025-12-05 23:10:55,CN,mobile,0
f17f97cd-a7bf-46dd-9545-1f156e0d2f71,user_4,439.73,books,2025-12-05 23:10:55,CN,desktop,0
1c576ccf-fa26-44d5-adb9-c1724bbb4901,user_18,818.63,home,2025-12-05 23:10:55,FR,tablet,0
0ec33d0b-bb91-4bc4-88e2-336d8f0be5a5,user_18,855.03,clothing,2025-12-05 23:10:55,CN,tablet,0
5b61eeed-4a43-43bf-9a9b-673169dc466b,user_14,1242.45,clothing,2025-12-05 23:10:55,RU,desktop,0
7c815550-2101-4830-adda-9f7618003ae7,user_13,797.97,electronics,2025-12-05 23:10:55,US,mobile,0
54d209b5-06cc-442e-84be-995208c692b5,user_8,1883.0,clothing,2025-12-05 23:10:55,CN,mobile,0
0adbc22b-052d-499e-8071-76f53688d30d,user_18,193.56,books,2025-12-05 23:10:55,DE,tablet,0
f8b9e5a2-fe40-41eb-9493-c8c2e866cc40,user_19,549.11,clothing,2025-12-05 23:10:55,FR,desktop,0
919ff400-e3b9-4b1a-a552-a8516496c664,user_16,1783.33,gaming,2025-12-05 23:10:55,CN,desktop,0
b7d96740-7975-42fc-b21d-0fd7576ee734,user_3,1189.46,gaming,2025-12-05 23:10:55,CN,mobile,0
256ae01a-f900-411c-bf4b-3bdeac576c48,user_17,1785.39,home,2025-12-05 23:10:55,DE,desktop,0
2b039457-59f5-4181-a2e7-d6b0baa4d696,user_20,1052.92,clothing,2025-12-05 23:10:55,CN,desktop,0
387cc48b-a335-41a8-895b-3a43b25be511,user_20,627.76,books,2025-12-05 23:10:55,DE,tablet,0
104449ea-64bf-445d-8496-5a578b758ae1,user_17,608.37,books,2025-12-05 23:10:55,DE,mobile,0
0782e077-61a4-496a-b71e-509181863629,user_1,1564.04,clothing,2025-12-05 23:10:55,US,tablet,0
4700a163-6bff-4cd1-8096-13927f6aca63,user_19,1404.77,books,2025-12-05 23:10:55,RU,desktop,0
f6a2a85f-f11c-4bc1-9c40-73bb914a7bbc,user_8,751.61,home,2025-12-05 23:10:55,FR,mobile,0
1cd3a6f5-9f60-4e44-922e-4e7aa1bc0dc5,user_19,1064.1,gaming,2025-12-05 23:10:55,CN,desktop,0
377b9dfb-0e6e-4437-ac2d-ea82e8d45882,user_15,1850.66,books,2025-12-05 23:10:55,DE,mobile,0
3f494a96-7f9e-4a23-89f3-5fb4fd6a4e0d,user_11,1683.38,books,2025-12-05 23:10:55,DE,mobile,0
23df2ddb-5dfa-4ea3-8573-f3b7a907bd3d,user_7,836.41,home,2025-12-05 23:10:55,DE,desktop,0
fc1228c3-408d-4550-9647-bceb6511b126,user_17,1171.55,gaming,2025-12-05 23:10:55,US,desktop,0
e2be6c89-f169-43a7-b3be-f2d746815924,user_13,1102.88,home,2025-12-05 23:10:55,CN,desktop,0
e4ec6b71-f5f7-4c68-8f79-82a306969930,user_6,1100.43,electronics,2025-12-05 23:10:55,FR,desktop,1
89e942e8-7ded-423a-b632-fa023b1040a3,user_11,147.31,electronics,2025-12-05 23:10:55,FR,mobile,0
cf51ead8-ab14-42c7-b4f3-647a9d9b674b,user_19,556.77,home,2025-12-05 23:10:55,DE,tablet,0
aeb6262f-05d0-4ac9-84b8-e50aaefd5345,user_6,506.87,gaming,2025-12-05 23:10:55,DE,tablet,0
cd17fb1c-b491-4093-a690-f0ba1d36c2e2,user_15,1236.27,electronics,2025-12-05 23:10:55,FR,desktop,1
85c6ad7b-c07e-4904-90c6-c1778c4110f5,user_1,856.43,books,2025-12-05 23:10:55,CN,tablet,0
17c35139-442c-4b52-a7b9-d41afb4cf305,user_8,1570.08,clothing,2025-12-05 23:10:55,US,mobile,0
370868e9-48b2-47e0-8cfb-9345f167e107,user_4,209.08,electronics,2025-12-05 23:10:55,US,desktop,0
288edc2a-db91-4398-90b4-61c3870cf52d,user_7,1271.88,clothing,2025-12-05 23:10:55,CN,desktop,0
88c41f82-2165-4bb0-8e6d-3cd0ed161dbe,user_6,1373.49,electronics,2025-12-05 23:10:55,DE,mobile,1
f03621f3-c026-4355-9c61-aca59cc732f0,user_3,1965.79,gaming,2025-12-05 23:10:55,US,tablet,0
d26cd3a4-bff2-47ec-8ac3-cfa3ca52b349,user_7,1348.03,home,2025-12-05 23:10:55,FR,desktop,0
eccd8fbe-7ad0-43d9-a7f7-5436dd24570d,user_10,630.19,electronics,2025-12-05 23:10:55,CN,tablet,0
1f69c9c5-eb6c-499f-92f5-9d1275d84b7e,user_15,613.2,electronics,2025-12-05 23:10:55,FR,tablet,0
0f1ffe27-9582-490d-96bc-c80fefbfc715,user_6,420.36,electronics,2025-12-05 23:10:55,CN,tablet,0
4ed2e1bf-6ce0-4f0f-b27b-1e1b91a41d3d,user_8,1047.1,gaming,2025-12-05 23:10:55,FR,tablet,0
dd3dd68c-9500-49aa-8a83-bd30cc6e3246,user_6,1400.35,electronics,2025-12-05 23:10:55,RU,tablet,1
bf3989ee-398b-4118-9741-b9befa7d68ae,user_8,184.36,home,2025-12-05 23:10:55,CN,desktop,0
5f7b73b2-a30f-458f-a177-6ea389937e79,user_14,135.77,books,2025-12-05 23:10:55,CN,tablet,0
fa57a28e-e3ed-4fbc-b145-3c9635942165,user_17,1467.94,home,2025-12-05 23:10:55,DE,desktop,0
416d2b0b-8ec9-443e-b0d2-71461ed4edaf,user_13,711.98,home,2025-12-05 23:10:55,US,tablet,0
d286925b-27d8-41e0-80df-b091360e5fdf,user_6,1738.71,clothing,2025-12-05 23:10:55,FR,mobile,0
bf347cc2-32db-4946-8594-e4cafd677400,user_17,1459.21,electronics,2025-12-05 23:10:55,CN,desktop,1
56aefaf5-65f5-420e-8fca-a18d94b4ff62,user_19,1400.79,home,2025-12-05 23:10:55,DE,desktop,0
d0e4d573-c2df-4937-a767-ecee3726be8a,user_20,1520.71,gaming,2025-12-05 23:10:55,DE,desktop,0
21e109a8-3256-4d11-9e4f-ae1a80f1b49c,user_6,1599.43,electronics,2025-12-05 23:10:55,RU,desktop,1
ba8cc6f6-4aea-4b5e-be71-fa9a6104cd57,user_16,868.41,electronics,2025-12-05 23:10:55,US,tablet,0
daa25aeb-c24d-4a0f-a994-1a50b303b51d,user_12,1586.56,gaming,2025-12-05 23:10:55,DE,tablet,0
7c55dbde-60e1-4a0e-872e-41b3af359840,user_10,996.24,clothing,2025-12-05 23:10:55,DE,desktop,0
93c60eed-fd8d-40e7-a17e-c233adf190a1,user_2,483.88,books,2025-12-05 23:10:55,DE,tablet,0
195552ad-1623-40ed-b921-71eb324758ab,user_12,551.87,electronics,2025-12-05 23:10:55,RU,mobile,0
de609df5-1af0-4a32-b995-556fd751711c,user_6,267.54,electronics,2025-12-05 23:10:55,RU,desktop,0
37d50d4d-ef87-4458-8da7-509112cb10c9,user_14,208.49,electronics,2025-12-05 23:10:55,US,tablet,0
e1b940b5-7273-40b0-b22a-98da22ae25fb,user_17,255.04,gaming,2025-12-05 23:10:55,DE,mobile,0
94336270-eb98-4079-b6fb-ca588d5110ac,user_4,1442.61,gaming,2025-12-05 23:10:55,US,mobile,0
b09791fb-941d-4734-b2d2-6e1ebc7bdd44,user_16,1788.75,books,2025-12-05 23:10:55,CN,desktop,0
c01b2253-d87d-4a04-8e5f-fc2632df1c4b,user_4,955.64,books,2025-12-05 23:10:55,CN,tablet,0
17346aa4-4255-4f45-8499-4e9d47004072,user_5,333.21,clothing,2025-12-05 23:10:55,FR,tablet,0
ab54fef8-203a-4dbe-a49e-5fe0aea8a5ac,user_17,357.03,books,2025-12-05 23:10:55,CN,mobile,0
67b8d241-63b6-4114-8397-b69a001f849a,user_4,305.44,gaming,2025-12-05 23:10:55,US,desktop,0
3ca2edc3-b31c-45ec-bac5-b132af49f448,user_10,1115.36,gaming,2025-12-05 23:10:55,FR,tablet,0
b45f9574-d0a4-40ea-a802-cea4f78de7c2,user_7,478.88,home,2025-12-05 23:10:55,DE,desktop,0
2bdd2742-0b88-4e1d-8a47-373c61c9dbf9,user_6,829.32,clothing,2025-12-05 23:10:55,US,desktop,0
59e38ffb-6be7-4f2a-9c53-357851b7ca24,user_10,218.1,books,2025-12-05 23:10:55,US,desktop,0
396aea28-c3ac-45a0-a714-518ca247cd6d,user_12,600.13,gaming,2025-12-05 23:10:55,DE,tablet,0
99c16465-81ea-4f4e-b9fa-c3cf5fc2c3ef,user_13,402.81,home,2025-12-05 23:10:55,DE,mobile,0
425b843d-bcac-4ec9-a04a-1c58e3d056ce,user_12,497.45,electronics,2025-12-05 23:10:55,RU,tablet,0
9859dbf5-b369-401e-b0ad-f14d02c7f440,user_6,1207.25,books,2025-12-05 23:10:55,CN,desktop,0
22677e2f-f62a-40d8-8240-362a48ad88cb,user_15,913.36,books,2025-12-05 23:10:55,US,mobile,0
a8cb49df-d012-407b-8f4c-b1800cc3ddb9,user_20,729.4,gaming,2025-12-05 23:10:55,DE,tablet,0
a6072d2a-b4a0-4cc7-bee2-729bc1f5ab95,user_1,988.62,electronics,2025-12-05 23:10:55,RU,tablet,0
2056fd79-9b7b-4708-87bd-a0037ee1f28f,user_17,1668.87,clothing,2025-12-05 23:10:55,CN,tablet,0
1b9b6683-22b9-4283-a2fb-c7f96c602e6c,user_7,39.98,books,2025-12-05 23:10:55,US,mobile,0
41b01cb7-0fb9-46a7-a82a-c944e4e0ecdb,user_15,1884.17,electronics,2025-12-05 23:10:55,CN,desktop,1
f51bf6ac-dcef-447e-bc27-8923483fb48a,user_5,1776.13,electronics,2025-12-05 23:10:55,US,tablet,1
c738c792-3d83-4552-a62a-d5f8260d9c59,user_20,1569.4,home,2025-12-05 23:10:55,US,desktop,0
50e45a6c-679f-4f4e-a819-bb076f9fb056,user_19,1506.21,books,2025-12-05 23:10:55,US,mobile,0
0d41dd3f-ee00-499f-9050-0fc7a613cb4b,user_5,204.16,books,2025-12-05 23:10:55,CN,desktop,0
e2642405-a248-47ea-a93f-424d72b3a93b,user_3,1973.53,electronics,2025-12-05 23:10:55,DE,mobile,1
6e3295d6-620a-4d39-86f1-40b65dbf50de,user_20,1643.0,gaming,2025-12-05 23:10:55,US,tablet,0
6ef7d242-6965-4c26-8fd7-79b466ad4f79,user_4,1926.37,books,2025-12-05 23:10:55,DE,desktop,0
087c23e5-0a40-4985-984d-b18e03d62cfc,user_1,698.7,books,2025-12-05 23:10:55,US,tablet,0
c92b9ed0-8562-4c2a-9444-4d6d195325db,user_9,615.07,home,2025-12-05 23:10:55,DE,mobile,0
95aeea4d-6e17-478d-879f-8dc7c17e26d2,user_2,297.14,home,2025-12-05 23:10:55,RU,desktop,0
f7a1049b-a53f-49a5-922d-c2fd24746b27,user_19,1115.49,home,2025-12-05 23:10:55,CN,tablet,0
65cbd0f8-499d-4635-9f4f-359ea93d2686,user_11,1760.23,clothing,2025-12-05 23:10:55,RU,desktop,0
6e6369dd-e787-449f-bd54-c713822b17c2,user_19,285.65,home,2025-12-05 23:10:55,FR,desktop,0
841c0379-e2a9-4682-aa72-5282294abf2d,user_2,210.28,books,2025-12-05 23:10:55,FR,tablet,0
281058aa-45b7-4185-861c-d957426a3a1b,user_1,1455.71,home,2025-12-05 23:10:55,DE,tablet,0
1355a696-5f9b-4af1-8aa0-8ed0301d4c12,user_5,476.55,home,2025-12-05 23:10:55,FR,desktop,0
83f3c9b3-1401-4533-b293-01071df2b3c9,user_18,920.27,home,2025-12-05 23:10:55,RU,desktop,0
c49c7909-e06c-4d04-839f-79d5b1a9ed3c,user_11,1708.92,books,2025-12-05 23:10:55,CN,mobile,0
adf5ed4c-e2b6-41bf-b662-119fb5a10934,user_9,890.74,clothing,2025-12-05 23:10:55,US,mobile,0
62498e55-3fc4-42c0-a785-3211bf220ddf,user_10,328.91,gaming,2025-12-05 23:10:55,RU,mobile,0
b5bc6626-ebbb-4ce9-8dbd-5215b5c0b2e3,user_1,379.92,electronics,2025-12-05 23:10:55,RU,tablet,0
73fd08c3-dafa-4ae1-9200-69047ec3bacf,user_16,352.22,home,2025-12-05 23:10:55,FR,tablet,0
7b5bc0a3-b3f1-43bc-867b-5c45b4f38907,user_13,1812.62,gaming,2025-12-05 23:10:55,RU,tablet,0
e2ddaba9-63e7-4a3b-aa35-0f6b71b0ce6e,user_2,1831.87,books,2025-12-05 23:10:55,RU,tablet,0
f95feef8-1f12-40da-b327-962d0b3848ee,user_15,1756.64,clothing,2025-12-05 23:10:55,US,mobile,0
e9cf1652-b399-4819-b6d2-6b49a0cca047,user_16,193.32,electronics,2025-12-05 23:10:55,CN,desktop,0
f154448a-702e-486e-8cdc-a1f2ed9c32b8,user_3,644.41,home,2025-12-05 23:10:55,DE,mobile,0
951d0ae7-53d2-4179-90ed-5890a15ac575,user_4,432.4,books,2025-12-05 23:10:55,CN,tablet,0
e49a5704-b978-4e23-b120-5941ddec6eb6,user_4,493.28,clothing,2025-12-05 23:10:55,FR,tablet,0
84331f5c-9e23-42b8-b80b-698cb1c89fc2,user_13,1122.19,books,2025-12-05 23:10:55,FR,desktop,0
c09947ab-4e0d-4860-97ab-b589c65f1acc,user_14,1960.27,clothing,2025-12-05 23:10:55,FR,mobile,0
68f4745c-9f46-485b-8511-52f5f8a22864,user_12,490.96,clothing,2025-12-05 23:10:55,RU,desktop,0
3e698a96-89b2-4d31-b8fb-00d1efe78b89,user_12,1178.8,gaming,2025-12-05 23:10:55,US,mobile,0
1b50c502-f386-4fe4-8392-0178bf1a91fb,user_2,1596.53,books,2025-12-05 23:10:55,RU,desktop,0
8d191b04-9837-413d-b955-aa3c29578d3f,user_11,549.93,clothing,2025-12-05 23:10:55,US,tablet,0
b596bba8-61cc-4e5f-8644-d24697beb5ad,user_20,764.84,books,2025-12-05 23:10:55,DE,tablet,0
3864aeab-088d-4684-bcd9-a25134322621,user_19,1928.19,electronics,2025-12-05 23:10:55,FR,tablet,1
9413f39b-2286-4f0b-aae4-af4815f862d5,user_9,968.78,clothing,2025-12-05 23:10:55,DE,desktop,0
865f4bcf-7842-4267-a28f-dda635f187da,user_19,1255.45,books,2025-12-05 23:10:55,CN,desktop,0
bfd39ed6-13ee-43d9-94af-073414efc6d4,user_8,1938.44,gaming,2025-12-05 23:10:55,FR,mobile,1
87f52afc-07e9-47d0-baa0-36cd34715815,user_3,924.83,home,2025-12-05 23:10:55,US,desktop,0
4fb07456-a093-4832-8fd4-32e5cb0ffa15,user_15,1514.14,clothing,2025-12-05 23:10:55,DE,mobile,0
06a78410-2bb2-412b-b452-38857ff98d60,user_20,1991.79,home,2025-12-05 23:10:55,DE,desktop,0
00165906-e743-44bb-a254-c384a49212a6,user_5,491.65,clothing,2025-12-05 23:10:55,US,tablet,0
451e9527-64ad-40c7-b434-87b336c3efa4,user_9,510.9,clothing,2025-12-05 23:10:55,RU,tablet,0
c1919475-4a13-46bd-abde-bae9e9b7e4df,user_12,127.71,books,2025-12-05 23:10:55,RU,desktop,0
59ffefa2-1396-4f45-bb96-81563444f265,user_17,977.01,clothing,2025-12-05 23:10:55,CN,tablet,0
d0f2835b-ff72-4feb-a193-6c9aff9e07cb,user_16,1004.88,home,2025-12-05 23:10:55,RU,mobile,0
38a93df3-b55b-47c3-8429-ee71e9f0f17f,user_11,1766.88,clothing,2025-12-05 23:10:55,FR,tablet,0
9d79ac27-c4c1-445b-b24a-26061d34e095,user_20,5.49,home,2025-12-05 23:10:55,RU,mobile,0
bb1e7184-9998-4ae3-b11a-fd2aa13c0846,user_5,557.24,clothing,2025-12-05 23:10:55,FR,mobile,0
fd1c3011-60dd-4c5e-95a6-2173bc1e6a3f,user_19,1896.25,electronics,2025-12-05 23:10:55,FR,tablet,1
96cc9dcf-a097-4473-b228-5b513f485954,user_18,148.54,books,2025-12-05 23:10:55,FR,mobile,0
fab067f9-a7de-49de-a46c-148548370eb2,user_11,888.59,home,2025-12-05 23:10:55,CN,mobile,0
48a7d65b-a90e-45cf-a079-00164419d1e9,user_11,1510.56,gaming,2025-12-05 23:10:55,RU,mobile,1
c4fdc025-cf0d-4338-8ba2-214026f49919,user_15,1978.51,electronics,2025-12-05 23:10:55,FR,desktop,1
1d7a7a5e-97d2-40a0-878a-20d7935b0c0a,user_6,245.23,books,2025-12-05 23:10:55,US,desktop,0
a24fd36e-eb64-419e-a06d-6662041ca403,user_2,1255.17,gaming,2025-12-05 23:10:55,CN,desktop,0
bb3b0fba-4f72-49fe-882c-c6a214070856,user_7,824.67,books,2025-12-05 23:10:55,US,desktop,0
40e867dd-8f0d-4e00-b06d-3864afdc9487,user_4,1812.6,clothing,2025-12-05 23:10:55,RU,tablet,0
d8ac9811-de89-486d-b6c2-d7b710493279,user_14,147.11,home,2025-12-05 23:10:55,US,mobile,0
031bc945-efaf-41e5-9dd7-1cc453d41b29,user_14,1648.72,books,2025-12-05 23:10:55,US,desktop,0
11da7223-9e6b-4af2-a5d1-d860bf590f8e,user_20,1417.29,electronics,2025-12-05 23:10:55,DE,mobile,1
8e0aee95-eb82-4a5d-ad9c-f06d7036505c,user_17,945.83,clothing,2025-12-05 23:10:55,RU,mobile,0
63662a05-5b75-40c2-982d-6e4a41a745f9,user_7,668.53,electronics,2025-12-05 23:10:55,CN,mobile,0
a8b2452e-c255-4830-9010-3f93f7803fa0,user_7,1463.69,gaming,2025-12-05 23:10:55,FR,mobile,0
eaca0d66-3773-4036-964d-6eadb68b9b0e,user_5,1113.08,gaming,2025-12-05 23:10:55,US,desktop,0
d3baf1c8-0974-488a-98d6-505f643735d1,user_20,596.61,books,2025-12-05 23:10:55,DE,mobile,0
4cb943d1-4b82-4ddf-96c5-b34c653daa3f,user_1,1699.57,home,2025-12-05 23:10:55,US,tablet,0
f1f37049-f702-4ba5-a58c-58ffc4efd296,user_11,1261.65,home,2025-12-05 23:10:55,US,mobile,0
76460591-5714-45ec-b405-52cfdbf1d5b0,user_14,328.89,gaming,2025-12-05 23:10:55,CN,desktop,0
25eb6ccd-a260-4ef5-9876-9905d8d8741c,user_15,748.72,clothing,2025-12-05 23:10:55,US,tablet,0
ea54bd3f-1a3f-4510-923f-7007529d6a83,user_19,1988.69,clothing,2025-12-05 23:10:55,CN,desktop,0
8899f96a-58b5-401f-aed8-70a0195aba6c,user_8,429.36,clothing,2025-12-05 23:10:55,FR,mobile,0
918ec463-3721-4fe7-b0d9-8382d8140ef3,user_7,1205.73,clothing,2025-12-05 23:10:55,US,tablet,0
5794dc99-ba40-474d-a862-aa252b532ddb,user_20,1481.1,electronics,2025-12-05 23:10:55,FR,tablet,1
5a0b127c-c05e-424b-a981-5926957f6ccc,user_1,515.0,electronics,2025-12-05 23:10:55,DE,tablet,0
fcbb12dc-7273-4783-a036-576070d2ace4,user_1,916.99,electronics,2025-12-05 23:10:55,RU,mobile,0
28068174-2cd4-44be-b6d7-e6e6b513d39d,user_17,190.57,electronics,2025-12-05 23:10:55,FR,desktop,0
51ad931e-305a-4691-91cc-45f6aeb0e9c7,user_15,1936.78,home,2025-12-05 23:10:55,DE,desktop,0
edd85d6a-ac0a-483b-a9d7-a0a4ce61e017,user_16,380.55,gaming,2025-12-05 23:10:55,FR,mobile,0
21377427-9d5e-42b0-b0b3-c0faab14665f,user_6,1038.11,electronics,2025-12-05 23:10:55,US,tablet,1
ad285f69-c1a5-4e62-9ead-1d4d775f5ea1,user_1,633.92,home,2025-12-05 23:10:55,US,desktop,0
2cdfce24-23c6-49af-87b8-88227e5eb37e,user_12,914.35,clothing,2025-12-05 23:10:55,FR,desktop,0
4959dbd5-fe29-44f8-acf7-1a9287f32e96,user_18,911.46,books,2025-12-05 23:10:55,RU,desktop,0
90385ce9-2ee7-451a-89fc-a63edd26c485,user_4,736.93,electronics,2025-12-05 23:10:55,RU,desktop,0
b81bc5df-4fd6-4e55-8e67-4f64aa365751,user_17,534.84,home,2025-12-05 23:10:55,CN,tablet,0
c871b419-0d31-4e6d-b2c2-f51d900ab712,user_17,1255.92,clothing,2025-12-05 23:10:55,DE,mobile,0
63cd16e2-7212-43af-9dc3-c6ea51b3d9fd,user_6,472.1,gaming,2025-12-05 23:10:55,CN,desktop,0
11698b5d-6183-4625-aff1-e7f3d6b158ed,user_14,1399.47,books,2025-12-05 23:10:55,FR,tablet,0
c868fa39-c31a-4c4e-9ade-a019923c1deb,user_6,39.78,gaming,2025-12-05 23:10:55,US,mobile,0
eb294581-6579-4d39-901b-a10f17aa301b,user_17,100.42,electronics,2025-12-05 23:10:55,FR,desktop,0
4a67ea36-88d6-4a3e-a35a-2c0232819c1e,user_19,15.99,clothing,2025-12-05 23:10:55,CN,desktop,0
e4b656b7-d829-4eab-ae46-c0cfe9089977,user_11,1229.1,electronics,2025-12-05 23:10:55,US,mobile,1
eaf23091-8aff-4c01-a0e0-8116607cf74b,user_12,1362.41,home,2025-12-05 23:10:55,US,mobile,0
7563a0d0-d90c-4fd8-b3c7-1ad44aca6a5e,user_18,1108.65,clothing,2025-12-05 23:10:55,CN,desktop,0
0c8dcd99-6de6-401a-89e6-338d376b68d3,user_2,226.28,books,2025-12-05 23:10:55,RU,desktop,0
413b0f53-64c0-4bbd-ace8-042b12abfc36,user_14,532.96,clothing,2025-12-05 23:10:55,US,tablet,0
655116ec-7075-45fb-a53f-3255f1d4800c,user_5,278.49,clothing,2025-12-05 23:10:55,DE,desktop,0
076ca75a-60d4-4611-b291-0177b9d97f05,user_17,1174.03,home,2025-12-05 23:10:55,US,desktop,0
f60d2cff-5318-4c12-a6f1-d23986ccb549,user_8,914.69,gaming,2025-12-05 23:10:55,US,mobile,0
b222ffa0-01bb-4bd9-8ce2-98250a975aae,user_14,1491.36,books,2025-12-05 23:10:55,DE,mobile,0
ad9d2af6-43bc-4d40-af41-d8af6ef10179,user_19,641.22,gaming,2025-12-05 23:10:55,CN,desktop,0
d54edfa2-525c-418c-b5a0-8ec8edbdef4d,user_19,549.55,books,2025-12-05 23:10:55,US,tablet,0
057fdcb7-91a8-46b5-8c49-392aebe3826f,user_18,1926.0,books,2025-12-05 23:10:55,FR,desktop,0
cd1325a0-829d-4795-9d6f-1cd8f19923d0,user_1,1726.02,gaming,2025-12-05 23:10:55,DE,tablet,0
a58851c8-be20-4595-b2c0-8d68735559fb,user_18,1478.78,home,2025-12-05 23:10:55,DE,desktop,0
cb88d016-2957-4afa-a939-57edb84b2636,user_1,305.17,home,2025-12-05 23:10:55,US,tablet,0
9a833e77-cfa0-4378-bc5d-eb8c201da37e,user_11,236.01,books,2025-12-05 23:10:55,DE,mobile,0
4aae7e30-9ba8-4154-b77b-e772eb30dc03,user_8,1698.82,electronics,2025-12-05 23:10:55,DE,mobile,1
e75feb81-c854-4714-a8f4-928ea608875b,user_6,1400.1,clothing,2025-12-05 23:10:55,DE,desktop,0
d8b1726e-5bf7-4713-98be-753f6c25364a,user_18,859.64,books,2025-12-05 23:10:55,US,desktop,0
09e4eee4-3879-43d1-a2e6-a3bf0c4aeeaa,user_5,1864.83,home,2025-12-05 23:10:55,US,mobile,0
e21f4d09-6404-475c-a5f5-f6687354516a,user_20,1508.85,home,2025-12-05 23:10:55,US,mobile,0
1a6fc14e-7de6-4da2-bf1c-fc52dbc1a177,user_19,628.37,gaming,2025-12-05 23:10:55,US,mobile,0
5e03753c-1f99-4779-8f16-9a53a67d8fa6,user_17,851.71,books,2025-12-05 23:10:55,CN,tablet,0
0ddd87d4-98bb-42a1-8a5a-a39ca1b00be2,user_8,342.79,clothing,2025-12-05 23:10:55,CN,tablet,0
802bf5a5-bd8c-4e43-bcaa-dd7315086822,user_19,395.82,home,2025-12-05 23:10:55,DE,tablet,0
f4ca6eff-6853-477a-acec-bb2fc2c1d42f,user_20,1664.86,electronics,2025-12-05 23:10:55,US,mobile,1
598a08d4-1295-4bc4-b9f9-f7cfb0f6f206,user_3,397.41,electronics,2025-12-05 23:10:55,CN,desktop,0
3b74d28d-9954-4601-9425-44d0e6047dbb,user_7,289.6,books,2025-12-05 23:10:55,FR,mobile,0
797db401-fd4f-48f8-b073-d4b55192dcf1,user_1,15.12,electronics,2025-12-05 23:10:55,US,mobile,0
d09d6d7e-fee1-41ec-baed-34f7918ae786,user_7,424.5,books,2025-12-05 23:10:55,RU,mobile,0
f9ab992c-64de-45e6-939b-b0e515d7109f,user_7,1805.94,gaming,2025-12-05 23:10:55,US,desktop,0
c5fac449-fb46-4896-a62a-37abb4496df7,user_15,409.17,clothing,2025-12-05 23:10:55,CN,tablet,0
cd9c32d9-050c-4547-b968-626111173cde,user_16,915.94,clothing,2025-12-05 23:10:55,RU,desktop,0
afca126c-7c48-4fca-adef-7e369d690713,user_2,16.81,gaming,2025-12-05 23:10:55,DE,desktop,0
e73cfe09-e1aa-4b2f-9a9f-066e3a299b73,user_16,1131.15,electronics,2025-12-05 23:10:55,DE,tablet,1
3376eea7-6386-4a83-ab7f-eaa8e6557b8e,user_4,347.96,electronics,2025-12-05 23:10:55,DE,mobile,0
41d7d938-4818-4b3d-843c-d535533d853e,user_14,683.21,clothing,2025-12-05 23:10:55,FR,tablet,0
1089a0e3-4732-4961-beb6-0d5d8932ed95,user_4,609.76,clothing,2025-12-05 23:10:55,CN,tablet,0
a47efd95-2ca4-4d08-98ed-a6aaa5e7d5c3,user_8,1976.03,home,2025-12-05 23:10:55,RU,desktop,0
4d4b2b97-1d0d-4cf4-8eb1-bf05aa1b14a1,user_5,953.22,clothing,2025-12-05 23:10:55,CN,tablet,0
402c62f7-97b6-400f-94db-f73888a8bc65,user_15,850.49,books,2025-12-05 23:10:55,FR,mobile,0
b3150cfc-d9d1-464f-9a01-3b7ae6d08bbe,user_13,1948.78,gaming,2025-12-05 23:10:55,CN,desktop,0
944ce3c6-a3dc-48f9-9f0a-7ab11ac4308d,user_1,164.84,gaming,2025-12-05 23:10:55,CN,mobile,0
ad0440b6-bc93-4339-8a49-7d4bc2b39089,user_3,1587.64,electronics,2025-12-05 23:10:55,DE,tablet,1
ab7f4ded-b909-4a36-a511-9c430f90aefc,user_14,1527.01,gaming,2025-12-05 23:10:55,CN,mobile,1
e0dab209-9ae1-4776-b91b-9deb52fb715a,user_7,724.74,electronics,2025-12-05 23:10:55,FR,mobile,0
0db883b4-3cd3-4084-b386-d18304d55397,user_16,1614.4,books,2025-12-05 23:10:55,DE,mobile,0
87c54df6-72c4-49e1-8fd7-58d0597f27a5,user_6,1719.7,clothing,2025-12-05 23:10:55,RU,mobile,0
313dfee4-44ef-487b-9d4d-6d751540507a,user_10,1082.65,electronics,2025-12-05 23:10:55,US,mobile,1
c0993ff8-65d8-4df4-8afc-ea724c7c549c,user_12,924.52,gaming,2025-12-05 23:10:55,FR,desktop,0
3eac4cae-202f-4d53-a4ec-43d6279ef4f8,user_7,58.5,home,2025-12-05 23:10:55,FR,desktop,0
1b915cfd-335d-4e2e-b6f7-6e085f2f79f3,user_3,1917.02,books,2025-12-05 23:10:55,US,desktop,0
418807bf-ea7a-4fb3-bde3-f9b4689ebbf1,user_4,1380.47,books,2025-12-05 23:10:55,DE,mobile,0
e2c501ad-d4ae-4f2b-97cd-68f9ad4c4273,user_4,62.98,books,2025-12-05 23:10:55,US,desktop,0
e42972dc-f07c-4b23-849f-bd3837e519f8,user_15,152.16,clothing,2025-12-05 23:10:55,DE,mobile,0
fd8266ca-3f8a-430a-bf42-f3bfee97be13,user_2,284.41,books,2025-12-05 23:10:55,RU,tablet,0
e03452c3-9b37-4978-86c6-9693c9589f22,user_13,982.45,home,2025-12-05 23:10:55,DE,desktop,0
3a498a61-055a-4327-879c-635d5ee3e226,user_10,1245.82,electronics,2025-12-05 23:10:55,DE,tablet,1
0c9112cc-92f5-4e08-b865-db3097bec4c2,user_14,1854.36,electronics,2025-12-05 23:10:55,DE,mobile,1
4b919613-03fe-402a-aaf9-39cf838969f4,user_10,723.33,clothing,2025-12-05 23:10:55,FR,tablet,0
dea0f32e-2f73-42bf-9073-0e0517c12ebb,user_2,864.17,home,2025-12-05 23:10:55,FR,mobile,0
15c8803d-90b5-4e68-99d5-d376a44132db,user_15,251.08,electronics,2025-12-05 23:10:55,CN,mobile,0
e03275c4-af03-4e18-8bd1-1b349c61e0b5,user_12,644.1,electronics,2025-12-05 23:10:55,CN,mobile,0
82509d98-36c0-4938-8bb4-eb1701b9d1a2,user_13,579.81,electronics,2025-12-05 23:10:55,CN,mobile,0
66c038c5-cada-4a72-9201-dbe29db02222,user_20,806.42,home,2025-12-05 23:10:55,RU,tablet,0
994a8704-70cd-48b4-8778-546d6a1a8801,user_20,1344.07,gaming,2025-12-05 23:10:55,RU,tablet,0
9e2956ea-b627-41ac-9399-068087d30a26,user_3,570.61,gaming,2025-12-05 23:10:55,CN,tablet,0
6d556839-a8e8-439a-9705-c2e6751726a7,user_6,1750.68,gaming,2025-12-05 23:10:55,CN,tablet,0
1e034cae-a64f-49ad-bb06-905d75c0e0ce,user_15,564.69,books,2025-12-05 23:10:55,DE,desktop,0
b9e36644-0d8d-4036-a7d4-e3a9e7bb9827,user_12,143.92,clothing,2025-12-05 23:10:55,US,tablet,0
8832b2dc-f134-4a33-8d9b-bdf26445630b,user_8,1294.01,gaming,2025-12-05 23:10:55,DE,tablet,0
1fed8414-e97e-425f-bcbb-697ccaa3f675,user_15,321.17,gaming,2025-12-05 23:10:55,RU,mobile,0
8e88013a-4bc9-4c04-828c-586718bb2da6,user_13,331.04,books,2025-12-05 23:10:55,RU,desktop,0
5e363e28-c168-4b88-a264-eb611280a3ef,user_10,1829.65,clothing,2025-12-05 23:10:55,CN,desktop,0
ba5dc0f7-a17f-48d6-9400-ae01b2609ba7,user_9,31.81,electronics,2025-12-05 23:10:55,RU,tablet,0
7f4d67ea-1366-4d36-971a-0ace410063e4,user_11,1775.37,books,2025-12-05 23:10:55,FR,mobile,0
6362aec0-b7bb-4534-b6e8-7f5442c074a6,user_20,1898.2,gaming,2025-12-05 23:10:55,FR,tablet,0
c07ea963-5318-4938-b38f-a54e5f02715b,user_2,1749.09,electronics,2025-12-05 23:10:55,CN,mobile,1
fb9573a2-2522-4e94-ae09-0d7058013195,user_17,652.39,home,2025-12-05 23:10:55,RU,desktop,0
31727be4-784d-4905-a482-742bb772c08a,user_8,1220.46,clothing,2025-12-05 23:10:55,FR,mobile,0
6e725372-6b8b-4da6-a19e-6b25db7aea25,user_2,597.67,books,2025-12-05 23:10:55,US,desktop,0
fe449c01-d348-474d-b02d-74a4bb5ccc46,user_18,873.5,clothing,2025-12-05 23:10:55,US,mobile,0
6fffe766-99f7-4bd9-945e-5725682af845,user_14,1770.61,books,2025-12-05 23:10:55,DE,tablet,0
4fff74a3-c46d-44f6-9b81-d5251006acfa,user_16,246.87,home,2025-12-05 23:10:55,CN,desktop,0
6c3c8862-b89f-4d23-bc05-bca0d704b620,user_16,1648.97,books,2025-12-05 23:10:55,CN,mobile,0
71c4118a-22bb-4b01-8332-4957d6cf4e48,user_20,1117.48,gaming,2025-12-05 23:10:55,FR,desktop,0
0a2662b2-a40d-401b-aa6f-1621a39bac21,user_2,925.16,clothing,2025-12-05 23:10:55,CN,tablet,0
118f08f0-3432-4b83-bbb3-28b9fc8edc1b,user_5,1275.35,home,2025-12-05 23:10:55,RU,mobile,0
90f591b3-077f-4f47-b5b2-aa22a860ca28,user_10,1596.16,home,2025-12-05 23:10:55,DE,mobile,0
72174594-e708-4b92-a734-74dc2ba34649,user_14,1807.64,clothing,2025-12-05 23:10:55,DE,mobile,0
969cc41f-7b32-4a6e-84ec-b1af9de5d70e,user_7,1302.27,clothing,2025-12-05 23:10:55,CN,mobile,0
cddba80e-9b36-4b63-b3eb-8212b05aaafd,user_8,1512.75,home,2025-12-05 23:10:55,CN,desktop,0
7b33f4ff-578f-445b-8456-ca836f286263,user_11,1956.78,clothing,2025-12-05 23:10:55,RU,desktop,0
925531f4-2d8a-456b-b681-02234537701f,user_17,16.13,books,2025-12-05 23:10:55,US,desktop,0
02086d1d-1b60-4401-b4ea-74c823b8f640,user_6,1679.55,electronics,2025-12-05 23:10:55,FR,desktop,1
222074dd-ce0a-4fc1-93c8-12f1af7c6546,user_2,685.49,books,2025-12-05 23:10:55,FR,desktop,0
69194eae-cb4d-4d32-a347-a3afe11721a6,user_12,1524.36,gaming,2025-12-05 23:10:55,FR,desktop,0
21272b20-919b-414a-b79b-50e874562183,user_15,20.41,books,2025-12-05 23:10:55,RU,tablet,0
ba93cd1e-3e25-4ee2-bbff-963e80e1309d,user_6,1834.38,home,2025-12-05 23:10:55,FR,tablet,0
65e36044-3b4d-4791-ac27-bff18a37551e,user_15,1177.61,gaming,2025-12-05 23:10:55,FR,desktop,0
37ebba3f-80b9-47f5-a49c-cea9aa7ad92a,user_11,1962.28,gaming,2025-12-05 23:10:55,RU,tablet,0
14021bd7-3358-48d1-aff8-d07f9a2467d6,user_19,1972.23,home,2025-12-05 23:10:55,DE,desktop,0
5686f759-6827-4b34-8cfa-2b4a92a62a91,user_12,1115.51,home,2025-12-05 23:10:55,US,desktop,0
e5ee532b-2903-44b8-81c5-b9f4334395ff,user_7,1411.64,gaming,2025-12-05 23:10:55,RU,tablet,0
7b8c6341-a5d7-46da-beea-dae166135af7,user_15,1580.52,clothing,2025-12-05 23:10:55,CN,desktop,0
017c04eb-67da-49f0-aed2-3cf703506113,user_1,1527.13,gaming,2025-12-05 23:10:55,CN,desktop,0
a3c36166-a4a1-4a7e-96fc-02b90c733b0a,user_12,13.79,home,2025-12-05 23:10:55,US,desktop,0
f4ff116f-6620-4196-86d2-a381f94a9aa4,user_11,950.77,gaming,2025-12-05 23:10:55,US,desktop,0
cebed078-fc6c-45dd-a33d-994478f9dc12,user_15,810.16,home,2025-12-05 23:10:55,CN,mobile,0
97af4ccd-9b39-4f8d-ba84-c1b3da593d6f,user_13,1780.65,home,2025-12-05 23:10:55,US,desktop,0
49301054-7834-4cd3-83d4-814376d48f73,user_7,1391.5,books,2025-12-05 23:10:55,CN,mobile,0
fc6f29d9-07c6-46a7-84c3-2abcd1dc3154,user_8,778.22,clothing,2025-12-05 23:10:55,US,desktop,0
1ae57687-fd19-4c47-a2d9-db7f8cd004eb,user_17,156.95,books,2025-12-05 23:10:55,DE,desktop,0
adb6dca3-f357-45f1-b947-bf61df5fc5f7,user_17,1614.1,home,2025-12-05 23:10:55,CN,desktop,0
5cfdce19-4bf6-48ee-9854-9eb0272901c8,user_10,1870.16,electronics,2025-12-05 23:10:55,US,tablet,1
15d3a80a-be26-4452-ba38-2c59d3628a02,user_2,1156.0,books,2025-12-05 23:10:55,DE,tablet,0
766241a4-1e29-41b4-996c-eff8142525dc,user_17,1041.13,gaming,2025-12-05 23:10:55,DE,desktop,0
23c279e4-94dd-4557-ac5f-8d388228c87e,user_2,992.26,clothing,2025-12-05 23:10:55,CN,tablet,0
30dadb22-6737-409f-b541-eec94bc772d4,user_11,1622.45,gaming,2025-12-05 23:10:55,US,tablet,0
1048fbea-3af2-47d6-a893-0bc2db030ee3,user_13,1190.51,gaming,2025-12-05 23:10:55,CN,desktop,0
c267c37f-2b0f-4914-9545-cae041e13dc0,user_12,512.04,books,2025-12-05 23:10:55,FR,desktop,0
44cc2025-2766-4cd1-a3f2-702f6f28084a,user_8,844.95,home,2025-12-05 23:10:55,RU,tablet,0
85a6585b-c42f-448f-a566-374ab96ad3ae,user_2,148.36,clothing,2025-12-05 23:10:55,DE,tablet,0
c4231f03-1e59-4a5a-99f8-c3e6a68be42d,user_12,903.05,home,2025-12-05 23:10:55,FR,tablet,0
059442f9-cf27-4f09-abd2-f675a24a08fb,user_16,471.14,electronics,2025-12-05 23:10:55,FR,mobile,0
3a8c2370-0ec5-4f7f-8005-276090fe8826,user_17,988.93,books,2025-12-05 23:10:55,DE,mobile,0
bfcc830e-44d8-4051-94da-68558b03562b,user_12,410.75,books,2025-12-05 23:10:55,CN,desktop,0
6c375c4e-d63d-40b3-8f7e-883cd662c35c,user_20,72.99,electronics,2025-12-05 23:10:55,US,mobile,0
7253ce96-3bb8-42bc-8d38-98fde9310793,user_20,674.07,gaming,2025-12-05 23:10:55,CN,mobile,0
78a2019a-16c9-4120-81ec-25c870ca8cbb,user_11,1761.87,gaming,2025-12-05 23:10:55,US,mobile,1
cb86f2ad-71b5-460e-aec2-39746bf6afea,user_2,244.34,gaming,2025-12-05 23:10:55,FR,desktop,0
a25259c5-5875-4a94-a025-f3090e6cb624,user_14,93.22,clothing,2025-12-05 23:10:55,DE,tablet,0
31bd21e0-8433-4b58-bd60-ef9f7cb8aeaa,user_17,363.77,electronics,2025-12-05 23:10:55,RU,tablet,0
894005e8-a45a-430a-ab60-eb17a2eec17b,user_14,560.57,clothing,2025-12-05 23:10:55,US,mobile,0
ff3fbc5f-b36e-4a9c-8074-d9f083eca43d,user_12,1212.92,books,2025-12-05 23:10:55,FR,tablet,0
8f9a2201-c3b6-4797-92a4-4fb29db42879,user_13,1026.2,electronics,2025-12-05 23:10:55,DE,desktop,1
fc7e4a38-9526-4c07-817c-7e1c9b40fd19,user_20,1879.08,books,2025-12-05 23:10:55,RU,desktop,0
9650139d-ba48-49ad-ba0a-000afed6356d,user_1,305.17,home,2025-12-05 23:10:55,US,desktop,0
cab5eec4-dd1a-48a1-800f-a2e7524c397a,user_13,1868.5,electronics,2025-12-05 23:10:55,US,mobile,1
242d06c2-0de9-43e1-ae1a-05d3ae4eb0f8,user_7,1058.46,gaming,2025-12-05 23:10:55,RU,mobile,0
c8a4666e-f40f-4d15-9941-0084889c2e92,user_16,893.46,home,2025-12-05 23:10:55,RU,mobile,0
6a814b0a-7593-401b-9fb8-8dbee5ab4fd5,user_4,50.75,home,2025-12-05 23:10:55,RU,desktop,0
60b81915-b42b-470d-b19d-f55b06c76ede,user_7,1779.19,electronics,2025-12-05 23:10:55,DE,tablet,1
742cdea9-c795-4803-9029-8c59b8b76c18,user_9,120.83,home,2025-12-05 23:10:55,DE,mobile,0
a6c5f604-6b99-472b-b554-7c7739920a76,user_9,1219.34,electronics,2025-12-05 23:10:55,FR,tablet,1
fe0ca4d5-1e27-461e-b510-c9d7b81ccca1,user_8,989.17,home,2025-12-05 23:10:55,CN,mobile,0
e4b33e12-2841-4ad8-b333-b8ed53fb30f5,user_14,858.21,gaming,2025-12-05 23:10:55,DE,desktop,0
9c7b7b56-7cad-4226-9100-8d40a34486f4,user_15,1162.7,gaming,2025-12-05 23:10:55,DE,tablet,0
d65e3571-bbc0-4d8c-be07-90e5dd9ec5e0,user_6,312.63,clothing,2025-12-05 23:10:55,DE,mobile,0
b17aef67-3b9e-4e68-b24c-f8e914df98aa,user_15,1401.97,clothing,2025-12-05 23:10:55,DE,desktop,0
cf7d829d-5a91-42fd-9ad7-c8e412c0e2f1,user_6,1298.37,home,2025-12-05 23:10:55,CN,tablet,0
98552554-2e10-4aff-8078-93c1b061d91f,user_4,1786.11,gaming,2025-12-05 23:10:55,RU,mobile,1
8c01bdce-0a91-44f4-adb3-8239b78a6da3,user_2,1958.02,gaming,2025-12-05 23:10:55,CN,mobile,1
e0cc4f16-2514-4537-826c-92acb78af7f4,user_8,570.07,home,2025-12-05 23:10:55,CN,tablet,0
a491f4ce-8cd6-4030-9a50-273f05ab986f,user_12,244.39,electronics,2025-12-05 23:10:55,CN,desktop,0
91c12d5b-ac03-42cc-bf69-452a1310b77b,user_10,849.51,electronics,2025-12-05 23:10:55,US,tablet,0
cbf51ad2-8ae5-44de-a1c1-230b685c3e84,user_17,431.31,gaming,2025-12-05 23:10:55,US,tablet,0
8b183d24-3f5c-4831-af47-c61a6d411a34,user_5,1241.42,home,2025-12-05 23:10:55,US,mobile,0
895528be-3b14-4f6d-bed8-21fd4958c3e9,user_3,629.9,electronics,2025-12-05 23:10:55,DE,tablet,0
0f3eaf20-48aa-4447-9cef-f1572f08282b,user_18,653.32,clothing,2025-12-05 23:10:55,CN,desktop,0
d2bd9ee7-cb64-400b-9d51-7f4d2c0bec93,user_19,98.0,home,2025-12-05 23:10:55,FR,mobile,0
53f1b44d-f4be-4dad-96ef-498c5ba2263f,user_2,160.5,books,2025-12-05 23:10:55,CN,mobile,0
6d820276-87f7-407f-b1b5-08c33113dc3d,user_3,1037.31,books,2025-12-05 23:10:55,CN,mobile,0
fd505630-f8c7-4fb0-87b7-c0bb13efa623,user_2,590.47,gaming,2025-12-05 23:10:55,RU,desktop,0
cb97e249-d72b-4c5c-97a6-f1aade820696,user_5,142.7,gaming,2025-12-05 23:10:55,RU,desktop,0
e04bede1-962d-4803-8937-36d0c6b2f7fc,user_19,403.48,electronics,2025-12-05 23:10:55,DE,tablet,0
28e65987-3c57-4820-bead-9d509e782cd7,user_4,1479.04,home,2025-12-05 23:10:55,DE,mobile,0
1aa66895-e487-4525-bb60-27c30719d930,user_12,1699.68,home,2025-12-05 23:10:55,FR,tablet,0
2424aac8-b10c-4513-8c57-4739708fc64d,user_14,1280.0,home,2025-12-05 23:10:55,RU,desktop,0
9b32ff1f-0943-40ee-b384-c7bb734b7f76,user_3,977.68,clothing,2025-12-05 23:10:55,CN,tablet,0
3005f8a7-866d-4265-ad30-1be6fd3b66ef,user_2,1821.77,electronics,2025-12-05 23:10:55,US,tablet,1
d845ce6c-ee89-4bef-a516-12362e59d115,user_10,771.79,electronics,2025-12-05 23:10:55,US,tablet,0
faa040af-7e39-4fd5-ae14-09ee8de0c3d0,user_15,577.75,home,2025-12-05 23:10:55,FR,desktop,0
6a1aeca5-955e-4e8a-80a5-2d0f635a18d6,user_6,1250.09,books,2025-12-05 23:10:55,DE,desktop,0
2ff4c745-f093-4a77-beeb-ddfd258f1d06,user_13,1643.71,electronics,2025-12-05 23:10:55,FR,desktop,1
8ecf554c-20f7-4302-aeca-76dc45d0a38c,user_14,1365.46,electronics,2025-12-05 23:10:55,CN,desktop,1
7609f829-e40c-4fef-8e74-ad54e99f1c0c,user_6,452.27,clothing,2025-12-05 23:10:55,CN,tablet,0
4ec27909-cded-4535-bdf0-b93511a5c102,user_14,1956.08,electronics,2025-12-05 23:10:55,FR,mobile,1
6cffa950-2f71-43fd-909d-f49990afa35d,user_6,1556.95,electronics,2025-12-05 23:10:55,US,tablet,1
88038b24-5a9c-4926-b88f-0e5db5f14a26,user_7,210.27,books,2025-12-05 23:10:55,DE,tablet,0
14a258b3-bdca-4ba1-98dc-3a662dfc8d70,user_5,336.09,home,2025-12-05 23:10:55,US,tablet,0
287b6ace-5831-4a32-aef2-d0724fac63d7,user_15,1788.36,home,2025-12-05 23:10:55,FR,mobile,0
66135782-44fe-4fa4-b93f-3f5cab4b9c77,user_18,151.02,electronics,2025-12-05 23:10:55,FR,desktop,0
532d1682-88e6-48fe-a7a8-8aa53ad4756d,user_12,1458.84,books,2025-12-05 23:10:55,DE,desktop,0
ef970dce-bc8e-4a3d-ba90-380b4b9571fa,user_2,1757.89,home,2025-12-05 23:10:55,FR,desktop,0
655d1186-d170-478c-bf0d-50d2570cd013,user_10,1348.08,home,2025-12-05 23:10:55,FR,tablet,0
2388742f-842c-4a04-8b41-d0413d4987d2,user_11,78.55,home,2025-12-05 23:10:55,CN,tablet,0
f2241b4d-c88b-4872-9d8a-2fa2dbadfc8a,user_18,1503.05,clothing,2025-12-05 23:10:55,DE,mobile,0
93a280e6-8437-4d5f-876d-2e01ccefcc9c,user_9,1114.75,books,2025-12-05 23:10:55,DE,tablet,0
6b1a1e6f-0486-4c69-b032-eb9459b84e70,user_5,474.6,home,2025-12-05 23:10:55,RU,mobile,0
c35cb4d9-2d49-4daa-8fd2-356bd1b6172d,user_15,1578.49,books,2025-12-05 23:10:55,RU,tablet,0
8280ad4f-5c15-4a4a-8fab-24822df13e6a,user_19,1984.89,home,2025-12-05 23:10:55,CN,mobile,0
3f82b62c-a519-4cda-b241-577baefa6485,user_19,509.85,books,2025-12-05 23:10:55,FR,tablet,0
22d601ce-9965-4896-af9e-07d04c33f69e,user_15,1397.28,electronics,2025-12-05 23:10:55,CN,mobile,1
ae5a3f79-1ff4-4fd3-bb82-d848d0dd9fe2,user_20,1079.04,books,2025-12-05 23:10:55,DE,desktop,0
c09e0502-e030-4bd0-b970-bb6f8a28cc78,user_19,131.27,books,2025-12-05 23:10:55,FR,tablet,0
7d3cd055-d95f-4ad8-9cf6-b586c0d80035,user_12,97.53,clothing,2025-12-05 23:10:55,FR,mobile,0
72f106e1-3a45-44cd-a4de-bc2375bcf0b2,user_3,335.64,gaming,2025-12-05 23:10:55,RU,tablet,0
7f8bb858-3ce0-4358-a03e-818a2568f4ca,user_5,509.34,home,2025-12-05 23:10:55,DE,desktop,0
0e2ad9c8-3e44-48a4-88a1-e1cb29382733,user_12,809.19,home,2025-12-05 23:10:55,DE,mobile,0
04d3ee70-051e-45d3-ad03-31f57cc21a21,user_14,1569.42,gaming,2025-12-05 23:10:55,RU,mobile,1
3eaf9fe8-0ee3-44c7-9ee7-c9c71ed10b53,user_3,661.29,books,2025-12-05 23:10:55,RU,mobile,0
27a666e3-60a3-459a-857c-c19d792cca31,user_14,300.69,home,2025-12-05 23:10:55,FR,tablet,0
942eab69-ccfd-40d8-9246-bc9fbd995ba6,user_15,792.44,electronics,2025-12-05 23:10:55,DE,tablet,0
5eb88f3c-ca81-4aa6-880e-c7bb8afad8cf,user_9,1071.83,gaming,2025-12-05 23:10:55,RU,mobile,0
068372af-e9fd-4127-b77f-a0b288254984,user_8,1548.41,clothing,2025-12-05 23:10:55,US,desktop,0
f685843b-7780-4f46-be73-6a68a6c37c5d,user_13,843.01,books,2025-12-05 23:10:55,DE,mobile,0
d671ed34-b4c1-400c-b445-e44217c6a540,user_19,547.79,clothing,2025-12-05 23:10:55,FR,tablet,0
e29b1d45-91ad-46de-a5b5-5e70b7147922,user_9,651.09,electronics,2025-12-05 23:10:55,DE,mobile,0
3d23d137-38f4-4ff5-a002-7cd7ce17fe5a,user_6,1330.67,clothing,2025-12-05 23:10:55,US,desktop,0
278f2b6a-ffaf-4852-bf4e-b6ef69164c43,user_13,1799.14,gaming,2025-12-05 23:10:55,US,tablet,0
7f65faa3-3086-4a21-9e9a-0272cc7da518,user_12,937.97,electronics,2025-12-05 23:10:55,DE,mobile,0
8ccff827-4590-4d4f-a531-fcc9a896b1b5,user_11,540.5,gaming,2025-12-05 23:10:55,RU,mobile,0
d235f7b7-1a6d-4dc4-bfbf-424494361eb8,user_7,718.1,home,2025-12-05 23:10:55,RU,mobile,0
1ec9de30-bb1c-459d-968e-ed5df8660d85,user_20,42.96,electronics,2025-12-05 23:10:55,RU,desktop,0
54ec8809-79cb-43b5-8e4e-45b941f1fc33,user_19,462.25,clothing,2025-12-05 23:10:55,US,mobile,0
f24666f4-1cc6-4c84-b6a8-28fae305534a,user_17,60.49,electronics,2025-12-05 23:10:55,US,mobile,0
a21c76b4-ad6c-4fdf-ab76-d2b9616447e1,user_11,590.21,books,2025-12-05 23:10:55,US,desktop,0
b00caf6c-c9ef-49ba-bcd0-bf225b54e9f3,user_2,690.32,books,2025-12-05 23:10:55,CN,mobile,0
2570ca15-070e-4abe-a0f2-29f704909f12,user_1,1837.89,clothing,2025-12-05 23:10:55,US,mobile,0
ed43dce0-f819-4dcf-91b8-cd435d80c9f5,user_10,1934.03,books,2025-12-05 23:10:55,FR,desktop,0
f74f5622-712c-4b1c-b99e-dda00fa0cae8,user_6,1921.09,books,2025-12-05 23:10:55,DE,mobile,0
da01cc33-2f27-4fcd-b23a-d5b265bd5c74,user_7,1292.23,electronics,2025-12-05 23:10:55,DE,tablet,1
fcafecbe-a82d-4723-92b2-d29f398ae152,user_2,565.91,clothing,2025-12-05 23:10:55,CN,tablet,0
e27b5d19-6b82-4f04-a3e9-691c79ecdcf9,user_3,1666.01,clothing,2025-12-05 23:10:55,RU,tablet,0
87ceb83a-0006-4760-9a33-d8d613e6ecc8,user_17,312.03,home,2025-12-05 23:10:55,DE,tablet,0
a5ec9175-698b-44d0-a2d0-ca8a43413164,user_16,1534.06,electronics,2025-12-05 23:10:55,FR,mobile,1
69e12bfa-bdd1-4ead-8ab3-359781a0d9c2,user_6,818.41,home,2025-12-05 23:10:55,DE,mobile,0
433cb346-a0d6-4cf4-b38b-6ccd2b176008,user_2,1848.47,books,2025-12-05 23:10:55,CN,tablet,0
6561c5d5-68cc-4df4-81e7-682174df372f,user_6,292.85,electronics,2025-12-05 23:10:55,US,tablet,0
17aa6392-6850-4353-b474-b786d47e3dc3,user_4,1484.92,electronics,2025-12-05 23:10:55,CN,desktop,1
ca8c4001-d2ff-425e-9530-05cd52dc3aab,user_18,1406.18,gaming,2025-12-05 23:10:55,FR,tablet,0
015d862f-f9b7-40ce-84e3-95240302bf25,user_17,1908.08,clothing,2025-12-05 23:10:55,RU,tablet,0
f67bbb10-ae44-4872-905a-c67b7df31c3c,user_16,1911.68,home,2025-12-05 23:10:55,FR,mobile,0
8b870e47-cc43-4800-b1bb-0a4f327ed9a7,user_17,257.62,home,2025-12-05 23:10:55,DE,desktop,0
c770c101-8211-4835-9571-87aa7a7e7f4b,user_9,324.7,gaming,2025-12-05 23:10:55,RU,tablet,0
50eb740f-ccc0-4417-aee0-b7e46e27aefa,user_17,320.47,clothing,2025-12-05 23:10:55,CN,tablet,0
ef80e0ea-6094-4cf3-8198-290d5f24ff62,user_7,471.15,clothing,2025-12-05 23:10:55,CN,desktop,0
9ff5dfd2-f6c8-4bc2-8d68-5a537cf5e4e0,user_7,299.6,books,2025-12-05 23:10:55,CN,tablet,0
233af1bc-a68d-456e-960e-01746a659019,user_3,313.2,books,2025-12-05 23:10:55,RU,tablet,0
7468c218-bb57-4065-a8f7-da33ebaacfa6,user_14,1516.34,electronics,2025-12-05 23:10:55,DE,desktop,1
d41740c1-79ca-4430-9ee4-b4ea4a9b8235,user_17,1509.48,clothing,2025-12-05 23:10:55,CN,desktop,0
297ea687-6411-493d-bace-a9918f7305a9,user_14,237.88,electronics,2025-12-05 23:10:55,US,desktop,0
db6d4d34-ee86-4765-80e5-df937de0f3f3,user_19,1118.41,clothing,2025-12-05 23:10:55,RU,tablet,0
70f0961a-3224-4118-b509-fdc2dc6b9f46,user_9,700.59,electronics,2025-12-05 23:10:55,CN,desktop,0
9f305475-c4b8-4d9f-9f7d-ade949d623e4,user_13,418.18,clothing,2025-12-05 23:10:55,CN,mobile,0
4d13b9b7-e9f6-462c-a3bc-3ea774557944,user_18,1112.05,gaming,2025-12-05 23:10:55,US,mobile,0
3ff681d7-43b4-4bdb-940c-aab01281e649,user_6,681.6,electronics,2025-12-05 23:10:55,DE,mobile,0
a7e8a72e-19b0-40a1-9e66-76a3a39a6e1c,user_9,1545.16,books,2025-12-05 23:10:55,RU,mobile,0
c2cb4f96-b7a2-4a4f-aa23-a5f200313cdf,user_4,1719.35,electronics,2025-12-05 23:10:55,RU,tablet,1
099e032a-8389-4cfd-bfb3-c1a8a5e404b7,user_19,1355.82,clothing,2025-12-05 23:10:55,FR,mobile,0
12bdd651-5b13-4c38-b5aa-52f510ebb08f,user_8,607.5,gaming,2025-12-05 23:10:55,US,tablet,0
3ba0569d-c51c-4c23-883f-abb599443704,user_4,1046.04,gaming,2025-12-05 23:10:55,RU,mobile,0
34a04c5d-1c59-4e48-8937-773a201e587a,user_12,1361.29,books,2025-12-05 23:10:55,DE,tablet,0
3e43ede1-fd9c-4ce9-9a80-61edfa6c572c,user_16,443.87,gaming,2025-12-05 23:10:55,DE,mobile,0
19dce94e-1512-434b-b4c2-16db57d00a49,user_4,1.76,books,2025-12-05 23:10:55,RU,tablet,0
9a81dceb-e449-42fe-8883-846b25f25d13,user_6,761.3,home,2025-12-05 23:10:55,DE,mobile,0
fdbc2bc6-f179-4918-82ac-6d6073ff767a,user_15,1161.29,gaming,2025-12-05 23:10:55,FR,tablet,0
d3a8a5c0-de2e-453f-996a-42eeff67bccb,user_17,1688.26,books,2025-12-05 23:10:55,CN,desktop,0
69c81301-920f-466b-ad84-b82f243b7723,user_13,885.93,clothing,2025-12-05 23:10:55,RU,tablet,0
2654d425-768e-469e-8252-b3b71e53aa19,user_4,191.12,books,2025-12-05 23:10:55,FR,desktop,0
9dde3532-e4ee-40f7-834f-572806d0ea2d,user_7,24.75,gaming,2025-12-05 23:10:55,US,mobile,0
6124c075-bdf6-4040-bebe-bef8a7b71c72,user_9,1490.85,books,2025-12-05 23:10:55,DE,desktop,0
488189b1-bc8e-4ac9-806b-e77fe6b1acfa,user_1,244.72,gaming,2025-12-05 23:10:55,FR,tablet,0
704f13f7-ebb6-464f-8391-be6751f83ac3,user_9,1727.35,gaming,2025-12-05 23:10:55,FR,mobile,1
17a587fa-a600-49fc-b886-d08e35d3652c,user_17,1977.82,gaming,2025-12-05 23:10:55,CN,mobile,1
3446bd36-8e39-45a7-bbc8-25ccaf805c1c,user_1,1482.4,books,2025-12-05 23:10:55,RU,tablet,0
56c8875c-7fc8-4abc-bab0-0a7fef03009d,user_15,620.85,books,2025-12-05 23:10:55,CN,mobile,0
a72b3d7c-930e-440d-aad0-3bdc51826189,user_11,1043.21,clothing,2025-12-05 23:10:55,RU,desktop,0
41a39660-eb77-4435-bd3c-83bbf43e2c33,user_1,450.98,home,2025-12-05 23:10:55,DE,mobile,0
5f392fc5-7b4f-44f0-9790-5e1bbd72e5eb,user_7,408.71,clothing,2025-12-05 23:10:55,US,mobile,0
dc374e84-8da8-4d49-9107-aa895a1450e2,user_5,499.79,clothing,2025-12-05 23:10:55,RU,desktop,0
4661c2fa-3113-42d5-92a7-1f1e47d32fb6,user_8,109.23,electronics,2025-12-05 23:10:55,FR,tablet,0
82a19d6f-0b42-4b29-8ea0-2517744c8afb,user_5,284.94,clothing,2025-12-05 23:10:55,US,desktop,0
ca9a4315-719a-402c-981a-8b660f8130f6,user_16,527.18,home,2025-12-05 23:10:55,RU,mobile,0
d27ca190-d18e-414f-8fc6-bd33744bf55c,user_5,625.66,clothing,2025-12-05 23:10:55,CN,mobile,0
af40d972-c9e9-404e-accf-64988c26c4d3,user_14,402.53,clothing,2025-12-05 23:10:55,CN,mobile,0
b2e7c38c-5ae2-4aee-ad74-0261a15c3887,user_4,1011.66,clothing,2025-12-05 23:10:55,US,tablet,0
a90384f5-c3da-4600-b960-b39a3134ce62,user_9,418.25,books,2025-12-05 23:10:55,CN,tablet,0
faa06d0d-462d-46b3-bc36-1e7186176ffb,user_7,189.94,electronics,2025-12-05 23:10:55,US,mobile,0
2380cf01-644b-4ff3-b7f3-6bca69def431,user_3,1901.61,electronics,2025-12-05 23:10:55,US,desktop,1
c8310a6d-6b2b-4944-8df4-7a76108fa272,user_13,1288.32,clothing,2025-12-05 23:10:55,US,tablet,0
cfe15f03-910c-48f1-a6a1-e8f0cf70a52e,user_5,1222.67,electronics,2025-12-05 23:10:55,DE,tablet,1
f5490e90-28ee-41c2-81ed-630682375df9,user_17,1058.57,home,2025-12-05 23:10:55,RU,mobile,0
6329bca2-a5f5-4225-8ca7-e6c4bb7ca677,user_10,496.82,gaming,2025-12-05 23:10:55,DE,desktop,0
865586a1-8e09-48cd-94c1-1bd7b2e3e390,user_20,1531.58,home,2025-12-05 23:10:55,CN,mobile,0
ffcd9bc4-d916-4c2a-a112-eff7319e5a7f,user_13,1930.59,books,2025-12-05 23:10:55,DE,desktop,0
6148942e-3c9a-4aac-b69b-affeb916580b,user_14,1663.52,clothing,2025-12-05 23:10:55,DE,tablet,0
6dea3ca7-4a77-4771-918f-085cd8c34522,user_8,1167.99,books,2025-12-05 23:10:55,RU,desktop,0
47359daf-1ebd-4cca-a189-aa598a5dd700,user_19,1715.39,clothing,2025-12-05 23:10:55,DE,mobile,0
ddbd4be7-4ef6-43de-aaa4-6e84af9f6844,user_17,1798.75,home,2025-12-05 23:10:55,CN,tablet,0
6f7c77a4-1c94-4edf-bb03-d178cd042622,user_12,244.65,gaming,2025-12-05 23:10:55,US,mobile,0
97df0f7c-c4f7-4c4a-92be-d3d9222567a5,user_16,1255.11,gaming,2025-12-05 23:10:55,DE,mobile,0
81d1d113-b1f3-4d61-bd6c-491792eb7de4,user_20,504.14,home,2025-12-05 23:10:55,DE,tablet,0
879a58b2-c7a8-4e9c-8d3c-8ec04f0b8315,user_6,1028.1,home,2025-12-05 23:10:55,RU,tablet,0
f8c31645-5d64-4cd0-b67c-7ca2e4399bee,user_13,1121.3,home,2025-12-05 23:10:55,US,tablet,0
ff0ead1e-d34d-46bc-bb62-482c7002583b,user_12,271.39,electronics,2025-12-05 23:10:55,DE,mobile,0
81722be4-9e18-4796-a5d3-ad3b9a9b6983,user_3,1583.14,gaming,2025-12-05 23:10:55,US,mobile,1
03022050-d867-446e-b5a0-65a2feeb3d25,user_14,1345.56,gaming,2025-12-05 23:10:55,FR,tablet,0
57b95d8e-df6e-4be8-898c-3a95840a5b74,user_11,207.0,home,2025-12-05 23:10:55,FR,desktop,0
267f1f4e-f890-49cf-be7b-7d85f3bac477,user_8,161.37,books,2025-12-05 23:10:55,DE,mobile,0
2dc9e862-e897-47b4-b623-839fb08018cc,user_4,1275.35,clothing,2025-12-05 23:10:55,CN,desktop,0
e07a25c3-43a7-4534-b30d-e0130c92a376,user_10,770.69,clothing,2025-12-05 23:10:55,DE,mobile,0
4d69bd30-569a-4d58-b92a-8663e3a4c706,user_7,1589.75,clothing,2025-12-05 23:10:55,DE,desktop,0
46445846-ea41-4f8b-b82b-0088f2cfe4f5,user_15,156.27,clothing,2025-12-05 23:10:55,RU,desktop,0
4e842c0a-5a52-4ea9-9b9c-f22f719ad7cf,user_12,477.8,home,2025-12-05 23:10:55,CN,desktop,0
5e34a194-076b-49d6-98e4-70843fc6ae33,user_15,947.81,books,2025-12-05 23:10:55,CN,mobile,0
8f7f20f4-a91c-498e-998d-42a412708fc7,user_15,1609.4,clothing,2025-12-05 23:10:55,US,desktop,0
371f0918-484f-4229-981c-d5f9cc290f87,user_10,697.05,gaming,2025-12-05 23:10:55,DE,tablet,0
1ac179da-ed57-4479-916e-17a65b0b0f70,user_10,1335.48,books,2025-12-05 23:10:55,US,desktop,0
28c61f91-3ede-4eeb-8081-3e759b06b247,user_20,183.88,books,2025-12-05 23:10:55,RU,tablet,0
6300b17b-92fb-4044-bb99-4a99de058067,user_7,1231.91,books,2025-12-05 23:10:55,RU,mobile,0
e6b057bc-bf57-405e-beec-9095a3abaad4,user_5,1092.34,gaming,2025-12-05 23:10:55,US,desktop,0
ae218c5f-618d-4b80-a5bd-01fea90b56fa,user_2,536.4,gaming,2025-12-05 23:10:55,RU,mobile,0
a22261c1-39de-40b6-9407-784efeed3a30,user_14,1580.21,books,2025-12-05 23:10:55,US,mobile,0
12a28e39-06b3-49e5-9e72-ef2728f236fa,user_1,1699.5,books,2025-12-05 23:10:55,US,tablet,0
290874d9-d9a0-4bf3-b7a8-e85cf8bcc61c,user_14,1042.65,clothing,2025-12-05 23:10:55,DE,tablet,0
5d017d80-b810-4258-aec0-2e11132909b3,user_7,1875.86,clothing,2025-12-05 23:10:55,US,desktop,0
8210dcfd-5d37-48d3-81d1-564640de2f3b,user_18,1476.24,gaming,2025-12-05 23:10:55,RU,tablet,0
248f66f3-d3f4-408a-a460-5fc23f6348a5,user_1,1862.42,books,2025-12-05 23:10:55,CN,desktop,0
015fbed6-05f7-4c0a-95f2-7cf1d0180d3f,user_5,728.88,books,2025-12-05 23:10:55,US,tablet,0
05a914ab-d6f8-42dd-8e30-aaeac7603ab4,user_2,296.1,gaming,2025-12-05 23:10:55,FR,desktop,0
6be11051-6726-4976-86f0-e88df1a2e9d8,user_1,606.68,electronics,2025-12-05 23:10:55,DE,desktop,0
cc4fee81-d6cc-45b7-9a91-a6f5fa1f459c,user_18,538.94,gaming,2025-12-05 23:10:55,RU,desktop,0
ad113f40-a6dd-42dd-85dd-6ad28e04930e,user_4,1566.22,home,2025-12-05 23:10:55,CN,desktop,0
24163131-ac43-4e71-8723-42213281c1b3,user_16,1755.17,books,2025-12-05 23:10:55,US,tablet,0
2bc396c2-78f1-4dda-a6c9-24cc48f75bbe,user_4,720.55,clothing,2025-12-05 23:10:55,CN,desktop,0
c2ee6647-b38e-49af-8c05-44d9ba82b670,user_15,933.95,clothing,2025-12-05 23:10:55,FR,tablet,0
52af51ff-01ef-4205-a552-021c740e0eeb,user_4,130.04,home,2025-12-05 23:10:55,DE,mobile,0
e05d6565-c788-4a89-989d-3b41950ad5ee,user_4,613.13,electronics,2025-12-05 23:10:55,DE,mobile,0
d405addc-76fb-4e5b-bf44-17b7ec60ca26,user_2,1857.95,gaming,2025-12-05 23:10:55,US,desktop,0
ac318ed8-5aaa-4863-9837-268f8ae125af,user_6,281.82,books,2025-12-05 23:10:55,DE,desktop,0
d7da87c9-36b1-4244-952a-b9e8ee3b490d,user_11,1037.38,clothing,2025-12-05 23:10:55,FR,desktop,0
989712ec-bf5d-4046-8e20-bf7c7d6962ae,user_6,1361.64,home,2025-12-05 23:10:55,CN,desktop,0
8f896e75-7842-4f5d-9750-8aa257bb9bea,user_15,1640.15,electronics,2025-12-05 23:10:55,RU,tablet,1
c2168776-46e6-404a-ac43-735170a1ec4d,user_12,834.34,home,2025-12-05 23:10:55,RU,desktop,0
758ebab5-c607-4ed7-8e36-00c8d877fa3f,user_10,68.79,electronics,2025-12-05 23:10:55,FR,tablet,0
a587d365-1b8b-4945-b057-015b9c0a218d,user_20,1426.19,books,2025-12-05 23:10:55,FR,mobile,0
751386ac-4dc9-4e6a-8d1d-050b6afdfce2,user_5,1107.28,gaming,2025-12-05 23:10:55,CN,mobile,0
4ae4c028-b3ba-453c-b6bc-72907181ccbb,user_17,435.31,electronics,2025-12-05 23:10:55,FR,desktop,0
dd27f4ab-7247-47f4-89b6-379dc90679d2,user_9,168.22,home,2025-12-05 23:10:55,DE,desktop,0
65fab1d2-af31-44c6-8014-9132e64f2c6d,user_6,1937.54,electronics,2025-12-05 23:10:55,US,mobile,1
e671f0a5-4502-4917-a4bb-33c49e357fbc,user_2,1582.58,home,2025-12-05 23:10:55,RU,mobile,0
051bf814-1960-490a-a04d-949de4a6a135,user_3,1569.44,home,2025-12-05 23:10:55,CN,tablet,0
70fc2e67-f276-4c37-ab82-e67cda80bf2b,user_10,82.7,home,2025-12-05 23:10:55,US,desktop,0
925bbbe0-deb0-4a8a-9e79-9094a7209299,user_19,815.05,books,2025-12-05 23:10:55,DE,mobile,0
934337f5-8698-4444-a108-fe12770518ce,user_19,613.49,clothing,2025-12-05 23:10:55,US,desktop,0
ea1523b6-501c-49b4-9a82-56a6db24424e,user_7,1637.49,gaming,2025-12-05 23:10:55,CN,mobile,1
c8d061ec-30a4-4506-8a50-f365fa39a603,user_1,819.01,electronics,2025-12-05 23:10:55,CN,tablet,0
1a0b3d7c-484a-4eb7-bced-2cafc7163154,user_19,67.24,gaming,2025-12-05 23:10:55,CN,desktop,0
98737334-fbf0-46e3-b05d-3027b9e73132,user_1,299.11,clothing,2025-12-05 23:10:55,RU,desktop,0
4be9c7a7-dcca-4d88-a20b-b6d44d4cf42d,user_13,1095.21,clothing,2025-12-05 23:10:55,US,tablet,0
9874287f-9b38-4eef-961c-29b3a1b1fcc9,user_20,1015.63,home,2025-12-05 23:10:55,CN,tablet,0
8b7721a4-f963-4193-9d54-d12bae319d5d,user_10,902.83,clothing,2025-12-05 23:10:55,DE,tablet,0
29c16529-c113-4cd9-8489-198a439ae7c3,user_10,836.17,clothing,2025-12-05 23:10:55,DE,desktop,0
13d8bee2-ae30-4c4e-bc00-256289588e83,user_12,1398.06,gaming,2025-12-05 23:10:55,FR,mobile,0
56958bc9-1553-41e6-85cd-0b00261b57e3,user_13,103.26,clothing,2025-12-05 23:10:55,US,mobile,0
02b79f90-bcfe-40d3-a72f-6523749ae791,user_18,1796.94,books,2025-12-05 23:10:55,CN,desktop,0
c0f6730a-9ade-41c4-839f-fc9cfec1dbc5,user_4,435.39,clothing,2025-12-05 23:10:55,FR,desktop,0
76c5563e-f9c1-4bd6-9dfe-ca33a9e63f9a,user_4,977.95,books,2025-12-05 23:10:55,CN,desktop,0
ddf653b0-82e9-4f85-ad37-ea3d6bca54e1,user_12,908.19,clothing,2025-12-05 23:10:55,CN,mobile,0
91ecb507-be68-4589-9d6f-65ff119e78dc,user_4,1211.59,electronics,2025-12-05 23:10:55,US,desktop,1
e1a0cd8f-0ee4-4f83-8484-3e2f6dfed89c,user_9,1889.6,gaming,2025-12-05 23:10:55,FR,mobile,1
3677733b-438f-4808-baf8-2a4cbe88568f,user_11,1503.3,books,2025-12-05 23:10:55,US,mobile,0
13208ec7-c86c-4012-8fb0-93920273ab46,user_17,697.05,gaming,2025-12-05 23:10:55,DE,desktop,0
f24fa2cd-0772-4ab1-9b43-ea24ba1fbcc5,user_8,1289.12,gaming,2025-12-05 23:10:55,FR,desktop,0
8644c3b4-413b-4943-8643-432f8b5750a8,user_18,714.49,clothing,2025-12-05 23:10:55,FR,tablet,0
8b6031cf-ceb8-4930-acb8-bfcc5edbac75,user_10,372.38,clothing,2025-12-05 23:10:55,FR,tablet,0
8958f85c-7fb8-46fa-9530-c9ded6eb1970,user_14,564.28,gaming,2025-12-05 23:10:55,CN,tablet,0
3c5ce875-4ca6-4f0a-b6e4-3484a75925a1,user_9,1598.03,electronics,2025-12-05 23:10:55,US,mobile,1
5a8db45b-ce42-4f35-a2a2-3701f8270fee,user_3,383.64,gaming,2025-12-05 23:10:55,RU,tablet,0
616f7ffa-7f6f-46b5-921a-bf162ea9254a,user_4,1679.62,electronics,2025-12-05 23:10:55,RU,desktop,1
6c7ee476-ea0f-49e1-9655-0df8cf3023f8,user_18,208.22,electronics,2025-12-05 23:10:55,DE,mobile,0
24151a18-b910-4f07-8b7f-84a41ca9cc30,user_12,1135.21,home,2025-12-05 23:10:55,FR,desktop,0
1426fe84-321d-4ebe-a7da-148e90194ad4,user_16,103.69,home,2025-12-05 23:10:55,RU,desktop,0
e734825b-f582-4cd5-ba02-b647ed8192c7,user_12,1848.44,books,2025-12-05 23:10:55,CN,mobile,0
7421e505-b81e-4487-b0b6-dc80aa414dc4,user_3,154.89,clothing,2025-12-05 23:10:55,FR,desktop,0
c283f84c-f126-4c51-a030-4ab6a7f1b15a,user_15,1783.86,books,2025-12-05 23:10:55,US,tablet,0
ceb2362e-2d29-44a2-872e-876dd6910ff4,user_10,868.1,books,2025-12-05 23:10:55,US,tablet,0
d43b54d9-5271-4f0f-b9b5-e0bba6e1d99d,user_2,1477.95,clothing,2025-12-05 23:10:55,RU,tablet,0
9e9d5a32-ff5b-4da3-b5ec-ced359e5b2d7,user_2,889.92,clothing,2025-12-05 23:10:55,CN,mobile,0
c14cc311-536a-43f9-a6b8-81c1c74a9b2a,user_17,1394.46,electronics,2025-12-05 23:10:55,RU,mobile,1
2d104905-a7c8-49d5-9139-66608628827a,user_7,810.63,clothing,2025-12-05 23:10:55,FR,tablet,0
479ac1cb-5700-43f6-a752-acd5940d5c6e,user_5,1907.64,clothing,2025-12-05 23:10:55,DE,desktop,0
7409bd89-7999-4f8c-bfd9-2375aed9acd1,user_19,1633.56,electronics,2025-12-05 23:10:55,US,desktop,1
eccd6865-6ce0-46ba-885b-bb4b415297d1,user_7,208.25,electronics,2025-12-05 23:10:55,CN,desktop,0
786c7564-de08-4736-b2ab-6de0673170d1,user_5,265.85,clothing,2025-12-05 23:10:55,DE,mobile,0
13dcc906-d142-47b0-8a3c-25324d6ab119,user_4,625.94,home,2025-12-05 23:10:55,CN,desktop,0
bec32d02-ab00-4a0d-aa3b-512faa6bf544,user_11,76.37,home,2025-12-05 23:10:55,RU,tablet,0
b30c584d-1a73-4392-864b-e101c383336c,user_18,457.18,gaming,2025-12-05 23:10:55,DE,mobile,0
6a8c9c2e-1c00-4d45-af9f-c9dda64a9c6b,user_11,835.29,home,2025-12-05 23:10:55,RU,desktop,0
31e2b41e-299a-4764-a2b8-0b64f16aec95,user_14,491.32,gaming,2025-12-05 23:10:55,CN,mobile,0
0ca88321-bcb4-46dd-afef-6f9308be833c,user_9,1565.95,books,2025-12-05 23:10:55,RU,mobile,0
c022d462-95e1-4146-a47a-4888e9f658e9,user_6,377.37,electronics,2025-12-05 23:10:55,FR,desktop,0
cb91ea46-87c2-44d0-886c-42007f0506d7,user_1,1352.19,home,2025-12-05 23:10:55,DE,tablet,0
1a138a6c-2a2f-4251-ac8e-c0b045d7dff0,user_6,1271.41,electronics,2025-12-05 23:10:55,CN,tablet,1
b8d33177-e17d-4774-a8dc-a3ac1aa6177b,user_1,1504.01,gaming,2025-12-05 23:10:55,FR,mobile,1
e917f950-58cf-4c8f-8aa3-99a7bc2d0c2e,user_7,315.4,clothing,2025-12-05 23:10:55,RU,desktop,0
5c710cc7-924a-4b91-84fd-07189f3f37dd,user_7,1495.21,electronics,2025-12-05 23:10:55,CN,tablet,1
3c5b41fd-dd28-479f-9083-8c9dbb5174ad,user_16,226.71,clothing,2025-12-05 23:10:55,FR,desktop,0
7a11827e-2deb-494d-9175-021a4082255e,user_5,549.71,books,2025-12-05 23:10:55,RU,desktop,0
7efaec72-5d05-4209-9cf3-95e4d198327e,user_19,874.71,electronics,2025-12-05 23:10:55,US,mobile,0
038e172b-fe60-4a28-b068-0aff01843ac6,user_18,566.71,books,2025-12-05 23:10:55,CN,tablet,0
b227af67-109f-40ce-8c51-98d555238bce,user_10,176.95,home,2025-12-05 23:10:55,US,desktop,0
b25be217-9880-4627-833d-fecf52a4287d,user_13,336.11,clothing,2025-12-05 23:10:55,CN,desktop,0
c2c0fd2a-11ce-4225-b0ea-ce742d99aaf0,user_20,465.14,gaming,2025-12-05 23:10:55,RU,desktop,0
747446a4-4020-465c-81ff-d34e1080d70a,user_8,625.96,clothing,2025-12-05 23:10:55,CN,desktop,0
5e6bd772-d21c-413a-8845-07368c5928a1,user_17,477.21,gaming,2025-12-05 23:10:55,FR,desktop,0
e2743550-8eb5-40e3-a02f-e8270bf8b9e4,user_9,1398.66,home,2025-12-05 23:10:55,FR,tablet,0
6eccd37a-9ab7-4c80-813a-15dd0551102f,user_2,1844.17,gaming,2025-12-05 23:10:55,RU,mobile,1
7ab961e4-bef4-4823-b96f-557853391eeb,user_13,548.65,electronics,2025-12-05 23:10:55,FR,mobile,0
d996db4b-748a-41df-a990-1dcb7d183e94,user_15,1657.26,electronics,2025-12-05 23:10:55,DE,desktop,1
0f84f993-218c-45ac-9685-235ce73c4873,user_4,915.9,gaming,2025-12-05 23:10:55,US,tablet,0
b0cf7d97-432b-4e1e-a155-2de93074dca1,user_8,1447.86,electronics,2025-12-05 23:10:55,US,desktop,1
25470d82-ef3c-4e0b-a57b-f55909ad6247,user_12,51.26,clothing,2025-12-05 23:10:55,FR,desktop,0
abca02ca-0c32-4b9b-a1a3-bb039579aaf9,user_1,1452.83,books,2025-12-05 23:10:55,CN,tablet,0
4577aa4e-5f2b-4693-936d-743aa01535e3,user_10,1931.1,gaming,2025-12-05 23:10:55,DE,desktop,0
e7c5eb81-9c29-4928-9de1-59a02de8784e,user_19,1654.46,home,2025-12-05 23:10:55,DE,tablet,0
b9617fd6-c0e9-484a-9d5b-fdefd350538d,user_1,447.73,gaming,2025-12-05 23:10:55,RU,desktop,0
1801a19b-c617-4d13-8fae-1b0bca83ccb2,user_3,1930.87,clothing,2025-12-05 23:10:55,FR,tablet,0
a51f8953-b305-4572-88b7-990ab2e3a4bf,user_12,266.71,clothing,2025-12-05 23:10:55,DE,mobile,0
f8e5bc10-543b-4341-8647-161ffd51cd9d,user_3,1355.94,clothing,2025-12-05 23:10:55,CN,desktop,0
da83d192-f51f-4890-ae76-938724569f31,user_3,245.04,books,2025-12-05 23:10:55,FR,desktop,0
62dda77a-c3d3-4e6d-96bc-8efce79ab403,user_10,1886.13,clothing,2025-12-05 23:10:55,DE,desktop,0
6316a4bd-427d-45fb-a7ee-de170768de7f,user_16,1457.48,home,2025-12-05 23:10:55,DE,mobile,0
bde19e9b-e2cc-4d6f-88fc-ddfd4b80a4b3,user_20,737.96,gaming,2025-12-05 23:10:55,CN,mobile,0
8d5b4c15-79cc-40c4-9278-e05c44a817e4,user_14,1618.26,home,2025-12-05 23:10:55,US,desktop,0
624e2072-bb5f-4cd2-8572-cb7977cb9506,user_1,640.53,gaming,2025-12-05 23:10:55,FR,mobile,0
c7e3e16c-e7f4-4e2b-b2b6-dc0c29e2340d,user_12,56.84,clothing,2025-12-05 23:10:55,DE,mobile,0
31822541-fbd1-4e4d-ad6a-4b3f39dfe848,user_10,1247.97,books,2025-12-05 23:10:55,FR,desktop,0
e6fc727d-1e0c-47df-9459-11b5dd7b3a7d,user_15,302.31,books,2025-12-05 23:10:55,RU,mobile,0
d68ce030-62dc-4acb-8055-7ca30e79d26b,user_16,204.78,books,2025-12-05 23:10:55,FR,tablet,0
50932cff-d8b8-485d-8d8d-f4d4e2eb2ca8,user_15,1957.94,books,2025-12-05 23:10:55,DE,desktop,0
286f13a5-4d9b-433b-bc1d-468cd9d9798f,user_18,784.41,clothing,2025-12-05 23:10:55,US,tablet,0
0f38b6e6-d7d7-467f-80bc-e3ecd67b7745,user_9,369.69,home,2025-12-05 23:10:55,DE,desktop,0
d972b05a-e2d1-4bb3-9cfb-2b06371ba564,user_9,1420.06,electronics,2025-12-05 23:10:55,US,tablet,1
ee3bcd1f-0a3a-4f27-9265-9a56ff534bf9,user_1,725.85,clothing,2025-12-05 23:10:55,FR,desktop,0
e4be5843-5012-4ccd-876d-096e7cc241d1,user_16,1431.17,books,2025-12-05 23:10:55,FR,desktop,0
21b13fa3-80eb-46b3-a68c-ea10900ffbb8,user_2,246.61,books,2025-12-05 23:10:55,FR,desktop,0
0cc70222-026a-45fd-ac2e-ad0c4f60d0df,user_10,194.86,gaming,2025-12-05 23:10:55,DE,tablet,0
b3009a0f-bbbb-4f09-a870-f744a0a12ede,user_15,996.1,home,2025-12-05 23:10:55,CN,desktop,0
3f6972f1-6a5a-46f8-a698-13687d07863c,user_18,752.13,books,2025-12-05 23:10:55,CN,mobile,0
6b088e7a-e8bd-4e72-8079-8bba041ba23a,user_13,1685.96,clothing,2025-12-05 23:10:55,CN,mobile,0
cee9e031-322d-4b83-bac5-34f77fcf5010,user_5,1997.42,books,2025-12-05 23:10:55,FR,desktop,0
534d438b-f05b-420b-b693-6420681cf39e,user_4,18.65,gaming,2025-12-05 23:10:55,CN,mobile,0
0169a041-dcd6-4667-a136-1d4adf432c04,user_16,1993.61,home,2025-12-05 23:10:55,DE,tablet,0
f7b0acdc-ba33-47e2-b405-52cf6bd93036,user_19,1358.37,clothing,2025-12-05 23:10:55,FR,mobile,0
11470f4c-f2d9-4d26-8b73-be18893e2747,user_14,1547.69,home,2025-12-05 23:10:55,US,desktop,0
3c97bb63-d5a5-4979-b5a7-aef48d92e822,user_10,690.28,electronics,2025-12-05 23:10:55,CN,mobile,0
94f99619-8c46-49c9-a048-ebaaefd89c63,user_13,1431.53,books,2025-12-05 23:10:55,RU,mobile,0
7508bfda-c313-4a1b-9a3b-709c35b89c45,user_10,1521.4,clothing,2025-12-05 23:10:55,CN,desktop,0
7462497d-2ea2-4739-b64d-afb088d8f196,user_19,11.91,clothing,2025-12-05 23:10:55,FR,mobile,0
6cc37886-2f42-44d9-87aa-5a7248847dfe,user_7,1804.63,clothing,2025-12-05 23:10:55,DE,desktop,0
36400416-1712-471c-83c4-84aadd37d97f,user_11,470.35,electronics,2025-12-05 23:10:55,US,mobile,0
3343a158-465a-409d-8de7-a610b1904d29,user_13,1488.92,gaming,2025-12-05 23:10:55,RU,mobile,0
a09f5405-4459-4e14-802a-e85618bed14f,user_10,1823.54,home,2025-12-05 23:10:55,DE,tablet,0
2ef498ea-8ebf-46f5-8913-eb1008181e60,user_12,1547.49,gaming,2025-12-05 23:10:55,FR,desktop,0
7006bdca-1003-4e60-9141-3fbc98888c90,user_2,306.12,clothing,2025-12-05 23:10:55,CN,mobile,0
d3831562-3a1b-42fc-b75f-61a884138e0f,user_7,728.57,books,2025-12-05 23:10:55,DE,mobile,0
e3a0d38d-5ade-48a2-9295-517e666ef43a,user_2,1555.02,books,2025-12-05 23:10:55,DE,mobile,0
ff15a643-060d-4e82-aeee-3544101a5aa1,user_7,1053.03,gaming,2025-12-05 23:10:55,US,tablet,0
b9d71449-72d6-4050-b634-b8a575b41cd1,user_3,960.64,electronics,2025-12-05 23:10:55,FR,tablet,0
90981f4e-6f9b-44f7-af9b-6e1098e15714,user_17,342.04,clothing,2025-12-05 23:10:55,CN,mobile,0
bb8dde65-6478-45cf-b432-0213708a25b3,user_1,573.01,gaming,2025-12-05 23:10:55,US,mobile,0
4108404a-b50f-45b5-be88-c97891373634,user_10,242.92,gaming,2025-12-05 23:10:55,RU,mobile,0
a805ebd5-cade-41e4-879e-59c7b5f41733,user_6,1531.59,gaming,2025-12-05 23:10:55,DE,mobile,1
b0b37aee-d661-4392-84c0-0446752b37bb,user_12,1754.99,home,2025-12-05 23:10:55,CN,tablet,0
096afd5f-48d4-48ea-957a-1fc33d45b38a,user_12,658.87,home,2025-12-05 23:10:55,CN,mobile,0
9eaadb31-248e-4eea-9c1d-1c7c63f219b1,user_5,530.78,clothing,2025-12-05 23:10:55,RU,tablet,0
0765bae4-df83-413a-a57c-e19add37dcf7,user_9,86.82,home,2025-12-05 23:10:55,RU,desktop,0
01704ca1-5518-42f9-8ef3-e27de815e601,user_1,284.85,clothing,2025-12-05 23:10:55,RU,desktop,0
465e3fcf-4fc5-4c78-96e0-04a86dd587b6,user_17,1870.92,home,2025-12-05 23:10:55,RU,desktop,0
7f486c71-9ead-4deb-8eb7-a6ca2a7ab340,user_14,73.47,gaming,2025-12-05 23:10:55,CN,desktop,0
1f19a0c0-6c40-46c9-a1c2-e9bdd56aa1ee,user_13,196.45,books,2025-12-05 23:10:55,DE,tablet,0
d3d7109d-ea69-465a-82b3-4f0a0a17e780,user_8,719.73,electronics,2025-12-05 23:10:55,DE,desktop,0
c1bb3038-6fb3-4482-b3fc-55646f238fb3,user_16,914.7,electronics,2025-12-05 23:10:55,CN,mobile,0
735f7b7b-b619-4236-b8ec-ccb5d79a6486,user_1,849.58,gaming,2025-12-05 23:10:55,RU,mobile,0
1edacb07-b5fa-47a3-a0e5-ae43b4f69b0e,user_4,1748.85,clothing,2025-12-05 23:10:55,CN,mobile,0
09ce5090-c6ac-4754-ac76-4c1548a775fa,user_14,338.1,electronics,2025-12-05 23:10:55,FR,mobile,0
12552f40-92fc-43bc-9cd4-011592c1e111,user_7,1273.27,gaming,2025-12-05 23:10:55,US,mobile,0
0dcba410-ddd5-4742-bd28-41b558c9838f,user_10,1258.05,gaming,2025-12-05 23:10:55,DE,tablet,0
c3efc405-6d2c-47d0-afba-f4be675038e6,user_1,1298.43,electronics,2025-12-05 23:10:55,CN,desktop,1
0a843be3-2934-4cc3-b109-6e7812f6de61,user_11,848.13,clothing,2025-12-05 23:10:55,FR,tablet,0
1a581b87-bd36-4311-a137-0a63c3ee9916,user_19,330.14,electronics,2025-12-05 23:10:55,CN,tablet,0
7c1838f3-10a7-4e18-a2dc-c832d199adde,user_18,600.7,clothing,2025-12-05 23:10:55,FR,mobile,0
5d7e3fab-2dac-43ec-afd1-474b99118e2c,user_15,1801.75,books,2025-12-05 23:10:55,CN,desktop,0
61136bbc-7fb3-4792-b49f-75f0f0b4569a,user_5,710.74,clothing,2025-12-05 23:10:55,US,tablet,0
0e5922c4-54f8-4547-8291-32d3cdd0cae1,user_14,1887.57,clothing,2025-12-05 23:10:55,US,desktop,0
83bd7ec3-72d6-4dd1-bb5f-f6e9005e72bf,user_11,1571.58,books,2025-12-05 23:10:55,US,tablet,0
af24cecd-1be2-4821-8f35-10da56e81792,user_14,1776.11,clothing,2025-12-05 23:10:55,CN,desktop,0
9db486b2-fc3b-4d06-be9a-4420eee1d392,user_11,949.06,books,2025-12-05 23:10:55,FR,tablet,0
dc0ecde8-cf70-4adf-9b3c-11ec0a078f60,user_10,625.56,electronics,2025-12-05 23:10:55,DE,tablet,0
fd0c0888-3198-4c4e-be44-ee1863821c30,user_1,651.61,clothing,2025-12-05 23:10:55,DE,mobile,0
ebe80191-f761-4375-bc39-bf6f588a36e5,user_16,1529.98,books,2025-12-05 23:10:55,DE,desktop,0
4ff08005-ec78-4eda-8395-be5024b86f62,user_18,885.83,clothing,2025-12-05 23:10:55,DE,tablet,0
defdd514-ebf6-4e2b-a8fb-2ed1e8c79e28,user_2,316.8,clothing,2025-12-05 23:10:55,RU,desktop,0
fa073646-36c2-45f7-9abc-0f0d82df716a,user_8,737.28,electronics,2025-12-05 23:10:55,RU,mobile,0
d516e25e-6083-4a80-a801-bf88b3dc04fb,user_11,1509.48,electronics,2025-12-05 23:10:55,FR,mobile,1
5429eae1-8403-4f7c-9af2-8f3c4a9afdd1,user_20,1265.38,gaming,2025-12-05 23:10:55,DE,tablet,0
7684b283-719e-480a-a2f1-8c95a5df8685,user_6,314.36,books,2025-12-05 23:10:55,RU,tablet,0
9d7c2820-49c9-4836-84c3-22d75890db37,user_12,861.86,books,2025-12-05 23:10:55,CN,mobile,0
093ffdb7-2a0a-451d-9edb-1f5fa5d753bd,user_10,851.13,gaming,2025-12-05 23:10:55,RU,desktop,0
8d298a90-5afe-4a5d-aff1-f31bd77083e5,user_16,529.44,clothing,2025-12-05 23:10:55,CN,mobile,0
ef1aeb5b-2839-4cce-b8b2-28fac4d9ca3b,user_5,1892.31,gaming,2025-12-05 23:10:55,RU,mobile,1
e1ac9896-32fc-4cb7-abbd-53d033d3492b,user_18,1258.44,clothing,2025-12-05 23:10:55,CN,mobile,0
3eda57df-83b9-4444-a508-109645960fe6,user_8,1264.22,electronics,2025-12-05 23:10:55,US,tablet,1
315d9fbf-1284-485f-baf7-cbcde7b3a17f,user_20,1458.25,clothing,2025-12-05 23:10:55,CN,desktop,0
d4b9db66-bbaf-4ed6-8877-d2387dedf8d0,user_8,800.31,home,2025-12-05 23:10:55,RU,mobile,0
9e4682eb-04b0-4357-a69a-f4af64820ec3,user_5,852.02,electronics,2025-12-05 23:10:55,CN,tablet,0
3b608dde-ce79-4c9c-a57c-0fa08c2db011,user_8,1010.81,books,2025-12-05 23:10:55,FR,tablet,0
cafc29c6-6439-4751-b2dd-7e6eb7cc5e1f,user_19,171.71,gaming,2025-12-05 23:10:55,DE,tablet,0
c7a2b1b7-3d36-48cd-8147-ef029a78ad7e,user_8,870.36,gaming,2025-12-05 23:10:55,US,mobile,0
7598b773-de4d-442e-a2a9-93aa9178cc7a,user_7,1635.75,gaming,2025-12-05 23:10:55,FR,tablet,0
bf35a03e-8883-4ef6-9616-5b29050ae6b2,user_15,930.12,books,2025-12-05 23:10:55,RU,tablet,0
20230c94-7cc9-4a61-bfa2-d514dd301f6e,user_11,1672.16,home,2025-12-05 23:10:55,CN,tablet,0
b70d607d-723f-45a3-b0d8-b74c21d803f9,user_11,1878.68,clothing,2025-12-05 23:10:55,US,tablet,0
85f736aa-b983-4db2-924e-33acb0e56a0c,user_2,338.71,gaming,2025-12-05 23:10:55,RU,mobile,0
a717fd1a-b20c-4d77-bd73-e6760ab23592,user_11,747.19,home,2025-12-05 23:10:55,US,tablet,0
141431e5-9e20-4d85-985b-5d528af74f4c,user_10,1655.59,books,2025-12-05 23:10:55,FR,tablet,0
d2ce79f7-d7ed-43c0-af17-c1b7fc596eb8,user_7,1743.71,electronics,2025-12-05 23:10:55,US,tablet,1
55ed85e7-f524-4cbf-b847-187584fd9ba7,user_2,1837.0,electronics,2025-12-05 23:10:55,FR,mobile,1
32573a44-3ccc-45dd-a1f8-e7b30619da30,user_5,443.73,gaming,2025-12-05 23:10:55,CN,tablet,0
8417bca7-a18b-4e3c-861a-bd83982df20f,user_19,1402.02,home,2025-12-05 23:10:55,RU,mobile,0
ebd64ffc-cebb-492d-8fa0-ea56752b5173,user_19,685.46,electronics,2025-12-05 23:10:55,RU,desktop,0
fba6ed75-36f4-477b-9a55-285e63c3af24,user_8,56.11,books,2025-12-05 23:10:55,CN,tablet,0
c08c6c5b-c3c9-4f1f-9ffd-546f6af7acb3,user_13,439.37,books,2025-12-05 23:10:55,FR,tablet,0
d35dae2a-61b4-4092-a67e-e144ce0f9325,user_11,662.63,clothing,2025-12-05 23:10:55,RU,desktop,0
6b041086-fed4-4f7f-a2ff-8a76d3e1d1ea,user_18,26.57,books,2025-12-05 23:10:55,FR,tablet,0
ca34172f-5ba0-4395-b704-f43d87bc6069,user_13,1493.48,home,2025-12-05 23:10:55,CN,desktop,0
58d917ee-b4a1-4d00-84c3-b2c4cf8036d4,user_16,301.77,books,2025-12-05 23:10:55,DE,tablet,0
9a32601f-78fd-4fc2-8c2e-d1c27dcfb01e,user_16,1402.33,clothing,2025-12-05 23:10:55,CN,mobile,0
6785ce68-2737-4424-891a-4baf2090bd77,user_16,74.95,clothing,2025-12-05 23:10:55,RU,mobile,0
1e7edf31-36eb-49bd-8728-f63ad776f414,user_10,1246.0,home,2025-12-05 23:10:55,RU,tablet,0
6f6870f9-be55-4101-a264-130ff61628d1,user_15,586.97,books,2025-12-05 23:10:55,DE,tablet,0
6fb64899-bbc1-486d-8df0-8960e455a7a3,user_16,370.37,gaming,2025-12-05 23:10:55,US,desktop,0
